date,open,close,deadline,final_at,break_start,break_end
2020-01-02,2020-01-02 01:30:00+00:00,2020-01-02 08:00:00+00:00,2020-01-02 01:00:00+00:00,2020-01-02 08:15:00+00:00,2020-01-02 04:00:00+00:00,2020-01-02 05:00:00+00:00
2020-01-03,2020-01-03 01:30:00+00:00,2020-01-03 08:00:00+00:00,2020-01-03 01:00:00+00:00,2020-01-03 08:15:00+00:00,2020-01-03 04:00:00+00:00,2020-01-03 05:00:00+00:00
2020-01-06,2020-01-06 01:30:00+00:00,2020-01-06 08:00:00+00:00,2020-01-06 01:00:00+00:00,2020-01-06 08:15:00+00:00,2020-01-06 04:00:00+00:00,2020-01-06 05:00:00+00:00
2020-01-07,2020-01-07 01:30:00+00:00,2020-01-07 08:00:00+00:00,2020-01-07 01:00:00+00:00,2020-01-07 08:15:00+00:00,2020-01-07 04:00:00+00:00,2020-01-07 05:00:00+00:00
2020-01-08,2020-01-08 01:30:00+00:00,2020-01-08 08:00:00+00:00,2020-01-08 01:00:00+00:00,2020-01-08 08:15:00+00:00,2020-01-08 04:00:00+00:00,2020-01-08 05:00:00+00:00
2020-01-09,2020-01-09 01:30:00+00:00,2020-01-09 08:00:00+00:00,2020-01-09 01:00:00+00:00,2020-01-09 08:15:00+00:00,2020-01-09 04:00:00+00:00,2020-01-09 05:00:00+00:00
2020-01-10,2020-01-10 01:30:00+00:00,2020-01-10 08:00:00+00:00,2020-01-10 01:00:00+00:00,2020-01-10 08:15:00+00:00,2020-01-10 04:00:00+00:00,2020-01-10 05:00:00+00:00
2020-01-13,2020-01-13 01:30:00+00:00,2020-01-13 08:00:00+00:00,2020-01-13 01:00:00+00:00,2020-01-13 08:15:00+00:00,2020-01-13 04:00:00+00:00,2020-01-13 05:00:00+00:00
2020-01-14,2020-01-14 01:30:00+00:00,2020-01-14 08:00:00+00:00,2020-01-14 01:00:00+00:00,2020-01-14 08:15:00+00:00,2020-01-14 04:00:00+00:00,2020-01-14 05:00:00+00:00
2020-01-15,2020-01-15 01:30:00+00:00,2020-01-15 08:00:00+00:00,2020-01-15 01:00:00+00:00,2020-01-15 08:15:00+00:00,2020-01-15 04:00:00+00:00,2020-01-15 05:00:00+00:00
2020-01-16,2020-01-16 01:30:00+00:00,2020-01-16 08:00:00+00:00,2020-01-16 01:00:00+00:00,2020-01-16 08:15:00+00:00,2020-01-16 04:00:00+00:00,2020-01-16 05:00:00+00:00
2020-01-17,2020-01-17 01:30:00+00:00,2020-01-17 08:00:00+00:00,2020-01-17 01:00:00+00:00,2020-01-17 08:15:00+00:00,2020-01-17 04:00:00+00:00,2020-01-17 05:00:00+00:00
2020-01-20,2020-01-20 01:30:00+00:00,2020-01-20 08:00:00+00:00,2020-01-20 01:00:00+00:00,2020-01-20 08:15:00+00:00,2020-01-20 04:00:00+00:00,2020-01-20 05:00:00+00:00
2020-01-21,2020-01-21 01:30:00+00:00,2020-01-21 08:00:00+00:00,2020-01-21 01:00:00+00:00,2020-01-21 08:15:00+00:00,2020-01-21 04:00:00+00:00,2020-01-21 05:00:00+00:00
2020-01-22,2020-01-22 01:30:00+00:00,2020-01-22 08:00:00+00:00,2020-01-22 01:00:00+00:00,2020-01-22 08:15:00+00:00,2020-01-22 04:00:00+00:00,2020-01-22 05:00:00+00:00
2020-01-23,2020-01-23 01:30:00+00:00,2020-01-23 08:00:00+00:00,2020-01-23 01:00:00+00:00,2020-01-23 08:15:00+00:00,2020-01-23 04:00:00+00:00,2020-01-23 05:00:00+00:00
2020-01-24,2020-01-24 01:30:00+00:00,2020-01-24 04:00:00+00:00,2020-01-24 01:00:00+00:00,2020-01-24 04:15:00+00:00,,
2020-01-29,2020-01-29 01:30:00+00:00,2020-01-29 08:00:00+00:00,2020-01-29 01:00:00+00:00,2020-01-29 08:15:00+00:00,2020-01-29 04:00:00+00:00,2020-01-29 05:00:00+00:00
2020-01-30,2020-01-30 01:30:00+00:00,2020-01-30 08:00:00+00:00,2020-01-30 01:00:00+00:00,2020-01-30 08:15:00+00:00,2020-01-30 04:00:00+00:00,2020-01-30 05:00:00+00:00
2020-01-31,2020-01-31 01:30:00+00:00,2020-01-31 08:00:00+00:00,2020-01-31 01:00:00+00:00,2020-01-31 08:15:00+00:00,2020-01-31 04:00:00+00:00,2020-01-31 05:00:00+00:00
2020-02-03,2020-02-03 01:30:00+00:00,2020-02-03 08:00:00+00:00,2020-02-03 01:00:00+00:00,2020-02-03 08:15:00+00:00,2020-02-03 04:00:00+00:00,2020-02-03 05:00:00+00:00
2020-02-04,2020-02-04 01:30:00+00:00,2020-02-04 08:00:00+00:00,2020-02-04 01:00:00+00:00,2020-02-04 08:15:00+00:00,2020-02-04 04:00:00+00:00,2020-02-04 05:00:00+00:00
2020-02-05,2020-02-05 01:30:00+00:00,2020-02-05 08:00:00+00:00,2020-02-05 01:00:00+00:00,2020-02-05 08:15:00+00:00,2020-02-05 04:00:00+00:00,2020-02-05 05:00:00+00:00
2020-02-06,2020-02-06 01:30:00+00:00,2020-02-06 08:00:00+00:00,2020-02-06 01:00:00+00:00,2020-02-06 08:15:00+00:00,2020-02-06 04:00:00+00:00,2020-02-06 05:00:00+00:00
2020-02-07,2020-02-07 01:30:00+00:00,2020-02-07 08:00:00+00:00,2020-02-07 01:00:00+00:00,2020-02-07 08:15:00+00:00,2020-02-07 04:00:00+00:00,2020-02-07 05:00:00+00:00
2020-02-10,2020-02-10 01:30:00+00:00,2020-02-10 08:00:00+00:00,2020-02-10 01:00:00+00:00,2020-02-10 08:15:00+00:00,2020-02-10 04:00:00+00:00,2020-02-10 05:00:00+00:00
2020-02-11,2020-02-11 01:30:00+00:00,2020-02-11 08:00:00+00:00,2020-02-11 01:00:00+00:00,2020-02-11 08:15:00+00:00,2020-02-11 04:00:00+00:00,2020-02-11 05:00:00+00:00
2020-02-12,2020-02-12 01:30:00+00:00,2020-02-12 08:00:00+00:00,2020-02-12 01:00:00+00:00,2020-02-12 08:15:00+00:00,2020-02-12 04:00:00+00:00,2020-02-12 05:00:00+00:00
2020-02-13,2020-02-13 01:30:00+00:00,2020-02-13 08:00:00+00:00,2020-02-13 01:00:00+00:00,2020-02-13 08:15:00+00:00,2020-02-13 04:00:00+00:00,2020-02-13 05:00:00+00:00
2020-02-14,2020-02-14 01:30:00+00:00,2020-02-14 08:00:00+00:00,2020-02-14 01:00:00+00:00,2020-02-14 08:15:00+00:00,2020-02-14 04:00:00+00:00,2020-02-14 05:00:00+00:00
2020-02-17,2020-02-17 01:30:00+00:00,2020-02-17 08:00:00+00:00,2020-02-17 01:00:00+00:00,2020-02-17 08:15:00+00:00,2020-02-17 04:00:00+00:00,2020-02-17 05:00:00+00:00
2020-02-18,2020-02-18 01:30:00+00:00,2020-02-18 08:00:00+00:00,2020-02-18 01:00:00+00:00,2020-02-18 08:15:00+00:00,2020-02-18 04:00:00+00:00,2020-02-18 05:00:00+00:00
2020-02-19,2020-02-19 01:30:00+00:00,2020-02-19 08:00:00+00:00,2020-02-19 01:00:00+00:00,2020-02-19 08:15:00+00:00,2020-02-19 04:00:00+00:00,2020-02-19 05:00:00+00:00
2020-02-20,2020-02-20 01:30:00+00:00,2020-02-20 08:00:00+00:00,2020-02-20 01:00:00+00:00,2020-02-20 08:15:00+00:00,2020-02-20 04:00:00+00:00,2020-02-20 05:00:00+00:00
2020-02-21,2020-02-21 01:30:00+00:00,2020-02-21 08:00:00+00:00,2020-02-21 01:00:00+00:00,2020-02-21 08:15:00+00:00,2020-02-21 04:00:00+00:00,2020-02-21 05:00:00+00:00
2020-02-24,2020-02-24 01:30:00+00:00,2020-02-24 08:00:00+00:00,2020-02-24 01:00:00+00:00,2020-02-24 08:15:00+00:00,2020-02-24 04:00:00+00:00,2020-02-24 05:00:00+00:00
2020-02-25,2020-02-25 01:30:00+00:00,2020-02-25 08:00:00+00:00,2020-02-25 01:00:00+00:00,2020-02-25 08:15:00+00:00,2020-02-25 04:00:00+00:00,2020-02-25 05:00:00+00:00
2020-02-26,2020-02-26 01:30:00+00:00,2020-02-26 08:00:00+00:00,2020-02-26 01:00:00+00:00,2020-02-26 08:15:00+00:00,2020-02-26 04:00:00+00:00,2020-02-26 05:00:00+00:00
2020-02-27,2020-02-27 01:30:00+00:00,2020-02-27 08:00:00+00:00,2020-02-27 01:00:00+00:00,2020-02-27 08:15:00+00:00,2020-02-27 04:00:00+00:00,2020-02-27 05:00:00+00:00
2020-02-28,2020-02-28 01:30:00+00:00,2020-02-28 08:00:00+00:00,2020-02-28 01:00:00+00:00,2020-02-28 08:15:00+00:00,2020-02-28 04:00:00+00:00,2020-02-28 05:00:00+00:00
2020-03-02,2020-03-02 01:30:00+00:00,2020-03-02 08:00:00+00:00,2020-03-02 01:00:00+00:00,2020-03-02 08:15:00+00:00,2020-03-02 04:00:00+00:00,2020-03-02 05:00:00+00:00
2020-03-03,2020-03-03 01:30:00+00:00,2020-03-03 08:00:00+00:00,2020-03-03 01:00:00+00:00,2020-03-03 08:15:00+00:00,2020-03-03 04:00:00+00:00,2020-03-03 05:00:00+00:00
2020-03-04,2020-03-04 01:30:00+00:00,2020-03-04 08:00:00+00:00,2020-03-04 01:00:00+00:00,2020-03-04 08:15:00+00:00,2020-03-04 04:00:00+00:00,2020-03-04 05:00:00+00:00
2020-03-05,2020-03-05 01:30:00+00:00,2020-03-05 08:00:00+00:00,2020-03-05 01:00:00+00:00,2020-03-05 08:15:00+00:00,2020-03-05 04:00:00+00:00,2020-03-05 05:00:00+00:00
2020-03-06,2020-03-06 01:30:00+00:00,2020-03-06 08:00:00+00:00,2020-03-06 01:00:00+00:00,2020-03-06 08:15:00+00:00,2020-03-06 04:00:00+00:00,2020-03-06 05:00:00+00:00
2020-03-09,2020-03-09 01:30:00+00:00,2020-03-09 08:00:00+00:00,2020-03-09 01:00:00+00:00,2020-03-09 08:15:00+00:00,2020-03-09 04:00:00+00:00,2020-03-09 05:00:00+00:00
2020-03-10,2020-03-10 01:30:00+00:00,2020-03-10 08:00:00+00:00,2020-03-10 01:00:00+00:00,2020-03-10 08:15:00+00:00,2020-03-10 04:00:00+00:00,2020-03-10 05:00:00+00:00
2020-03-11,2020-03-11 01:30:00+00:00,2020-03-11 08:00:00+00:00,2020-03-11 01:00:00+00:00,2020-03-11 08:15:00+00:00,2020-03-11 04:00:00+00:00,2020-03-11 05:00:00+00:00
2020-03-12,2020-03-12 01:30:00+00:00,2020-03-12 08:00:00+00:00,2020-03-12 01:00:00+00:00,2020-03-12 08:15:00+00:00,2020-03-12 04:00:00+00:00,2020-03-12 05:00:00+00:00
2020-03-13,2020-03-13 01:30:00+00:00,2020-03-13 08:00:00+00:00,2020-03-13 01:00:00+00:00,2020-03-13 08:15:00+00:00,2020-03-13 04:00:00+00:00,2020-03-13 05:00:00+00:00
2020-03-16,2020-03-16 01:30:00+00:00,2020-03-16 08:00:00+00:00,2020-03-16 01:00:00+00:00,2020-03-16 08:15:00+00:00,2020-03-16 04:00:00+00:00,2020-03-16 05:00:00+00:00
2020-03-17,2020-03-17 01:30:00+00:00,2020-03-17 08:00:00+00:00,2020-03-17 01:00:00+00:00,2020-03-17 08:15:00+00:00,2020-03-17 04:00:00+00:00,2020-03-17 05:00:00+00:00
2020-03-18,2020-03-18 01:30:00+00:00,2020-03-18 08:00:00+00:00,2020-03-18 01:00:00+00:00,2020-03-18 08:15:00+00:00,2020-03-18 04:00:00+00:00,2020-03-18 05:00:00+00:00
2020-03-19,2020-03-19 01:30:00+00:00,2020-03-19 08:00:00+00:00,2020-03-19 01:00:00+00:00,2020-03-19 08:15:00+00:00,2020-03-19 04:00:00+00:00,2020-03-19 05:00:00+00:00
2020-03-20,2020-03-20 01:30:00+00:00,2020-03-20 08:00:00+00:00,2020-03-20 01:00:00+00:00,2020-03-20 08:15:00+00:00,2020-03-20 04:00:00+00:00,2020-03-20 05:00:00+00:00
2020-03-23,2020-03-23 01:30:00+00:00,2020-03-23 08:00:00+00:00,2020-03-23 01:00:00+00:00,2020-03-23 08:15:00+00:00,2020-03-23 04:00:00+00:00,2020-03-23 05:00:00+00:00
2020-03-24,2020-03-24 01:30:00+00:00,2020-03-24 08:00:00+00:00,2020-03-24 01:00:00+00:00,2020-03-24 08:15:00+00:00,2020-03-24 04:00:00+00:00,2020-03-24 05:00:00+00:00
2020-03-25,2020-03-25 01:30:00+00:00,2020-03-25 08:00:00+00:00,2020-03-25 01:00:00+00:00,2020-03-25 08:15:00+00:00,2020-03-25 04:00:00+00:00,2020-03-25 05:00:00+00:00
2020-03-26,2020-03-26 01:30:00+00:00,2020-03-26 08:00:00+00:00,2020-03-26 01:00:00+00:00,2020-03-26 08:15:00+00:00,2020-03-26 04:00:00+00:00,2020-03-26 05:00:00+00:00
2020-03-27,2020-03-27 01:30:00+00:00,2020-03-27 08:00:00+00:00,2020-03-27 01:00:00+00:00,2020-03-27 08:15:00+00:00,2020-03-27 04:00:00+00:00,2020-03-27 05:00:00+00:00
2020-03-30,2020-03-30 01:30:00+00:00,2020-03-30 08:00:00+00:00,2020-03-30 01:00:00+00:00,2020-03-30 08:15:00+00:00,2020-03-30 04:00:00+00:00,2020-03-30 05:00:00+00:00
2020-03-31,2020-03-31 01:30:00+00:00,2020-03-31 08:00:00+00:00,2020-03-31 01:00:00+00:00,2020-03-31 08:15:00+00:00,2020-03-31 04:00:00+00:00,2020-03-31 05:00:00+00:00
2020-04-01,2020-04-01 01:30:00+00:00,2020-04-01 08:00:00+00:00,2020-04-01 01:00:00+00:00,2020-04-01 08:15:00+00:00,2020-04-01 04:00:00+00:00,2020-04-01 05:00:00+00:00
2020-04-02,2020-04-02 01:30:00+00:00,2020-04-02 08:00:00+00:00,2020-04-02 01:00:00+00:00,2020-04-02 08:15:00+00:00,2020-04-02 04:00:00+00:00,2020-04-02 05:00:00+00:00
2020-04-03,2020-04-03 01:30:00+00:00,2020-04-03 08:00:00+00:00,2020-04-03 01:00:00+00:00,2020-04-03 08:15:00+00:00,2020-04-03 04:00:00+00:00,2020-04-03 05:00:00+00:00
2020-04-06,2020-04-06 01:30:00+00:00,2020-04-06 08:00:00+00:00,2020-04-06 01:00:00+00:00,2020-04-06 08:15:00+00:00,2020-04-06 04:00:00+00:00,2020-04-06 05:00:00+00:00
2020-04-07,2020-04-07 01:30:00+00:00,2020-04-07 08:00:00+00:00,2020-04-07 01:00:00+00:00,2020-04-07 08:15:00+00:00,2020-04-07 04:00:00+00:00,2020-04-07 05:00:00+00:00
2020-04-08,2020-04-08 01:30:00+00:00,2020-04-08 08:00:00+00:00,2020-04-08 01:00:00+00:00,2020-04-08 08:15:00+00:00,2020-04-08 04:00:00+00:00,2020-04-08 05:00:00+00:00
2020-04-09,2020-04-09 01:30:00+00:00,2020-04-09 08:00:00+00:00,2020-04-09 01:00:00+00:00,2020-04-09 08:15:00+00:00,2020-04-09 04:00:00+00:00,2020-04-09 05:00:00+00:00
2020-04-14,2020-04-14 01:30:00+00:00,2020-04-14 08:00:00+00:00,2020-04-14 01:00:00+00:00,2020-04-14 08:15:00+00:00,2020-04-14 04:00:00+00:00,2020-04-14 05:00:00+00:00
2020-04-15,2020-04-15 01:30:00+00:00,2020-04-15 08:00:00+00:00,2020-04-15 01:00:00+00:00,2020-04-15 08:15:00+00:00,2020-04-15 04:00:00+00:00,2020-04-15 05:00:00+00:00
2020-04-16,2020-04-16 01:30:00+00:00,2020-04-16 08:00:00+00:00,2020-04-16 01:00:00+00:00,2020-04-16 08:15:00+00:00,2020-04-16 04:00:00+00:00,2020-04-16 05:00:00+00:00
2020-04-17,2020-04-17 01:30:00+00:00,2020-04-17 08:00:00+00:00,2020-04-17 01:00:00+00:00,2020-04-17 08:15:00+00:00,2020-04-17 04:00:00+00:00,2020-04-17 05:00:00+00:00
2020-04-20,2020-04-20 01:30:00+00:00,2020-04-20 08:00:00+00:00,2020-04-20 01:00:00+00:00,2020-04-20 08:15:00+00:00,2020-04-20 04:00:00+00:00,2020-04-20 05:00:00+00:00
2020-04-21,2020-04-21 01:30:00+00:00,2020-04-21 08:00:00+00:00,2020-04-21 01:00:00+00:00,2020-04-21 08:15:00+00:00,2020-04-21 04:00:00+00:00,2020-04-21 05:00:00+00:00
2020-04-22,2020-04-22 01:30:00+00:00,2020-04-22 08:00:00+00:00,2020-04-22 01:00:00+00:00,2020-04-22 08:15:00+00:00,2020-04-22 04:00:00+00:00,2020-04-22 05:00:00+00:00
2020-04-23,2020-04-23 01:30:00+00:00,2020-04-23 08:00:00+00:00,2020-04-23 01:00:00+00:00,2020-04-23 08:15:00+00:00,2020-04-23 04:00:00+00:00,2020-04-23 05:00:00+00:00
2020-04-24,2020-04-24 01:30:00+00:00,2020-04-24 08:00:00+00:00,2020-04-24 01:00:00+00:00,2020-04-24 08:15:00+00:00,2020-04-24 04:00:00+00:00,2020-04-24 05:00:00+00:00
2020-04-27,2020-04-27 01:30:00+00:00,2020-04-27 08:00:00+00:00,2020-04-27 01:00:00+00:00,2020-04-27 08:15:00+00:00,2020-04-27 04:00:00+00:00,2020-04-27 05:00:00+00:00
2020-04-28,2020-04-28 01:30:00+00:00,2020-04-28 08:00:00+00:00,2020-04-28 01:00:00+00:00,2020-04-28 08:15:00+00:00,2020-04-28 04:00:00+00:00,2020-04-28 05:00:00+00:00
2020-04-29,2020-04-29 01:30:00+00:00,2020-04-29 08:00:00+00:00,2020-04-29 01:00:00+00:00,2020-04-29 08:15:00+00:00,2020-04-29 04:00:00+00:00,2020-04-29 05:00:00+00:00
2020-05-04,2020-05-04 01:30:00+00:00,2020-05-04 08:00:00+00:00,2020-05-04 01:00:00+00:00,2020-05-04 08:15:00+00:00,2020-05-04 04:00:00+00:00,2020-05-04 05:00:00+00:00
2020-05-05,2020-05-05 01:30:00+00:00,2020-05-05 08:00:00+00:00,2020-05-05 01:00:00+00:00,2020-05-05 08:15:00+00:00,2020-05-05 04:00:00+00:00,2020-05-05 05:00:00+00:00
2020-05-06,2020-05-06 01:30:00+00:00,2020-05-06 08:00:00+00:00,2020-05-06 01:00:00+00:00,2020-05-06 08:15:00+00:00,2020-05-06 04:00:00+00:00,2020-05-06 05:00:00+00:00
2020-05-07,2020-05-07 01:30:00+00:00,2020-05-07 08:00:00+00:00,2020-05-07 01:00:00+00:00,2020-05-07 08:15:00+00:00,2020-05-07 04:00:00+00:00,2020-05-07 05:00:00+00:00
2020-05-08,2020-05-08 01:30:00+00:00,2020-05-08 08:00:00+00:00,2020-05-08 01:00:00+00:00,2020-05-08 08:15:00+00:00,2020-05-08 04:00:00+00:00,2020-05-08 05:00:00+00:00
2020-05-11,2020-05-11 01:30:00+00:00,2020-05-11 08:00:00+00:00,2020-05-11 01:00:00+00:00,2020-05-11 08:15:00+00:00,2020-05-11 04:00:00+00:00,2020-05-11 05:00:00+00:00
2020-05-12,2020-05-12 01:30:00+00:00,2020-05-12 08:00:00+00:00,2020-05-12 01:00:00+00:00,2020-05-12 08:15:00+00:00,2020-05-12 04:00:00+00:00,2020-05-12 05:00:00+00:00
2020-05-13,2020-05-13 01:30:00+00:00,2020-05-13 08:00:00+00:00,2020-05-13 01:00:00+00:00,2020-05-13 08:15:00+00:00,2020-05-13 04:00:00+00:00,2020-05-13 05:00:00+00:00
2020-05-14,2020-05-14 01:30:00+00:00,2020-05-14 08:00:00+00:00,2020-05-14 01:00:00+00:00,2020-05-14 08:15:00+00:00,2020-05-14 04:00:00+00:00,2020-05-14 05:00:00+00:00
2020-05-15,2020-05-15 01:30:00+00:00,2020-05-15 08:00:00+00:00,2020-05-15 01:00:00+00:00,2020-05-15 08:15:00+00:00,2020-05-15 04:00:00+00:00,2020-05-15 05:00:00+00:00
2020-05-18,2020-05-18 01:30:00+00:00,2020-05-18 08:00:00+00:00,2020-05-18 01:00:00+00:00,2020-05-18 08:15:00+00:00,2020-05-18 04:00:00+00:00,2020-05-18 05:00:00+00:00
2020-05-19,2020-05-19 01:30:00+00:00,2020-05-19 08:00:00+00:00,2020-05-19 01:00:00+00:00,2020-05-19 08:15:00+00:00,2020-05-19 04:00:00+00:00,2020-05-19 05:00:00+00:00
2020-05-20,2020-05-20 01:30:00+00:00,2020-05-20 08:00:00+00:00,2020-05-20 01:00:00+00:00,2020-05-20 08:15:00+00:00,2020-05-20 04:00:00+00:00,2020-05-20 05:00:00+00:00
2020-05-21,2020-05-21 01:30:00+00:00,2020-05-21 08:00:00+00:00,2020-05-21 01:00:00+00:00,2020-05-21 08:15:00+00:00,2020-05-21 04:00:00+00:00,2020-05-21 05:00:00+00:00
2020-05-22,2020-05-22 01:30:00+00:00,2020-05-22 08:00:00+00:00,2020-05-22 01:00:00+00:00,2020-05-22 08:15:00+00:00,2020-05-22 04:00:00+00:00,2020-05-22 05:00:00+00:00
2020-05-25,2020-05-25 01:30:00+00:00,2020-05-25 08:00:00+00:00,2020-05-25 01:00:00+00:00,2020-05-25 08:15:00+00:00,2020-05-25 04:00:00+00:00,2020-05-25 05:00:00+00:00
2020-05-26,2020-05-26 01:30:00+00:00,2020-05-26 08:00:00+00:00,2020-05-26 01:00:00+00:00,2020-05-26 08:15:00+00:00,2020-05-26 04:00:00+00:00,2020-05-26 05:00:00+00:00
2020-05-27,2020-05-27 01:30:00+00:00,2020-05-27 08:00:00+00:00,2020-05-27 01:00:00+00:00,2020-05-27 08:15:00+00:00,2020-05-27 04:00:00+00:00,2020-05-27 05:00:00+00:00
2020-05-28,2020-05-28 01:30:00+00:00,2020-05-28 08:00:00+00:00,2020-05-28 01:00:00+00:00,2020-05-28 08:15:00+00:00,2020-05-28 04:00:00+00:00,2020-05-28 05:00:00+00:00
2020-05-29,2020-05-29 01:30:00+00:00,2020-05-29 08:00:00+00:00,2020-05-29 01:00:00+00:00,2020-05-29 08:15:00+00:00,2020-05-29 04:00:00+00:00,2020-05-29 05:00:00+00:00
2020-06-01,2020-06-01 01:30:00+00:00,2020-06-01 08:00:00+00:00,2020-06-01 01:00:00+00:00,2020-06-01 08:15:00+00:00,2020-06-01 04:00:00+00:00,2020-06-01 05:00:00+00:00
2020-06-02,2020-06-02 01:30:00+00:00,2020-06-02 08:00:00+00:00,2020-06-02 01:00:00+00:00,2020-06-02 08:15:00+00:00,2020-06-02 04:00:00+00:00,2020-06-02 05:00:00+00:00
2020-06-03,2020-06-03 01:30:00+00:00,2020-06-03 08:00:00+00:00,2020-06-03 01:00:00+00:00,2020-06-03 08:15:00+00:00,2020-06-03 04:00:00+00:00,2020-06-03 05:00:00+00:00
2020-06-04,2020-06-04 01:30:00+00:00,2020-06-04 08:00:00+00:00,2020-06-04 01:00:00+00:00,2020-06-04 08:15:00+00:00,2020-06-04 04:00:00+00:00,2020-06-04 05:00:00+00:00
2020-06-05,2020-06-05 01:30:00+00:00,2020-06-05 08:00:00+00:00,2020-06-05 01:00:00+00:00,2020-06-05 08:15:00+00:00,2020-06-05 04:00:00+00:00,2020-06-05 05:00:00+00:00
2020-06-08,2020-06-08 01:30:00+00:00,2020-06-08 08:00:00+00:00,2020-06-08 01:00:00+00:00,2020-06-08 08:15:00+00:00,2020-06-08 04:00:00+00:00,2020-06-08 05:00:00+00:00
2020-06-09,2020-06-09 01:30:00+00:00,2020-06-09 08:00:00+00:00,2020-06-09 01:00:00+00:00,2020-06-09 08:15:00+00:00,2020-06-09 04:00:00+00:00,2020-06-09 05:00:00+00:00
2020-06-10,2020-06-10 01:30:00+00:00,2020-06-10 08:00:00+00:00,2020-06-10 01:00:00+00:00,2020-06-10 08:15:00+00:00,2020-06-10 04:00:00+00:00,2020-06-10 05:00:00+00:00
2020-06-11,2020-06-11 01:30:00+00:00,2020-06-11 08:00:00+00:00,2020-06-11 01:00:00+00:00,2020-06-11 08:15:00+00:00,2020-06-11 04:00:00+00:00,2020-06-11 05:00:00+00:00
2020-06-12,2020-06-12 01:30:00+00:00,2020-06-12 08:00:00+00:00,2020-06-12 01:00:00+00:00,2020-06-12 08:15:00+00:00,2020-06-12 04:00:00+00:00,2020-06-12 05:00:00+00:00
2020-06-15,2020-06-15 01:30:00+00:00,2020-06-15 08:00:00+00:00,2020-06-15 01:00:00+00:00,2020-06-15 08:15:00+00:00,2020-06-15 04:00:00+00:00,2020-06-15 05:00:00+00:00
2020-06-16,2020-06-16 01:30:00+00:00,2020-06-16 08:00:00+00:00,2020-06-16 01:00:00+00:00,2020-06-16 08:15:00+00:00,2020-06-16 04:00:00+00:00,2020-06-16 05:00:00+00:00
2020-06-17,2020-06-17 01:30:00+00:00,2020-06-17 08:00:00+00:00,2020-06-17 01:00:00+00:00,2020-06-17 08:15:00+00:00,2020-06-17 04:00:00+00:00,2020-06-17 05:00:00+00:00
2020-06-18,2020-06-18 01:30:00+00:00,2020-06-18 08:00:00+00:00,2020-06-18 01:00:00+00:00,2020-06-18 08:15:00+00:00,2020-06-18 04:00:00+00:00,2020-06-18 05:00:00+00:00
2020-06-19,2020-06-19 01:30:00+00:00,2020-06-19 08:00:00+00:00,2020-06-19 01:00:00+00:00,2020-06-19 08:15:00+00:00,2020-06-19 04:00:00+00:00,2020-06-19 05:00:00+00:00
2020-06-22,2020-06-22 01:30:00+00:00,2020-06-22 08:00:00+00:00,2020-06-22 01:00:00+00:00,2020-06-22 08:15:00+00:00,2020-06-22 04:00:00+00:00,2020-06-22 05:00:00+00:00
2020-06-23,2020-06-23 01:30:00+00:00,2020-06-23 08:00:00+00:00,2020-06-23 01:00:00+00:00,2020-06-23 08:15:00+00:00,2020-06-23 04:00:00+00:00,2020-06-23 05:00:00+00:00
2020-06-24,2020-06-24 01:30:00+00:00,2020-06-24 08:00:00+00:00,2020-06-24 01:00:00+00:00,2020-06-24 08:15:00+00:00,2020-06-24 04:00:00+00:00,2020-06-24 05:00:00+00:00
2020-06-26,2020-06-26 01:30:00+00:00,2020-06-26 08:00:00+00:00,2020-06-26 01:00:00+00:00,2020-06-26 08:15:00+00:00,2020-06-26 04:00:00+00:00,2020-06-26 05:00:00+00:00
2020-06-29,2020-06-29 01:30:00+00:00,2020-06-29 08:00:00+00:00,2020-06-29 01:00:00+00:00,2020-06-29 08:15:00+00:00,2020-06-29 04:00:00+00:00,2020-06-29 05:00:00+00:00
2020-06-30,2020-06-30 01:30:00+00:00,2020-06-30 08:00:00+00:00,2020-06-30 01:00:00+00:00,2020-06-30 08:15:00+00:00,2020-06-30 04:00:00+00:00,2020-06-30 05:00:00+00:00
2020-07-02,2020-07-02 01:30:00+00:00,2020-07-02 08:00:00+00:00,2020-07-02 01:00:00+00:00,2020-07-02 08:15:00+00:00,2020-07-02 04:00:00+00:00,2020-07-02 05:00:00+00:00
2020-07-03,2020-07-03 01:30:00+00:00,2020-07-03 08:00:00+00:00,2020-07-03 01:00:00+00:00,2020-07-03 08:15:00+00:00,2020-07-03 04:00:00+00:00,2020-07-03 05:00:00+00:00
2020-07-06,2020-07-06 01:30:00+00:00,2020-07-06 08:00:00+00:00,2020-07-06 01:00:00+00:00,2020-07-06 08:15:00+00:00,2020-07-06 04:00:00+00:00,2020-07-06 05:00:00+00:00
2020-07-07,2020-07-07 01:30:00+00:00,2020-07-07 08:00:00+00:00,2020-07-07 01:00:00+00:00,2020-07-07 08:15:00+00:00,2020-07-07 04:00:00+00:00,2020-07-07 05:00:00+00:00
2020-07-08,2020-07-08 01:30:00+00:00,2020-07-08 08:00:00+00:00,2020-07-08 01:00:00+00:00,2020-07-08 08:15:00+00:00,2020-07-08 04:00:00+00:00,2020-07-08 05:00:00+00:00
2020-07-09,2020-07-09 01:30:00+00:00,2020-07-09 08:00:00+00:00,2020-07-09 01:00:00+00:00,2020-07-09 08:15:00+00:00,2020-07-09 04:00:00+00:00,2020-07-09 05:00:00+00:00
2020-07-10,2020-07-10 01:30:00+00:00,2020-07-10 08:00:00+00:00,2020-07-10 01:00:00+00:00,2020-07-10 08:15:00+00:00,2020-07-10 04:00:00+00:00,2020-07-10 05:00:00+00:00
2020-07-13,2020-07-13 01:30:00+00:00,2020-07-13 08:00:00+00:00,2020-07-13 01:00:00+00:00,2020-07-13 08:15:00+00:00,2020-07-13 04:00:00+00:00,2020-07-13 05:00:00+00:00
2020-07-14,2020-07-14 01:30:00+00:00,2020-07-14 08:00:00+00:00,2020-07-14 01:00:00+00:00,2020-07-14 08:15:00+00:00,2020-07-14 04:00:00+00:00,2020-07-14 05:00:00+00:00
2020-07-15,2020-07-15 01:30:00+00:00,2020-07-15 08:00:00+00:00,2020-07-15 01:00:00+00:00,2020-07-15 08:15:00+00:00,2020-07-15 04:00:00+00:00,2020-07-15 05:00:00+00:00
2020-07-16,2020-07-16 01:30:00+00:00,2020-07-16 08:00:00+00:00,2020-07-16 01:00:00+00:00,2020-07-16 08:15:00+00:00,2020-07-16 04:00:00+00:00,2020-07-16 05:00:00+00:00
2020-07-17,2020-07-17 01:30:00+00:00,2020-07-17 08:00:00+00:00,2020-07-17 01:00:00+00:00,2020-07-17 08:15:00+00:00,2020-07-17 04:00:00+00:00,2020-07-17 05:00:00+00:00
2020-07-20,2020-07-20 01:30:00+00:00,2020-07-20 08:00:00+00:00,2020-07-20 01:00:00+00:00,2020-07-20 08:15:00+00:00,2020-07-20 04:00:00+00:00,2020-07-20 05:00:00+00:00
2020-07-21,2020-07-21 01:30:00+00:00,2020-07-21 08:00:00+00:00,2020-07-21 01:00:00+00:00,2020-07-21 08:15:00+00:00,2020-07-21 04:00:00+00:00,2020-07-21 05:00:00+00:00
2020-07-22,2020-07-22 01:30:00+00:00,2020-07-22 08:00:00+00:00,2020-07-22 01:00:00+00:00,2020-07-22 08:15:00+00:00,2020-07-22 04:00:00+00:00,2020-07-22 05:00:00+00:00
2020-07-23,2020-07-23 01:30:00+00:00,2020-07-23 08:00:00+00:00,2020-07-23 01:00:00+00:00,2020-07-23 08:15:00+00:00,2020-07-23 04:00:00+00:00,2020-07-23 05:00:00+00:00
2020-07-24,2020-07-24 01:30:00+00:00,2020-07-24 08:00:00+00:00,2020-07-24 01:00:00+00:00,2020-07-24 08:15:00+00:00,2020-07-24 04:00:00+00:00,2020-07-24 05:00:00+00:00
2020-07-27,2020-07-27 01:30:00+00:00,2020-07-27 08:00:00+00:00,2020-07-27 01:00:00+00:00,2020-07-27 08:15:00+00:00,2020-07-27 04:00:00+00:00,2020-07-27 05:00:00+00:00
2020-07-28,2020-07-28 01:30:00+00:00,2020-07-28 08:00:00+00:00,2020-07-28 01:00:00+00:00,2020-07-28 08:15:00+00:00,2020-07-28 04:00:00+00:00,2020-07-28 05:00:00+00:00
2020-07-29,2020-07-29 01:30:00+00:00,2020-07-29 08:00:00+00:00,2020-07-29 01:00:00+00:00,2020-07-29 08:15:00+00:00,2020-07-29 04:00:00+00:00,2020-07-29 05:00:00+00:00
2020-07-30,2020-07-30 01:30:00+00:00,2020-07-30 08:00:00+00:00,2020-07-30 01:00:00+00:00,2020-07-30 08:15:00+00:00,2020-07-30 04:00:00+00:00,2020-07-30 05:00:00+00:00
2020-07-31,2020-07-31 01:30:00+00:00,2020-07-31 08:00:00+00:00,2020-07-31 01:00:00+00:00,2020-07-31 08:15:00+00:00,2020-07-31 04:00:00+00:00,2020-07-31 05:00:00+00:00
2020-08-03,2020-08-03 01:30:00+00:00,2020-08-03 08:00:00+00:00,2020-08-03 01:00:00+00:00,2020-08-03 08:15:00+00:00,2020-08-03 04:00:00+00:00,2020-08-03 05:00:00+00:00
2020-08-04,2020-08-04 01:30:00+00:00,2020-08-04 08:00:00+00:00,2020-08-04 01:00:00+00:00,2020-08-04 08:15:00+00:00,2020-08-04 04:00:00+00:00,2020-08-04 05:00:00+00:00
2020-08-05,2020-08-05 01:30:00+00:00,2020-08-05 08:00:00+00:00,2020-08-05 01:00:00+00:00,2020-08-05 08:15:00+00:00,2020-08-05 04:00:00+00:00,2020-08-05 05:00:00+00:00
2020-08-06,2020-08-06 01:30:00+00:00,2020-08-06 08:00:00+00:00,2020-08-06 01:00:00+00:00,2020-08-06 08:15:00+00:00,2020-08-06 04:00:00+00:00,2020-08-06 05:00:00+00:00
2020-08-07,2020-08-07 01:30:00+00:00,2020-08-07 08:00:00+00:00,2020-08-07 01:00:00+00:00,2020-08-07 08:15:00+00:00,2020-08-07 04:00:00+00:00,2020-08-07 05:00:00+00:00
2020-08-10,2020-08-10 01:30:00+00:00,2020-08-10 08:00:00+00:00,2020-08-10 01:00:00+00:00,2020-08-10 08:15:00+00:00,2020-08-10 04:00:00+00:00,2020-08-10 05:00:00+00:00
2020-08-11,2020-08-11 01:30:00+00:00,2020-08-11 08:00:00+00:00,2020-08-11 01:00:00+00:00,2020-08-11 08:15:00+00:00,2020-08-11 04:00:00+00:00,2020-08-11 05:00:00+00:00
2020-08-12,2020-08-12 01:30:00+00:00,2020-08-12 08:00:00+00:00,2020-08-12 01:00:00+00:00,2020-08-12 08:15:00+00:00,2020-08-12 04:00:00+00:00,2020-08-12 05:00:00+00:00
2020-08-13,2020-08-13 01:30:00+00:00,2020-08-13 08:00:00+00:00,2020-08-13 01:00:00+00:00,2020-08-13 08:15:00+00:00,2020-08-13 04:00:00+00:00,2020-08-13 05:00:00+00:00
2020-08-14,2020-08-14 01:30:00+00:00,2020-08-14 08:00:00+00:00,2020-08-14 01:00:00+00:00,2020-08-14 08:15:00+00:00,2020-08-14 04:00:00+00:00,2020-08-14 05:00:00+00:00
2020-08-17,2020-08-17 01:30:00+00:00,2020-08-17 08:00:00+00:00,2020-08-17 01:00:00+00:00,2020-08-17 08:15:00+00:00,2020-08-17 04:00:00+00:00,2020-08-17 05:00:00+00:00
2020-08-18,2020-08-18 01:30:00+00:00,2020-08-18 08:00:00+00:00,2020-08-18 01:00:00+00:00,2020-08-18 08:15:00+00:00,2020-08-18 04:00:00+00:00,2020-08-18 05:00:00+00:00
2020-08-19,2020-08-19 01:30:00+00:00,2020-08-19 08:00:00+00:00,2020-08-19 01:00:00+00:00,2020-08-19 08:15:00+00:00,2020-08-19 04:00:00+00:00,2020-08-19 05:00:00+00:00
2020-08-20,2020-08-20 01:30:00+00:00,2020-08-20 08:00:00+00:00,2020-08-20 01:00:00+00:00,2020-08-20 08:15:00+00:00,2020-08-20 04:00:00+00:00,2020-08-20 05:00:00+00:00
2020-08-21,2020-08-21 01:30:00+00:00,2020-08-21 08:00:00+00:00,2020-08-21 01:00:00+00:00,2020-08-21 08:15:00+00:00,2020-08-21 04:00:00+00:00,2020-08-21 05:00:00+00:00
2020-08-24,2020-08-24 01:30:00+00:00,2020-08-24 08:00:00+00:00,2020-08-24 01:00:00+00:00,2020-08-24 08:15:00+00:00,2020-08-24 04:00:00+00:00,2020-08-24 05:00:00+00:00
2020-08-25,2020-08-25 01:30:00+00:00,2020-08-25 08:00:00+00:00,2020-08-25 01:00:00+00:00,2020-08-25 08:15:00+00:00,2020-08-25 04:00:00+00:00,2020-08-25 05:00:00+00:00
2020-08-26,2020-08-26 01:30:00+00:00,2020-08-26 08:00:00+00:00,2020-08-26 01:00:00+00:00,2020-08-26 08:15:00+00:00,2020-08-26 04:00:00+00:00,2020-08-26 05:00:00+00:00
2020-08-27,2020-08-27 01:30:00+00:00,2020-08-27 08:00:00+00:00,2020-08-27 01:00:00+00:00,2020-08-27 08:15:00+00:00,2020-08-27 04:00:00+00:00,2020-08-27 05:00:00+00:00
2020-08-28,2020-08-28 01:30:00+00:00,2020-08-28 08:00:00+00:00,2020-08-28 01:00:00+00:00,2020-08-28 08:15:00+00:00,2020-08-28 04:00:00+00:00,2020-08-28 05:00:00+00:00
2020-08-31,2020-08-31 01:30:00+00:00,2020-08-31 08:00:00+00:00,2020-08-31 01:00:00+00:00,2020-08-31 08:15:00+00:00,2020-08-31 04:00:00+00:00,2020-08-31 05:00:00+00:00
2020-09-01,2020-09-01 01:30:00+00:00,2020-09-01 08:00:00+00:00,2020-09-01 01:00:00+00:00,2020-09-01 08:15:00+00:00,2020-09-01 04:00:00+00:00,2020-09-01 05:00:00+00:00
2020-09-02,2020-09-02 01:30:00+00:00,2020-09-02 08:00:00+00:00,2020-09-02 01:00:00+00:00,2020-09-02 08:15:00+00:00,2020-09-02 04:00:00+00:00,2020-09-02 05:00:00+00:00
2020-09-03,2020-09-03 01:30:00+00:00,2020-09-03 08:00:00+00:00,2020-09-03 01:00:00+00:00,2020-09-03 08:15:00+00:00,2020-09-03 04:00:00+00:00,2020-09-03 05:00:00+00:00
2020-09-04,2020-09-04 01:30:00+00:00,2020-09-04 08:00:00+00:00,2020-09-04 01:00:00+00:00,2020-09-04 08:15:00+00:00,2020-09-04 04:00:00+00:00,2020-09-04 05:00:00+00:00
2020-09-07,2020-09-07 01:30:00+00:00,2020-09-07 08:00:00+00:00,2020-09-07 01:00:00+00:00,2020-09-07 08:15:00+00:00,2020-09-07 04:00:00+00:00,2020-09-07 05:00:00+00:00
2020-09-08,2020-09-08 01:30:00+00:00,2020-09-08 08:00:00+00:00,2020-09-08 01:00:00+00:00,2020-09-08 08:15:00+00:00,2020-09-08 04:00:00+00:00,2020-09-08 05:00:00+00:00
2020-09-09,2020-09-09 01:30:00+00:00,2020-09-09 08:00:00+00:00,2020-09-09 01:00:00+00:00,2020-09-09 08:15:00+00:00,2020-09-09 04:00:00+00:00,2020-09-09 05:00:00+00:00
2020-09-10,2020-09-10 01:30:00+00:00,2020-09-10 08:00:00+00:00,2020-09-10 01:00:00+00:00,2020-09-10 08:15:00+00:00,2020-09-10 04:00:00+00:00,2020-09-10 05:00:00+00:00
2020-09-11,2020-09-11 01:30:00+00:00,2020-09-11 08:00:00+00:00,2020-09-11 01:00:00+00:00,2020-09-11 08:15:00+00:00,2020-09-11 04:00:00+00:00,2020-09-11 05:00:00+00:00
2020-09-14,2020-09-14 01:30:00+00:00,2020-09-14 08:00:00+00:00,2020-09-14 01:00:00+00:00,2020-09-14 08:15:00+00:00,2020-09-14 04:00:00+00:00,2020-09-14 05:00:00+00:00
2020-09-15,2020-09-15 01:30:00+00:00,2020-09-15 08:00:00+00:00,2020-09-15 01:00:00+00:00,2020-09-15 08:15:00+00:00,2020-09-15 04:00:00+00:00,2020-09-15 05:00:00+00:00
2020-09-16,2020-09-16 01:30:00+00:00,2020-09-16 08:00:00+00:00,2020-09-16 01:00:00+00:00,2020-09-16 08:15:00+00:00,2020-09-16 04:00:00+00:00,2020-09-16 05:00:00+00:00
2020-09-17,2020-09-17 01:30:00+00:00,2020-09-17 08:00:00+00:00,2020-09-17 01:00:00+00:00,2020-09-17 08:15:00+00:00,2020-09-17 04:00:00+00:00,2020-09-17 05:00:00+00:00
2020-09-18,2020-09-18 01:30:00+00:00,2020-09-18 08:00:00+00:00,2020-09-18 01:00:00+00:00,2020-09-18 08:15:00+00:00,2020-09-18 04:00:00+00:00,2020-09-18 05:00:00+00:00
2020-09-21,2020-09-21 01:30:00+00:00,2020-09-21 08:00:00+00:00,2020-09-21 01:00:00+00:00,2020-09-21 08:15:00+00:00,2020-09-21 04:00:00+00:00,2020-09-21 05:00:00+00:00
2020-09-22,2020-09-22 01:30:00+00:00,2020-09-22 08:00:00+00:00,2020-09-22 01:00:00+00:00,2020-09-22 08:15:00+00:00,2020-09-22 04:00:00+00:00,2020-09-22 05:00:00+00:00
2020-09-23,2020-09-23 01:30:00+00:00,2020-09-23 08:00:00+00:00,2020-09-23 01:00:00+00:00,2020-09-23 08:15:00+00:00,2020-09-23 04:00:00+00:00,2020-09-23 05:00:00+00:00
2020-09-24,2020-09-24 01:30:00+00:00,2020-09-24 08:00:00+00:00,2020-09-24 01:00:00+00:00,2020-09-24 08:15:00+00:00,2020-09-24 04:00:00+00:00,2020-09-24 05:00:00+00:00
2020-09-25,2020-09-25 01:30:00+00:00,2020-09-25 08:00:00+00:00,2020-09-25 01:00:00+00:00,2020-09-25 08:15:00+00:00,2020-09-25 04:00:00+00:00,2020-09-25 05:00:00+00:00
2020-09-28,2020-09-28 01:30:00+00:00,2020-09-28 08:00:00+00:00,2020-09-28 01:00:00+00:00,2020-09-28 08:15:00+00:00,2020-09-28 04:00:00+00:00,2020-09-28 05:00:00+00:00
2020-09-29,2020-09-29 01:30:00+00:00,2020-09-29 08:00:00+00:00,2020-09-29 01:00:00+00:00,2020-09-29 08:15:00+00:00,2020-09-29 04:00:00+00:00,2020-09-29 05:00:00+00:00
2020-09-30,2020-09-30 01:30:00+00:00,2020-09-30 08:00:00+00:00,2020-09-30 01:00:00+00:00,2020-09-30 08:15:00+00:00,2020-09-30 04:00:00+00:00,2020-09-30 05:00:00+00:00
2020-10-05,2020-10-05 01:30:00+00:00,2020-10-05 08:00:00+00:00,2020-10-05 01:00:00+00:00,2020-10-05 08:15:00+00:00,2020-10-05 04:00:00+00:00,2020-10-05 05:00:00+00:00
2020-10-06,2020-10-06 01:30:00+00:00,2020-10-06 08:00:00+00:00,2020-10-06 01:00:00+00:00,2020-10-06 08:15:00+00:00,2020-10-06 04:00:00+00:00,2020-10-06 05:00:00+00:00
2020-10-07,2020-10-07 01:30:00+00:00,2020-10-07 08:00:00+00:00,2020-10-07 01:00:00+00:00,2020-10-07 08:15:00+00:00,2020-10-07 04:00:00+00:00,2020-10-07 05:00:00+00:00
2020-10-08,2020-10-08 01:30:00+00:00,2020-10-08 08:00:00+00:00,2020-10-08 01:00:00+00:00,2020-10-08 08:15:00+00:00,2020-10-08 04:00:00+00:00,2020-10-08 05:00:00+00:00
2020-10-09,2020-10-09 01:30:00+00:00,2020-10-09 08:00:00+00:00,2020-10-09 01:00:00+00:00,2020-10-09 08:15:00+00:00,2020-10-09 04:00:00+00:00,2020-10-09 05:00:00+00:00
2020-10-12,2020-10-12 01:30:00+00:00,2020-10-12 08:00:00+00:00,2020-10-12 01:00:00+00:00,2020-10-12 08:15:00+00:00,2020-10-12 04:00:00+00:00,2020-10-12 05:00:00+00:00
2020-10-14,2020-10-14 01:30:00+00:00,2020-10-14 08:00:00+00:00,2020-10-14 01:00:00+00:00,2020-10-14 08:15:00+00:00,2020-10-14 04:00:00+00:00,2020-10-14 05:00:00+00:00
2020-10-15,2020-10-15 01:30:00+00:00,2020-10-15 08:00:00+00:00,2020-10-15 01:00:00+00:00,2020-10-15 08:15:00+00:00,2020-10-15 04:00:00+00:00,2020-10-15 05:00:00+00:00
2020-10-16,2020-10-16 01:30:00+00:00,2020-10-16 08:00:00+00:00,2020-10-16 01:00:00+00:00,2020-10-16 08:15:00+00:00,2020-10-16 04:00:00+00:00,2020-10-16 05:00:00+00:00
2020-10-19,2020-10-19 01:30:00+00:00,2020-10-19 08:00:00+00:00,2020-10-19 01:00:00+00:00,2020-10-19 08:15:00+00:00,2020-10-19 04:00:00+00:00,2020-10-19 05:00:00+00:00
2020-10-20,2020-10-20 01:30:00+00:00,2020-10-20 08:00:00+00:00,2020-10-20 01:00:00+00:00,2020-10-20 08:15:00+00:00,2020-10-20 04:00:00+00:00,2020-10-20 05:00:00+00:00
2020-10-21,2020-10-21 01:30:00+00:00,2020-10-21 08:00:00+00:00,2020-10-21 01:00:00+00:00,2020-10-21 08:15:00+00:00,2020-10-21 04:00:00+00:00,2020-10-21 05:00:00+00:00
2020-10-22,2020-10-22 01:30:00+00:00,2020-10-22 08:00:00+00:00,2020-10-22 01:00:00+00:00,2020-10-22 08:15:00+00:00,2020-10-22 04:00:00+00:00,2020-10-22 05:00:00+00:00
2020-10-23,2020-10-23 01:30:00+00:00,2020-10-23 08:00:00+00:00,2020-10-23 01:00:00+00:00,2020-10-23 08:15:00+00:00,2020-10-23 04:00:00+00:00,2020-10-23 05:00:00+00:00
2020-10-27,2020-10-27 01:30:00+00:00,2020-10-27 08:00:00+00:00,2020-10-27 01:00:00+00:00,2020-10-27 08:15:00+00:00,2020-10-27 04:00:00+00:00,2020-10-27 05:00:00+00:00
2020-10-28,2020-10-28 01:30:00+00:00,2020-10-28 08:00:00+00:00,2020-10-28 01:00:00+00:00,2020-10-28 08:15:00+00:00,2020-10-28 04:00:00+00:00,2020-10-28 05:00:00+00:00
2020-10-29,2020-10-29 01:30:00+00:00,2020-10-29 08:00:00+00:00,2020-10-29 01:00:00+00:00,2020-10-29 08:15:00+00:00,2020-10-29 04:00:00+00:00,2020-10-29 05:00:00+00:00
2020-10-30,2020-10-30 01:30:00+00:00,2020-10-30 08:00:00+00:00,2020-10-30 01:00:00+00:00,2020-10-30 08:15:00+00:00,2020-10-30 04:00:00+00:00,2020-10-30 05:00:00+00:00
2020-11-02,2020-11-02 01:30:00+00:00,2020-11-02 08:00:00+00:00,2020-11-02 01:00:00+00:00,2020-11-02 08:15:00+00:00,2020-11-02 04:00:00+00:00,2020-11-02 05:00:00+00:00
2020-11-03,2020-11-03 01:30:00+00:00,2020-11-03 08:00:00+00:00,2020-11-03 01:00:00+00:00,2020-11-03 08:15:00+00:00,2020-11-03 04:00:00+00:00,2020-11-03 05:00:00+00:00
2020-11-04,2020-11-04 01:30:00+00:00,2020-11-04 08:00:00+00:00,2020-11-04 01:00:00+00:00,2020-11-04 08:15:00+00:00,2020-11-04 04:00:00+00:00,2020-11-04 05:00:00+00:00
2020-11-05,2020-11-05 01:30:00+00:00,2020-11-05 08:00:00+00:00,2020-11-05 01:00:00+00:00,2020-11-05 08:15:00+00:00,2020-11-05 04:00:00+00:00,2020-11-05 05:00:00+00:00
2020-11-06,2020-11-06 01:30:00+00:00,2020-11-06 08:00:00+00:00,2020-11-06 01:00:00+00:00,2020-11-06 08:15:00+00:00,2020-11-06 04:00:00+00:00,2020-11-06 05:00:00+00:00
2020-11-09,2020-11-09 01:30:00+00:00,2020-11-09 08:00:00+00:00,2020-11-09 01:00:00+00:00,2020-11-09 08:15:00+00:00,2020-11-09 04:00:00+00:00,2020-11-09 05:00:00+00:00
2020-11-10,2020-11-10 01:30:00+00:00,2020-11-10 08:00:00+00:00,2020-11-10 01:00:00+00:00,2020-11-10 08:15:00+00:00,2020-11-10 04:00:00+00:00,2020-11-10 05:00:00+00:00
2020-11-11,2020-11-11 01:30:00+00:00,2020-11-11 08:00:00+00:00,2020-11-11 01:00:00+00:00,2020-11-11 08:15:00+00:00,2020-11-11 04:00:00+00:00,2020-11-11 05:00:00+00:00
2020-11-12,2020-11-12 01:30:00+00:00,2020-11-12 08:00:00+00:00,2020-11-12 01:00:00+00:00,2020-11-12 08:15:00+00:00,2020-11-12 04:00:00+00:00,2020-11-12 05:00:00+00:00
2020-11-13,2020-11-13 01:30:00+00:00,2020-11-13 08:00:00+00:00,2020-11-13 01:00:00+00:00,2020-11-13 08:15:00+00:00,2020-11-13 04:00:00+00:00,2020-11-13 05:00:00+00:00
2020-11-16,2020-11-16 01:30:00+00:00,2020-11-16 08:00:00+00:00,2020-11-16 01:00:00+00:00,2020-11-16 08:15:00+00:00,2020-11-16 04:00:00+00:00,2020-11-16 05:00:00+00:00
2020-11-17,2020-11-17 01:30:00+00:00,2020-11-17 08:00:00+00:00,2020-11-17 01:00:00+00:00,2020-11-17 08:15:00+00:00,2020-11-17 04:00:00+00:00,2020-11-17 05:00:00+00:00
2020-11-18,2020-11-18 01:30:00+00:00,2020-11-18 08:00:00+00:00,2020-11-18 01:00:00+00:00,2020-11-18 08:15:00+00:00,2020-11-18 04:00:00+00:00,2020-11-18 05:00:00+00:00
2020-11-19,2020-11-19 01:30:00+00:00,2020-11-19 08:00:00+00:00,2020-11-19 01:00:00+00:00,2020-11-19 08:15:00+00:00,2020-11-19 04:00:00+00:00,2020-11-19 05:00:00+00:00
2020-11-20,2020-11-20 01:30:00+00:00,2020-11-20 08:00:00+00:00,2020-11-20 01:00:00+00:00,2020-11-20 08:15:00+00:00,2020-11-20 04:00:00+00:00,2020-11-20 05:00:00+00:00
2020-11-23,2020-11-23 01:30:00+00:00,2020-11-23 08:00:00+00:00,2020-11-23 01:00:00+00:00,2020-11-23 08:15:00+00:00,2020-11-23 04:00:00+00:00,2020-11-23 05:00:00+00:00
2020-11-24,2020-11-24 01:30:00+00:00,2020-11-24 08:00:00+00:00,2020-11-24 01:00:00+00:00,2020-11-24 08:15:00+00:00,2020-11-24 04:00:00+00:00,2020-11-24 05:00:00+00:00
2020-11-25,2020-11-25 01:30:00+00:00,2020-11-25 08:00:00+00:00,2020-11-25 01:00:00+00:00,2020-11-25 08:15:00+00:00,2020-11-25 04:00:00+00:00,2020-11-25 05:00:00+00:00
2020-11-26,2020-11-26 01:30:00+00:00,2020-11-26 08:00:00+00:00,2020-11-26 01:00:00+00:00,2020-11-26 08:15:00+00:00,2020-11-26 04:00:00+00:00,2020-11-26 05:00:00+00:00
2020-11-27,2020-11-27 01:30:00+00:00,2020-11-27 08:00:00+00:00,2020-11-27 01:00:00+00:00,2020-11-27 08:15:00+00:00,2020-11-27 04:00:00+00:00,2020-11-27 05:00:00+00:00
2020-11-30,2020-11-30 01:30:00+00:00,2020-11-30 08:00:00+00:00,2020-11-30 01:00:00+00:00,2020-11-30 08:15:00+00:00,2020-11-30 04:00:00+00:00,2020-11-30 05:00:00+00:00
2020-12-01,2020-12-01 01:30:00+00:00,2020-12-01 08:00:00+00:00,2020-12-01 01:00:00+00:00,2020-12-01 08:15:00+00:00,2020-12-01 04:00:00+00:00,2020-12-01 05:00:00+00:00
2020-12-02,2020-12-02 01:30:00+00:00,2020-12-02 08:00:00+00:00,2020-12-02 01:00:00+00:00,2020-12-02 08:15:00+00:00,2020-12-02 04:00:00+00:00,2020-12-02 05:00:00+00:00
2020-12-03,2020-12-03 01:30:00+00:00,2020-12-03 08:00:00+00:00,2020-12-03 01:00:00+00:00,2020-12-03 08:15:00+00:00,2020-12-03 04:00:00+00:00,2020-12-03 05:00:00+00:00
2020-12-04,2020-12-04 01:30:00+00:00,2020-12-04 08:00:00+00:00,2020-12-04 01:00:00+00:00,2020-12-04 08:15:00+00:00,2020-12-04 04:00:00+00:00,2020-12-04 05:00:00+00:00
2020-12-07,2020-12-07 01:30:00+00:00,2020-12-07 08:00:00+00:00,2020-12-07 01:00:00+00:00,2020-12-07 08:15:00+00:00,2020-12-07 04:00:00+00:00,2020-12-07 05:00:00+00:00
2020-12-08,2020-12-08 01:30:00+00:00,2020-12-08 08:00:00+00:00,2020-12-08 01:00:00+00:00,2020-12-08 08:15:00+00:00,2020-12-08 04:00:00+00:00,2020-12-08 05:00:00+00:00
2020-12-09,2020-12-09 01:30:00+00:00,2020-12-09 08:00:00+00:00,2020-12-09 01:00:00+00:00,2020-12-09 08:15:00+00:00,2020-12-09 04:00:00+00:00,2020-12-09 05:00:00+00:00
2020-12-10,2020-12-10 01:30:00+00:00,2020-12-10 08:00:00+00:00,2020-12-10 01:00:00+00:00,2020-12-10 08:15:00+00:00,2020-12-10 04:00:00+00:00,2020-12-10 05:00:00+00:00
2020-12-11,2020-12-11 01:30:00+00:00,2020-12-11 08:00:00+00:00,2020-12-11 01:00:00+00:00,2020-12-11 08:15:00+00:00,2020-12-11 04:00:00+00:00,2020-12-11 05:00:00+00:00
2020-12-14,2020-12-14 01:30:00+00:00,2020-12-14 08:00:00+00:00,2020-12-14 01:00:00+00:00,2020-12-14 08:15:00+00:00,2020-12-14 04:00:00+00:00,2020-12-14 05:00:00+00:00
2020-12-15,2020-12-15 01:30:00+00:00,2020-12-15 08:00:00+00:00,2020-12-15 01:00:00+00:00,2020-12-15 08:15:00+00:00,2020-12-15 04:00:00+00:00,2020-12-15 05:00:00+00:00
2020-12-16,2020-12-16 01:30:00+00:00,2020-12-16 08:00:00+00:00,2020-12-16 01:00:00+00:00,2020-12-16 08:15:00+00:00,2020-12-16 04:00:00+00:00,2020-12-16 05:00:00+00:00
2020-12-17,2020-12-17 01:30:00+00:00,2020-12-17 08:00:00+00:00,2020-12-17 01:00:00+00:00,2020-12-17 08:15:00+00:00,2020-12-17 04:00:00+00:00,2020-12-17 05:00:00+00:00
2020-12-18,2020-12-18 01:30:00+00:00,2020-12-18 08:00:00+00:00,2020-12-18 01:00:00+00:00,2020-12-18 08:15:00+00:00,2020-12-18 04:00:00+00:00,2020-12-18 05:00:00+00:00
2020-12-21,2020-12-21 01:30:00+00:00,2020-12-21 08:00:00+00:00,2020-12-21 01:00:00+00:00,2020-12-21 08:15:00+00:00,2020-12-21 04:00:00+00:00,2020-12-21 05:00:00+00:00
2020-12-22,2020-12-22 01:30:00+00:00,2020-12-22 08:00:00+00:00,2020-12-22 01:00:00+00:00,2020-12-22 08:15:00+00:00,2020-12-22 04:00:00+00:00,2020-12-22 05:00:00+00:00
2020-12-23,2020-12-23 01:30:00+00:00,2020-12-23 08:00:00+00:00,2020-12-23 01:00:00+00:00,2020-12-23 08:15:00+00:00,2020-12-23 04:00:00+00:00,2020-12-23 05:00:00+00:00
2020-12-24,2020-12-24 01:30:00+00:00,2020-12-24 04:00:00+00:00,2020-12-24 01:00:00+00:00,2020-12-24 04:15:00+00:00,,
2020-12-28,2020-12-28 01:30:00+00:00,2020-12-28 08:00:00+00:00,2020-12-28 01:00:00+00:00,2020-12-28 08:15:00+00:00,2020-12-28 04:00:00+00:00,2020-12-28 05:00:00+00:00
2020-12-29,2020-12-29 01:30:00+00:00,2020-12-29 08:00:00+00:00,2020-12-29 01:00:00+00:00,2020-12-29 08:15:00+00:00,2020-12-29 04:00:00+00:00,2020-12-29 05:00:00+00:00
2020-12-30,2020-12-30 01:30:00+00:00,2020-12-30 08:00:00+00:00,2020-12-30 01:00:00+00:00,2020-12-30 08:15:00+00:00,2020-12-30 04:00:00+00:00,2020-12-30 05:00:00+00:00
2020-12-31,2020-12-31 01:30:00+00:00,2020-12-31 04:00:00+00:00,2020-12-31 01:00:00+00:00,2020-12-31 04:15:00+00:00,,
2021-01-04,2021-01-04 01:30:00+00:00,2021-01-04 08:00:00+00:00,2021-01-04 01:00:00+00:00,2021-01-04 08:15:00+00:00,2021-01-04 04:00:00+00:00,2021-01-04 05:00:00+00:00
2021-01-05,2021-01-05 01:30:00+00:00,2021-01-05 08:00:00+00:00,2021-01-05 01:00:00+00:00,2021-01-05 08:15:00+00:00,2021-01-05 04:00:00+00:00,2021-01-05 05:00:00+00:00
2021-01-06,2021-01-06 01:30:00+00:00,2021-01-06 08:00:00+00:00,2021-01-06 01:00:00+00:00,2021-01-06 08:15:00+00:00,2021-01-06 04:00:00+00:00,2021-01-06 05:00:00+00:00
2021-01-07,2021-01-07 01:30:00+00:00,2021-01-07 08:00:00+00:00,2021-01-07 01:00:00+00:00,2021-01-07 08:15:00+00:00,2021-01-07 04:00:00+00:00,2021-01-07 05:00:00+00:00
2021-01-08,2021-01-08 01:30:00+00:00,2021-01-08 08:00:00+00:00,2021-01-08 01:00:00+00:00,2021-01-08 08:15:00+00:00,2021-01-08 04:00:00+00:00,2021-01-08 05:00:00+00:00
2021-01-11,2021-01-11 01:30:00+00:00,2021-01-11 08:00:00+00:00,2021-01-11 01:00:00+00:00,2021-01-11 08:15:00+00:00,2021-01-11 04:00:00+00:00,2021-01-11 05:00:00+00:00
2021-01-12,2021-01-12 01:30:00+00:00,2021-01-12 08:00:00+00:00,2021-01-12 01:00:00+00:00,2021-01-12 08:15:00+00:00,2021-01-12 04:00:00+00:00,2021-01-12 05:00:00+00:00
2021-01-13,2021-01-13 01:30:00+00:00,2021-01-13 08:00:00+00:00,2021-01-13 01:00:00+00:00,2021-01-13 08:15:00+00:00,2021-01-13 04:00:00+00:00,2021-01-13 05:00:00+00:00
2021-01-14,2021-01-14 01:30:00+00:00,2021-01-14 08:00:00+00:00,2021-01-14 01:00:00+00:00,2021-01-14 08:15:00+00:00,2021-01-14 04:00:00+00:00,2021-01-14 05:00:00+00:00
2021-01-15,2021-01-15 01:30:00+00:00,2021-01-15 08:00:00+00:00,2021-01-15 01:00:00+00:00,2021-01-15 08:15:00+00:00,2021-01-15 04:00:00+00:00,2021-01-15 05:00:00+00:00
2021-01-18,2021-01-18 01:30:00+00:00,2021-01-18 08:00:00+00:00,2021-01-18 01:00:00+00:00,2021-01-18 08:15:00+00:00,2021-01-18 04:00:00+00:00,2021-01-18 05:00:00+00:00
2021-01-19,2021-01-19 01:30:00+00:00,2021-01-19 08:00:00+00:00,2021-01-19 01:00:00+00:00,2021-01-19 08:15:00+00:00,2021-01-19 04:00:00+00:00,2021-01-19 05:00:00+00:00
2021-01-20,2021-01-20 01:30:00+00:00,2021-01-20 08:00:00+00:00,2021-01-20 01:00:00+00:00,2021-01-20 08:15:00+00:00,2021-01-20 04:00:00+00:00,2021-01-20 05:00:00+00:00
2021-01-21,2021-01-21 01:30:00+00:00,2021-01-21 08:00:00+00:00,2021-01-21 01:00:00+00:00,2021-01-21 08:15:00+00:00,2021-01-21 04:00:00+00:00,2021-01-21 05:00:00+00:00
2021-01-22,2021-01-22 01:30:00+00:00,2021-01-22 08:00:00+00:00,2021-01-22 01:00:00+00:00,2021-01-22 08:15:00+00:00,2021-01-22 04:00:00+00:00,2021-01-22 05:00:00+00:00
2021-01-25,2021-01-25 01:30:00+00:00,2021-01-25 08:00:00+00:00,2021-01-25 01:00:00+00:00,2021-01-25 08:15:00+00:00,2021-01-25 04:00:00+00:00,2021-01-25 05:00:00+00:00
2021-01-26,2021-01-26 01:30:00+00:00,2021-01-26 08:00:00+00:00,2021-01-26 01:00:00+00:00,2021-01-26 08:15:00+00:00,2021-01-26 04:00:00+00:00,2021-01-26 05:00:00+00:00
2021-01-27,2021-01-27 01:30:00+00:00,2021-01-27 08:00:00+00:00,2021-01-27 01:00:00+00:00,2021-01-27 08:15:00+00:00,2021-01-27 04:00:00+00:00,2021-01-27 05:00:00+00:00
2021-01-28,2021-01-28 01:30:00+00:00,2021-01-28 08:00:00+00:00,2021-01-28 01:00:00+00:00,2021-01-28 08:15:00+00:00,2021-01-28 04:00:00+00:00,2021-01-28 05:00:00+00:00
2021-01-29,2021-01-29 01:30:00+00:00,2021-01-29 08:00:00+00:00,2021-01-29 01:00:00+00:00,2021-01-29 08:15:00+00:00,2021-01-29 04:00:00+00:00,2021-01-29 05:00:00+00:00
2021-02-01,2021-02-01 01:30:00+00:00,2021-02-01 08:00:00+00:00,2021-02-01 01:00:00+00:00,2021-02-01 08:15:00+00:00,2021-02-01 04:00:00+00:00,2021-02-01 05:00:00+00:00
2021-02-02,2021-02-02 01:30:00+00:00,2021-02-02 08:00:00+00:00,2021-02-02 01:00:00+00:00,2021-02-02 08:15:00+00:00,2021-02-02 04:00:00+00:00,2021-02-02 05:00:00+00:00
2021-02-03,2021-02-03 01:30:00+00:00,2021-02-03 08:00:00+00:00,2021-02-03 01:00:00+00:00,2021-02-03 08:15:00+00:00,2021-02-03 04:00:00+00:00,2021-02-03 05:00:00+00:00
2021-02-04,2021-02-04 01:30:00+00:00,2021-02-04 08:00:00+00:00,2021-02-04 01:00:00+00:00,2021-02-04 08:15:00+00:00,2021-02-04 04:00:00+00:00,2021-02-04 05:00:00+00:00
2021-02-05,2021-02-05 01:30:00+00:00,2021-02-05 08:00:00+00:00,2021-02-05 01:00:00+00:00,2021-02-05 08:15:00+00:00,2021-02-05 04:00:00+00:00,2021-02-05 05:00:00+00:00
2021-02-08,2021-02-08 01:30:00+00:00,2021-02-08 08:00:00+00:00,2021-02-08 01:00:00+00:00,2021-02-08 08:15:00+00:00,2021-02-08 04:00:00+00:00,2021-02-08 05:00:00+00:00
2021-02-09,2021-02-09 01:30:00+00:00,2021-02-09 08:00:00+00:00,2021-02-09 01:00:00+00:00,2021-02-09 08:15:00+00:00,2021-02-09 04:00:00+00:00,2021-02-09 05:00:00+00:00
2021-02-10,2021-02-10 01:30:00+00:00,2021-02-10 08:00:00+00:00,2021-02-10 01:00:00+00:00,2021-02-10 08:15:00+00:00,2021-02-10 04:00:00+00:00,2021-02-10 05:00:00+00:00
2021-02-11,2021-02-11 01:30:00+00:00,2021-02-11 04:00:00+00:00,2021-02-11 01:00:00+00:00,2021-02-11 04:15:00+00:00,,
2021-02-16,2021-02-16 01:30:00+00:00,2021-02-16 08:00:00+00:00,2021-02-16 01:00:00+00:00,2021-02-16 08:15:00+00:00,2021-02-16 04:00:00+00:00,2021-02-16 05:00:00+00:00
2021-02-17,2021-02-17 01:30:00+00:00,2021-02-17 08:00:00+00:00,2021-02-17 01:00:00+00:00,2021-02-17 08:15:00+00:00,2021-02-17 04:00:00+00:00,2021-02-17 05:00:00+00:00
2021-02-18,2021-02-18 01:30:00+00:00,2021-02-18 08:00:00+00:00,2021-02-18 01:00:00+00:00,2021-02-18 08:15:00+00:00,2021-02-18 04:00:00+00:00,2021-02-18 05:00:00+00:00
2021-02-19,2021-02-19 01:30:00+00:00,2021-02-19 08:00:00+00:00,2021-02-19 01:00:00+00:00,2021-02-19 08:15:00+00:00,2021-02-19 04:00:00+00:00,2021-02-19 05:00:00+00:00
2021-02-22,2021-02-22 01:30:00+00:00,2021-02-22 08:00:00+00:00,2021-02-22 01:00:00+00:00,2021-02-22 08:15:00+00:00,2021-02-22 04:00:00+00:00,2021-02-22 05:00:00+00:00
2021-02-23,2021-02-23 01:30:00+00:00,2021-02-23 08:00:00+00:00,2021-02-23 01:00:00+00:00,2021-02-23 08:15:00+00:00,2021-02-23 04:00:00+00:00,2021-02-23 05:00:00+00:00
2021-02-24,2021-02-24 01:30:00+00:00,2021-02-24 08:00:00+00:00,2021-02-24 01:00:00+00:00,2021-02-24 08:15:00+00:00,2021-02-24 04:00:00+00:00,2021-02-24 05:00:00+00:00
2021-02-25,2021-02-25 01:30:00+00:00,2021-02-25 08:00:00+00:00,2021-02-25 01:00:00+00:00,2021-02-25 08:15:00+00:00,2021-02-25 04:00:00+00:00,2021-02-25 05:00:00+00:00
2021-02-26,2021-02-26 01:30:00+00:00,2021-02-26 08:00:00+00:00,2021-02-26 01:00:00+00:00,2021-02-26 08:15:00+00:00,2021-02-26 04:00:00+00:00,2021-02-26 05:00:00+00:00
2021-03-01,2021-03-01 01:30:00+00:00,2021-03-01 08:00:00+00:00,2021-03-01 01:00:00+00:00,2021-03-01 08:15:00+00:00,2021-03-01 04:00:00+00:00,2021-03-01 05:00:00+00:00
2021-03-02,2021-03-02 01:30:00+00:00,2021-03-02 08:00:00+00:00,2021-03-02 01:00:00+00:00,2021-03-02 08:15:00+00:00,2021-03-02 04:00:00+00:00,2021-03-02 05:00:00+00:00
2021-03-03,2021-03-03 01:30:00+00:00,2021-03-03 08:00:00+00:00,2021-03-03 01:00:00+00:00,2021-03-03 08:15:00+00:00,2021-03-03 04:00:00+00:00,2021-03-03 05:00:00+00:00
2021-03-04,2021-03-04 01:30:00+00:00,2021-03-04 08:00:00+00:00,2021-03-04 01:00:00+00:00,2021-03-04 08:15:00+00:00,2021-03-04 04:00:00+00:00,2021-03-04 05:00:00+00:00
2021-03-05,2021-03-05 01:30:00+00:00,2021-03-05 08:00:00+00:00,2021-03-05 01:00:00+00:00,2021-03-05 08:15:00+00:00,2021-03-05 04:00:00+00:00,2021-03-05 05:00:00+00:00
2021-03-08,2021-03-08 01:30:00+00:00,2021-03-08 08:00:00+00:00,2021-03-08 01:00:00+00:00,2021-03-08 08:15:00+00:00,2021-03-08 04:00:00+00:00,2021-03-08 05:00:00+00:00
2021-03-09,2021-03-09 01:30:00+00:00,2021-03-09 08:00:00+00:00,2021-03-09 01:00:00+00:00,2021-03-09 08:15:00+00:00,2021-03-09 04:00:00+00:00,2021-03-09 05:00:00+00:00
2021-03-10,2021-03-10 01:30:00+00:00,2021-03-10 08:00:00+00:00,2021-03-10 01:00:00+00:00,2021-03-10 08:15:00+00:00,2021-03-10 04:00:00+00:00,2021-03-10 05:00:00+00:00
2021-03-11,2021-03-11 01:30:00+00:00,2021-03-11 08:00:00+00:00,2021-03-11 01:00:00+00:00,2021-03-11 08:15:00+00:00,2021-03-11 04:00:00+00:00,2021-03-11 05:00:00+00:00
2021-03-12,2021-03-12 01:30:00+00:00,2021-03-12 08:00:00+00:00,2021-03-12 01:00:00+00:00,2021-03-12 08:15:00+00:00,2021-03-12 04:00:00+00:00,2021-03-12 05:00:00+00:00
2021-03-15,2021-03-15 01:30:00+00:00,2021-03-15 08:00:00+00:00,2021-03-15 01:00:00+00:00,2021-03-15 08:15:00+00:00,2021-03-15 04:00:00+00:00,2021-03-15 05:00:00+00:00
2021-03-16,2021-03-16 01:30:00+00:00,2021-03-16 08:00:00+00:00,2021-03-16 01:00:00+00:00,2021-03-16 08:15:00+00:00,2021-03-16 04:00:00+00:00,2021-03-16 05:00:00+00:00
2021-03-17,2021-03-17 01:30:00+00:00,2021-03-17 08:00:00+00:00,2021-03-17 01:00:00+00:00,2021-03-17 08:15:00+00:00,2021-03-17 04:00:00+00:00,2021-03-17 05:00:00+00:00
2021-03-18,2021-03-18 01:30:00+00:00,2021-03-18 08:00:00+00:00,2021-03-18 01:00:00+00:00,2021-03-18 08:15:00+00:00,2021-03-18 04:00:00+00:00,2021-03-18 05:00:00+00:00
2021-03-19,2021-03-19 01:30:00+00:00,2021-03-19 08:00:00+00:00,2021-03-19 01:00:00+00:00,2021-03-19 08:15:00+00:00,2021-03-19 04:00:00+00:00,2021-03-19 05:00:00+00:00
2021-03-22,2021-03-22 01:30:00+00:00,2021-03-22 08:00:00+00:00,2021-03-22 01:00:00+00:00,2021-03-22 08:15:00+00:00,2021-03-22 04:00:00+00:00,2021-03-22 05:00:00+00:00
2021-03-23,2021-03-23 01:30:00+00:00,2021-03-23 08:00:00+00:00,2021-03-23 01:00:00+00:00,2021-03-23 08:15:00+00:00,2021-03-23 04:00:00+00:00,2021-03-23 05:00:00+00:00
2021-03-24,2021-03-24 01:30:00+00:00,2021-03-24 08:00:00+00:00,2021-03-24 01:00:00+00:00,2021-03-24 08:15:00+00:00,2021-03-24 04:00:00+00:00,2021-03-24 05:00:00+00:00
2021-03-25,2021-03-25 01:30:00+00:00,2021-03-25 08:00:00+00:00,2021-03-25 01:00:00+00:00,2021-03-25 08:15:00+00:00,2021-03-25 04:00:00+00:00,2021-03-25 05:00:00+00:00
2021-03-26,2021-03-26 01:30:00+00:00,2021-03-26 08:00:00+00:00,2021-03-26 01:00:00+00:00,2021-03-26 08:15:00+00:00,2021-03-26 04:00:00+00:00,2021-03-26 05:00:00+00:00
2021-03-29,2021-03-29 01:30:00+00:00,2021-03-29 08:00:00+00:00,2021-03-29 01:00:00+00:00,2021-03-29 08:15:00+00:00,2021-03-29 04:00:00+00:00,2021-03-29 05:00:00+00:00
2021-03-30,2021-03-30 01:30:00+00:00,2021-03-30 08:00:00+00:00,2021-03-30 01:00:00+00:00,2021-03-30 08:15:00+00:00,2021-03-30 04:00:00+00:00,2021-03-30 05:00:00+00:00
2021-03-31,2021-03-31 01:30:00+00:00,2021-03-31 08:00:00+00:00,2021-03-31 01:00:00+00:00,2021-03-31 08:15:00+00:00,2021-03-31 04:00:00+00:00,2021-03-31 05:00:00+00:00
2021-04-01,2021-04-01 01:30:00+00:00,2021-04-01 08:00:00+00:00,2021-04-01 01:00:00+00:00,2021-04-01 08:15:00+00:00,2021-04-01 04:00:00+00:00,2021-04-01 05:00:00+00:00
2021-04-07,2021-04-07 01:30:00+00:00,2021-04-07 08:00:00+00:00,2021-04-07 01:00:00+00:00,2021-04-07 08:15:00+00:00,2021-04-07 04:00:00+00:00,2021-04-07 05:00:00+00:00
2021-04-08,2021-04-08 01:30:00+00:00,2021-04-08 08:00:00+00:00,2021-04-08 01:00:00+00:00,2021-04-08 08:15:00+00:00,2021-04-08 04:00:00+00:00,2021-04-08 05:00:00+00:00
2021-04-09,2021-04-09 01:30:00+00:00,2021-04-09 08:00:00+00:00,2021-04-09 01:00:00+00:00,2021-04-09 08:15:00+00:00,2021-04-09 04:00:00+00:00,2021-04-09 05:00:00+00:00
2021-04-12,2021-04-12 01:30:00+00:00,2021-04-12 08:00:00+00:00,2021-04-12 01:00:00+00:00,2021-04-12 08:15:00+00:00,2021-04-12 04:00:00+00:00,2021-04-12 05:00:00+00:00
2021-04-13,2021-04-13 01:30:00+00:00,2021-04-13 08:00:00+00:00,2021-04-13 01:00:00+00:00,2021-04-13 08:15:00+00:00,2021-04-13 04:00:00+00:00,2021-04-13 05:00:00+00:00
2021-04-14,2021-04-14 01:30:00+00:00,2021-04-14 08:00:00+00:00,2021-04-14 01:00:00+00:00,2021-04-14 08:15:00+00:00,2021-04-14 04:00:00+00:00,2021-04-14 05:00:00+00:00
2021-04-15,2021-04-15 01:30:00+00:00,2021-04-15 08:00:00+00:00,2021-04-15 01:00:00+00:00,2021-04-15 08:15:00+00:00,2021-04-15 04:00:00+00:00,2021-04-15 05:00:00+00:00
2021-04-16,2021-04-16 01:30:00+00:00,2021-04-16 08:00:00+00:00,2021-04-16 01:00:00+00:00,2021-04-16 08:15:00+00:00,2021-04-16 04:00:00+00:00,2021-04-16 05:00:00+00:00
2021-04-19,2021-04-19 01:30:00+00:00,2021-04-19 08:00:00+00:00,2021-04-19 01:00:00+00:00,2021-04-19 08:15:00+00:00,2021-04-19 04:00:00+00:00,2021-04-19 05:00:00+00:00
2021-04-20,2021-04-20 01:30:00+00:00,2021-04-20 08:00:00+00:00,2021-04-20 01:00:00+00:00,2021-04-20 08:15:00+00:00,2021-04-20 04:00:00+00:00,2021-04-20 05:00:00+00:00
2021-04-21,2021-04-21 01:30:00+00:00,2021-04-21 08:00:00+00:00,2021-04-21 01:00:00+00:00,2021-04-21 08:15:00+00:00,2021-04-21 04:00:00+00:00,2021-04-21 05:00:00+00:00
2021-04-22,2021-04-22 01:30:00+00:00,2021-04-22 08:00:00+00:00,2021-04-22 01:00:00+00:00,2021-04-22 08:15:00+00:00,2021-04-22 04:00:00+00:00,2021-04-22 05:00:00+00:00
2021-04-23,2021-04-23 01:30:00+00:00,2021-04-23 08:00:00+00:00,2021-04-23 01:00:00+00:00,2021-04-23 08:15:00+00:00,2021-04-23 04:00:00+00:00,2021-04-23 05:00:00+00:00
2021-04-26,2021-04-26 01:30:00+00:00,2021-04-26 08:00:00+00:00,2021-04-26 01:00:00+00:00,2021-04-26 08:15:00+00:00,2021-04-26 04:00:00+00:00,2021-04-26 05:00:00+00:00
2021-04-27,2021-04-27 01:30:00+00:00,2021-04-27 08:00:00+00:00,2021-04-27 01:00:00+00:00,2021-04-27 08:15:00+00:00,2021-04-27 04:00:00+00:00,2021-04-27 05:00:00+00:00
2021-04-28,2021-04-28 01:30:00+00:00,2021-04-28 08:00:00+00:00,2021-04-28 01:00:00+00:00,2021-04-28 08:15:00+00:00,2021-04-28 04:00:00+00:00,2021-04-28 05:00:00+00:00
2021-04-29,2021-04-29 01:30:00+00:00,2021-04-29 08:00:00+00:00,2021-04-29 01:00:00+00:00,2021-04-29 08:15:00+00:00,2021-04-29 04:00:00+00:00,2021-04-29 05:00:00+00:00
2021-04-30,2021-04-30 01:30:00+00:00,2021-04-30 08:00:00+00:00,2021-04-30 01:00:00+00:00,2021-04-30 08:15:00+00:00,2021-04-30 04:00:00+00:00,2021-04-30 05:00:00+00:00
2021-05-03,2021-05-03 01:30:00+00:00,2021-05-03 08:00:00+00:00,2021-05-03 01:00:00+00:00,2021-05-03 08:15:00+00:00,2021-05-03 04:00:00+00:00,2021-05-03 05:00:00+00:00
2021-05-04,2021-05-04 01:30:00+00:00,2021-05-04 08:00:00+00:00,2021-05-04 01:00:00+00:00,2021-05-04 08:15:00+00:00,2021-05-04 04:00:00+00:00,2021-05-04 05:00:00+00:00
2021-05-05,2021-05-05 01:30:00+00:00,2021-05-05 08:00:00+00:00,2021-05-05 01:00:00+00:00,2021-05-05 08:15:00+00:00,2021-05-05 04:00:00+00:00,2021-05-05 05:00:00+00:00
2021-05-06,2021-05-06 01:30:00+00:00,2021-05-06 08:00:00+00:00,2021-05-06 01:00:00+00:00,2021-05-06 08:15:00+00:00,2021-05-06 04:00:00+00:00,2021-05-06 05:00:00+00:00
2021-05-07,2021-05-07 01:30:00+00:00,2021-05-07 08:00:00+00:00,2021-05-07 01:00:00+00:00,2021-05-07 08:15:00+00:00,2021-05-07 04:00:00+00:00,2021-05-07 05:00:00+00:00
2021-05-10,2021-05-10 01:30:00+00:00,2021-05-10 08:00:00+00:00,2021-05-10 01:00:00+00:00,2021-05-10 08:15:00+00:00,2021-05-10 04:00:00+00:00,2021-05-10 05:00:00+00:00
2021-05-11,2021-05-11 01:30:00+00:00,2021-05-11 08:00:00+00:00,2021-05-11 01:00:00+00:00,2021-05-11 08:15:00+00:00,2021-05-11 04:00:00+00:00,2021-05-11 05:00:00+00:00
2021-05-12,2021-05-12 01:30:00+00:00,2021-05-12 08:00:00+00:00,2021-05-12 01:00:00+00:00,2021-05-12 08:15:00+00:00,2021-05-12 04:00:00+00:00,2021-05-12 05:00:00+00:00
2021-05-13,2021-05-13 01:30:00+00:00,2021-05-13 08:00:00+00:00,2021-05-13 01:00:00+00:00,2021-05-13 08:15:00+00:00,2021-05-13 04:00:00+00:00,2021-05-13 05:00:00+00:00
2021-05-14,2021-05-14 01:30:00+00:00,2021-05-14 08:00:00+00:00,2021-05-14 01:00:00+00:00,2021-05-14 08:15:00+00:00,2021-05-14 04:00:00+00:00,2021-05-14 05:00:00+00:00
2021-05-17,2021-05-17 01:30:00+00:00,2021-05-17 08:00:00+00:00,2021-05-17 01:00:00+00:00,2021-05-17 08:15:00+00:00,2021-05-17 04:00:00+00:00,2021-05-17 05:00:00+00:00
2021-05-18,2021-05-18 01:30:00+00:00,2021-05-18 08:00:00+00:00,2021-05-18 01:00:00+00:00,2021-05-18 08:15:00+00:00,2021-05-18 04:00:00+00:00,2021-05-18 05:00:00+00:00
2021-05-20,2021-05-20 01:30:00+00:00,2021-05-20 08:00:00+00:00,2021-05-20 01:00:00+00:00,2021-05-20 08:15:00+00:00,2021-05-20 04:00:00+00:00,2021-05-20 05:00:00+00:00
2021-05-21,2021-05-21 01:30:00+00:00,2021-05-21 08:00:00+00:00,2021-05-21 01:00:00+00:00,2021-05-21 08:15:00+00:00,2021-05-21 04:00:00+00:00,2021-05-21 05:00:00+00:00
2021-05-24,2021-05-24 01:30:00+00:00,2021-05-24 08:00:00+00:00,2021-05-24 01:00:00+00:00,2021-05-24 08:15:00+00:00,2021-05-24 04:00:00+00:00,2021-05-24 05:00:00+00:00
2021-05-25,2021-05-25 01:30:00+00:00,2021-05-25 08:00:00+00:00,2021-05-25 01:00:00+00:00,2021-05-25 08:15:00+00:00,2021-05-25 04:00:00+00:00,2021-05-25 05:00:00+00:00
2021-05-26,2021-05-26 01:30:00+00:00,2021-05-26 08:00:00+00:00,2021-05-26 01:00:00+00:00,2021-05-26 08:15:00+00:00,2021-05-26 04:00:00+00:00,2021-05-26 05:00:00+00:00
2021-05-27,2021-05-27 01:30:00+00:00,2021-05-27 08:00:00+00:00,2021-05-27 01:00:00+00:00,2021-05-27 08:15:00+00:00,2021-05-27 04:00:00+00:00,2021-05-27 05:00:00+00:00
2021-05-28,2021-05-28 01:30:00+00:00,2021-05-28 08:00:00+00:00,2021-05-28 01:00:00+00:00,2021-05-28 08:15:00+00:00,2021-05-28 04:00:00+00:00,2021-05-28 05:00:00+00:00
2021-05-31,2021-05-31 01:30:00+00:00,2021-05-31 08:00:00+00:00,2021-05-31 01:00:00+00:00,2021-05-31 08:15:00+00:00,2021-05-31 04:00:00+00:00,2021-05-31 05:00:00+00:00
2021-06-01,2021-06-01 01:30:00+00:00,2021-06-01 08:00:00+00:00,2021-06-01 01:00:00+00:00,2021-06-01 08:15:00+00:00,2021-06-01 04:00:00+00:00,2021-06-01 05:00:00+00:00
2021-06-02,2021-06-02 01:30:00+00:00,2021-06-02 08:00:00+00:00,2021-06-02 01:00:00+00:00,2021-06-02 08:15:00+00:00,2021-06-02 04:00:00+00:00,2021-06-02 05:00:00+00:00
2021-06-03,2021-06-03 01:30:00+00:00,2021-06-03 08:00:00+00:00,2021-06-03 01:00:00+00:00,2021-06-03 08:15:00+00:00,2021-06-03 04:00:00+00:00,2021-06-03 05:00:00+00:00
2021-06-04,2021-06-04 01:30:00+00:00,2021-06-04 08:00:00+00:00,2021-06-04 01:00:00+00:00,2021-06-04 08:15:00+00:00,2021-06-04 04:00:00+00:00,2021-06-04 05:00:00+00:00
2021-06-07,2021-06-07 01:30:00+00:00,2021-06-07 08:00:00+00:00,2021-06-07 01:00:00+00:00,2021-06-07 08:15:00+00:00,2021-06-07 04:00:00+00:00,2021-06-07 05:00:00+00:00
2021-06-08,2021-06-08 01:30:00+00:00,2021-06-08 08:00:00+00:00,2021-06-08 01:00:00+00:00,2021-06-08 08:15:00+00:00,2021-06-08 04:00:00+00:00,2021-06-08 05:00:00+00:00
2021-06-09,2021-06-09 01:30:00+00:00,2021-06-09 08:00:00+00:00,2021-06-09 01:00:00+00:00,2021-06-09 08:15:00+00:00,2021-06-09 04:00:00+00:00,2021-06-09 05:00:00+00:00
2021-06-10,2021-06-10 01:30:00+00:00,2021-06-10 08:00:00+00:00,2021-06-10 01:00:00+00:00,2021-06-10 08:15:00+00:00,2021-06-10 04:00:00+00:00,2021-06-10 05:00:00+00:00
2021-06-11,2021-06-11 01:30:00+00:00,2021-06-11 08:00:00+00:00,2021-06-11 01:00:00+00:00,2021-06-11 08:15:00+00:00,2021-06-11 04:00:00+00:00,2021-06-11 05:00:00+00:00
2021-06-15,2021-06-15 01:30:00+00:00,2021-06-15 08:00:00+00:00,2021-06-15 01:00:00+00:00,2021-06-15 08:15:00+00:00,2021-06-15 04:00:00+00:00,2021-06-15 05:00:00+00:00
2021-06-16,2021-06-16 01:30:00+00:00,2021-06-16 08:00:00+00:00,2021-06-16 01:00:00+00:00,2021-06-16 08:15:00+00:00,2021-06-16 04:00:00+00:00,2021-06-16 05:00:00+00:00
2021-06-17,2021-06-17 01:30:00+00:00,2021-06-17 08:00:00+00:00,2021-06-17 01:00:00+00:00,2021-06-17 08:15:00+00:00,2021-06-17 04:00:00+00:00,2021-06-17 05:00:00+00:00
2021-06-18,2021-06-18 01:30:00+00:00,2021-06-18 08:00:00+00:00,2021-06-18 01:00:00+00:00,2021-06-18 08:15:00+00:00,2021-06-18 04:00:00+00:00,2021-06-18 05:00:00+00:00
2021-06-21,2021-06-21 01:30:00+00:00,2021-06-21 08:00:00+00:00,2021-06-21 01:00:00+00:00,2021-06-21 08:15:00+00:00,2021-06-21 04:00:00+00:00,2021-06-21 05:00:00+00:00
2021-06-22,2021-06-22 01:30:00+00:00,2021-06-22 08:00:00+00:00,2021-06-22 01:00:00+00:00,2021-06-22 08:15:00+00:00,2021-06-22 04:00:00+00:00,2021-06-22 05:00:00+00:00
2021-06-23,2021-06-23 01:30:00+00:00,2021-06-23 08:00:00+00:00,2021-06-23 01:00:00+00:00,2021-06-23 08:15:00+00:00,2021-06-23 04:00:00+00:00,2021-06-23 05:00:00+00:00
2021-06-24,2021-06-24 01:30:00+00:00,2021-06-24 08:00:00+00:00,2021-06-24 01:00:00+00:00,2021-06-24 08:15:00+00:00,2021-06-24 04:00:00+00:00,2021-06-24 05:00:00+00:00
2021-06-25,2021-06-25 01:30:00+00:00,2021-06-25 08:00:00+00:00,2021-06-25 01:00:00+00:00,2021-06-25 08:15:00+00:00,2021-06-25 04:00:00+00:00,2021-06-25 05:00:00+00:00
2021-06-28,2021-06-28 01:30:00+00:00,2021-06-28 08:00:00+00:00,2021-06-28 01:00:00+00:00,2021-06-28 08:15:00+00:00,2021-06-28 04:00:00+00:00,2021-06-28 05:00:00+00:00
2021-06-29,2021-06-29 01:30:00+00:00,2021-06-29 08:00:00+00:00,2021-06-29 01:00:00+00:00,2021-06-29 08:15:00+00:00,2021-06-29 04:00:00+00:00,2021-06-29 05:00:00+00:00
2021-06-30,2021-06-30 01:30:00+00:00,2021-06-30 08:00:00+00:00,2021-06-30 01:00:00+00:00,2021-06-30 08:15:00+00:00,2021-06-30 04:00:00+00:00,2021-06-30 05:00:00+00:00
2021-07-02,2021-07-02 01:30:00+00:00,2021-07-02 08:00:00+00:00,2021-07-02 01:00:00+00:00,2021-07-02 08:15:00+00:00,2021-07-02 04:00:00+00:00,2021-07-02 05:00:00+00:00
2021-07-05,2021-07-05 01:30:00+00:00,2021-07-05 08:00:00+00:00,2021-07-05 01:00:00+00:00,2021-07-05 08:15:00+00:00,2021-07-05 04:00:00+00:00,2021-07-05 05:00:00+00:00
2021-07-06,2021-07-06 01:30:00+00:00,2021-07-06 08:00:00+00:00,2021-07-06 01:00:00+00:00,2021-07-06 08:15:00+00:00,2021-07-06 04:00:00+00:00,2021-07-06 05:00:00+00:00
2021-07-07,2021-07-07 01:30:00+00:00,2021-07-07 08:00:00+00:00,2021-07-07 01:00:00+00:00,2021-07-07 08:15:00+00:00,2021-07-07 04:00:00+00:00,2021-07-07 05:00:00+00:00
2021-07-08,2021-07-08 01:30:00+00:00,2021-07-08 08:00:00+00:00,2021-07-08 01:00:00+00:00,2021-07-08 08:15:00+00:00,2021-07-08 04:00:00+00:00,2021-07-08 05:00:00+00:00
2021-07-09,2021-07-09 01:30:00+00:00,2021-07-09 08:00:00+00:00,2021-07-09 01:00:00+00:00,2021-07-09 08:15:00+00:00,2021-07-09 04:00:00+00:00,2021-07-09 05:00:00+00:00
2021-07-12,2021-07-12 01:30:00+00:00,2021-07-12 08:00:00+00:00,2021-07-12 01:00:00+00:00,2021-07-12 08:15:00+00:00,2021-07-12 04:00:00+00:00,2021-07-12 05:00:00+00:00
2021-07-13,2021-07-13 01:30:00+00:00,2021-07-13 08:00:00+00:00,2021-07-13 01:00:00+00:00,2021-07-13 08:15:00+00:00,2021-07-13 04:00:00+00:00,2021-07-13 05:00:00+00:00
2021-07-14,2021-07-14 01:30:00+00:00,2021-07-14 08:00:00+00:00,2021-07-14 01:00:00+00:00,2021-07-14 08:15:00+00:00,2021-07-14 04:00:00+00:00,2021-07-14 05:00:00+00:00
2021-07-15,2021-07-15 01:30:00+00:00,2021-07-15 08:00:00+00:00,2021-07-15 01:00:00+00:00,2021-07-15 08:15:00+00:00,2021-07-15 04:00:00+00:00,2021-07-15 05:00:00+00:00
2021-07-16,2021-07-16 01:30:00+00:00,2021-07-16 08:00:00+00:00,2021-07-16 01:00:00+00:00,2021-07-16 08:15:00+00:00,2021-07-16 04:00:00+00:00,2021-07-16 05:00:00+00:00
2021-07-19,2021-07-19 01:30:00+00:00,2021-07-19 08:00:00+00:00,2021-07-19 01:00:00+00:00,2021-07-19 08:15:00+00:00,2021-07-19 04:00:00+00:00,2021-07-19 05:00:00+00:00
2021-07-20,2021-07-20 01:30:00+00:00,2021-07-20 08:00:00+00:00,2021-07-20 01:00:00+00:00,2021-07-20 08:15:00+00:00,2021-07-20 04:00:00+00:00,2021-07-20 05:00:00+00:00
2021-07-21,2021-07-21 01:30:00+00:00,2021-07-21 08:00:00+00:00,2021-07-21 01:00:00+00:00,2021-07-21 08:15:00+00:00,2021-07-21 04:00:00+00:00,2021-07-21 05:00:00+00:00
2021-07-22,2021-07-22 01:30:00+00:00,2021-07-22 08:00:00+00:00,2021-07-22 01:00:00+00:00,2021-07-22 08:15:00+00:00,2021-07-22 04:00:00+00:00,2021-07-22 05:00:00+00:00
2021-07-23,2021-07-23 01:30:00+00:00,2021-07-23 08:00:00+00:00,2021-07-23 01:00:00+00:00,2021-07-23 08:15:00+00:00,2021-07-23 04:00:00+00:00,2021-07-23 05:00:00+00:00
2021-07-26,2021-07-26 01:30:00+00:00,2021-07-26 08:00:00+00:00,2021-07-26 01:00:00+00:00,2021-07-26 08:15:00+00:00,2021-07-26 04:00:00+00:00,2021-07-26 05:00:00+00:00
2021-07-27,2021-07-27 01:30:00+00:00,2021-07-27 08:00:00+00:00,2021-07-27 01:00:00+00:00,2021-07-27 08:15:00+00:00,2021-07-27 04:00:00+00:00,2021-07-27 05:00:00+00:00
2021-07-28,2021-07-28 01:30:00+00:00,2021-07-28 08:00:00+00:00,2021-07-28 01:00:00+00:00,2021-07-28 08:15:00+00:00,2021-07-28 04:00:00+00:00,2021-07-28 05:00:00+00:00
2021-07-29,2021-07-29 01:30:00+00:00,2021-07-29 08:00:00+00:00,2021-07-29 01:00:00+00:00,2021-07-29 08:15:00+00:00,2021-07-29 04:00:00+00:00,2021-07-29 05:00:00+00:00
2021-07-30,2021-07-30 01:30:00+00:00,2021-07-30 08:00:00+00:00,2021-07-30 01:00:00+00:00,2021-07-30 08:15:00+00:00,2021-07-30 04:00:00+00:00,2021-07-30 05:00:00+00:00
2021-08-02,2021-08-02 01:30:00+00:00,2021-08-02 08:00:00+00:00,2021-08-02 01:00:00+00:00,2021-08-02 08:15:00+00:00,2021-08-02 04:00:00+00:00,2021-08-02 05:00:00+00:00
2021-08-03,2021-08-03 01:30:00+00:00,2021-08-03 08:00:00+00:00,2021-08-03 01:00:00+00:00,2021-08-03 08:15:00+00:00,2021-08-03 04:00:00+00:00,2021-08-03 05:00:00+00:00
2021-08-04,2021-08-04 01:30:00+00:00,2021-08-04 08:00:00+00:00,2021-08-04 01:00:00+00:00,2021-08-04 08:15:00+00:00,2021-08-04 04:00:00+00:00,2021-08-04 05:00:00+00:00
2021-08-05,2021-08-05 01:30:00+00:00,2021-08-05 08:00:00+00:00,2021-08-05 01:00:00+00:00,2021-08-05 08:15:00+00:00,2021-08-05 04:00:00+00:00,2021-08-05 05:00:00+00:00
2021-08-06,2021-08-06 01:30:00+00:00,2021-08-06 08:00:00+00:00,2021-08-06 01:00:00+00:00,2021-08-06 08:15:00+00:00,2021-08-06 04:00:00+00:00,2021-08-06 05:00:00+00:00
2021-08-09,2021-08-09 01:30:00+00:00,2021-08-09 08:00:00+00:00,2021-08-09 01:00:00+00:00,2021-08-09 08:15:00+00:00,2021-08-09 04:00:00+00:00,2021-08-09 05:00:00+00:00
2021-08-10,2021-08-10 01:30:00+00:00,2021-08-10 08:00:00+00:00,2021-08-10 01:00:00+00:00,2021-08-10 08:15:00+00:00,2021-08-10 04:00:00+00:00,2021-08-10 05:00:00+00:00
2021-08-11,2021-08-11 01:30:00+00:00,2021-08-11 08:00:00+00:00,2021-08-11 01:00:00+00:00,2021-08-11 08:15:00+00:00,2021-08-11 04:00:00+00:00,2021-08-11 05:00:00+00:00
2021-08-12,2021-08-12 01:30:00+00:00,2021-08-12 08:00:00+00:00,2021-08-12 01:00:00+00:00,2021-08-12 08:15:00+00:00,2021-08-12 04:00:00+00:00,2021-08-12 05:00:00+00:00
2021-08-13,2021-08-13 01:30:00+00:00,2021-08-13 08:00:00+00:00,2021-08-13 01:00:00+00:00,2021-08-13 08:15:00+00:00,2021-08-13 04:00:00+00:00,2021-08-13 05:00:00+00:00
2021-08-16,2021-08-16 01:30:00+00:00,2021-08-16 08:00:00+00:00,2021-08-16 01:00:00+00:00,2021-08-16 08:15:00+00:00,2021-08-16 04:00:00+00:00,2021-08-16 05:00:00+00:00
2021-08-17,2021-08-17 01:30:00+00:00,2021-08-17 08:00:00+00:00,2021-08-17 01:00:00+00:00,2021-08-17 08:15:00+00:00,2021-08-17 04:00:00+00:00,2021-08-17 05:00:00+00:00
2021-08-18,2021-08-18 01:30:00+00:00,2021-08-18 08:00:00+00:00,2021-08-18 01:00:00+00:00,2021-08-18 08:15:00+00:00,2021-08-18 04:00:00+00:00,2021-08-18 05:00:00+00:00
2021-08-19,2021-08-19 01:30:00+00:00,2021-08-19 08:00:00+00:00,2021-08-19 01:00:00+00:00,2021-08-19 08:15:00+00:00,2021-08-19 04:00:00+00:00,2021-08-19 05:00:00+00:00
2021-08-20,2021-08-20 01:30:00+00:00,2021-08-20 08:00:00+00:00,2021-08-20 01:00:00+00:00,2021-08-20 08:15:00+00:00,2021-08-20 04:00:00+00:00,2021-08-20 05:00:00+00:00
2021-08-23,2021-08-23 01:30:00+00:00,2021-08-23 08:00:00+00:00,2021-08-23 01:00:00+00:00,2021-08-23 08:15:00+00:00,2021-08-23 04:00:00+00:00,2021-08-23 05:00:00+00:00
2021-08-24,2021-08-24 01:30:00+00:00,2021-08-24 08:00:00+00:00,2021-08-24 01:00:00+00:00,2021-08-24 08:15:00+00:00,2021-08-24 04:00:00+00:00,2021-08-24 05:00:00+00:00
2021-08-25,2021-08-25 01:30:00+00:00,2021-08-25 08:00:00+00:00,2021-08-25 01:00:00+00:00,2021-08-25 08:15:00+00:00,2021-08-25 04:00:00+00:00,2021-08-25 05:00:00+00:00
2021-08-26,2021-08-26 01:30:00+00:00,2021-08-26 08:00:00+00:00,2021-08-26 01:00:00+00:00,2021-08-26 08:15:00+00:00,2021-08-26 04:00:00+00:00,2021-08-26 05:00:00+00:00
2021-08-27,2021-08-27 01:30:00+00:00,2021-08-27 08:00:00+00:00,2021-08-27 01:00:00+00:00,2021-08-27 08:15:00+00:00,2021-08-27 04:00:00+00:00,2021-08-27 05:00:00+00:00
2021-08-30,2021-08-30 01:30:00+00:00,2021-08-30 08:00:00+00:00,2021-08-30 01:00:00+00:00,2021-08-30 08:15:00+00:00,2021-08-30 04:00:00+00:00,2021-08-30 05:00:00+00:00
2021-08-31,2021-08-31 01:30:00+00:00,2021-08-31 08:00:00+00:00,2021-08-31 01:00:00+00:00,2021-08-31 08:15:00+00:00,2021-08-31 04:00:00+00:00,2021-08-31 05:00:00+00:00
2021-09-01,2021-09-01 01:30:00+00:00,2021-09-01 08:00:00+00:00,2021-09-01 01:00:00+00:00,2021-09-01 08:15:00+00:00,2021-09-01 04:00:00+00:00,2021-09-01 05:00:00+00:00
2021-09-02,2021-09-02 01:30:00+00:00,2021-09-02 08:00:00+00:00,2021-09-02 01:00:00+00:00,2021-09-02 08:15:00+00:00,2021-09-02 04:00:00+00:00,2021-09-02 05:00:00+00:00
2021-09-03,2021-09-03 01:30:00+00:00,2021-09-03 08:00:00+00:00,2021-09-03 01:00:00+00:00,2021-09-03 08:15:00+00:00,2021-09-03 04:00:00+00:00,2021-09-03 05:00:00+00:00
2021-09-06,2021-09-06 01:30:00+00:00,2021-09-06 08:00:00+00:00,2021-09-06 01:00:00+00:00,2021-09-06 08:15:00+00:00,2021-09-06 04:00:00+00:00,2021-09-06 05:00:00+00:00
2021-09-07,2021-09-07 01:30:00+00:00,2021-09-07 08:00:00+00:00,2021-09-07 01:00:00+00:00,2021-09-07 08:15:00+00:00,2021-09-07 04:00:00+00:00,2021-09-07 05:00:00+00:00
2021-09-08,2021-09-08 01:30:00+00:00,2021-09-08 08:00:00+00:00,2021-09-08 01:00:00+00:00,2021-09-08 08:15:00+00:00,2021-09-08 04:00:00+00:00,2021-09-08 05:00:00+00:00
2021-09-09,2021-09-09 01:30:00+00:00,2021-09-09 08:00:00+00:00,2021-09-09 01:00:00+00:00,2021-09-09 08:15:00+00:00,2021-09-09 04:00:00+00:00,2021-09-09 05:00:00+00:00
2021-09-10,2021-09-10 01:30:00+00:00,2021-09-10 08:00:00+00:00,2021-09-10 01:00:00+00:00,2021-09-10 08:15:00+00:00,2021-09-10 04:00:00+00:00,2021-09-10 05:00:00+00:00
2021-09-13,2021-09-13 01:30:00+00:00,2021-09-13 08:00:00+00:00,2021-09-13 01:00:00+00:00,2021-09-13 08:15:00+00:00,2021-09-13 04:00:00+00:00,2021-09-13 05:00:00+00:00
2021-09-14,2021-09-14 01:30:00+00:00,2021-09-14 08:00:00+00:00,2021-09-14 01:00:00+00:00,2021-09-14 08:15:00+00:00,2021-09-14 04:00:00+00:00,2021-09-14 05:00:00+00:00
2021-09-15,2021-09-15 01:30:00+00:00,2021-09-15 08:00:00+00:00,2021-09-15 01:00:00+00:00,2021-09-15 08:15:00+00:00,2021-09-15 04:00:00+00:00,2021-09-15 05:00:00+00:00
2021-09-16,2021-09-16 01:30:00+00:00,2021-09-16 08:00:00+00:00,2021-09-16 01:00:00+00:00,2021-09-16 08:15:00+00:00,2021-09-16 04:00:00+00:00,2021-09-16 05:00:00+00:00
2021-09-17,2021-09-17 01:30:00+00:00,2021-09-17 08:00:00+00:00,2021-09-17 01:00:00+00:00,2021-09-17 08:15:00+00:00,2021-09-17 04:00:00+00:00,2021-09-17 05:00:00+00:00
2021-09-20,2021-09-20 01:30:00+00:00,2021-09-20 08:00:00+00:00,2021-09-20 01:00:00+00:00,2021-09-20 08:15:00+00:00,2021-09-20 04:00:00+00:00,2021-09-20 05:00:00+00:00
2021-09-21,2021-09-21 01:30:00+00:00,2021-09-21 08:00:00+00:00,2021-09-21 01:00:00+00:00,2021-09-21 08:15:00+00:00,2021-09-21 04:00:00+00:00,2021-09-21 05:00:00+00:00
2021-09-23,2021-09-23 01:30:00+00:00,2021-09-23 08:00:00+00:00,2021-09-23 01:00:00+00:00,2021-09-23 08:15:00+00:00,2021-09-23 04:00:00+00:00,2021-09-23 05:00:00+00:00
2021-09-24,2021-09-24 01:30:00+00:00,2021-09-24 08:00:00+00:00,2021-09-24 01:00:00+00:00,2021-09-24 08:15:00+00:00,2021-09-24 04:00:00+00:00,2021-09-24 05:00:00+00:00
2021-09-27,2021-09-27 01:30:00+00:00,2021-09-27 08:00:00+00:00,2021-09-27 01:00:00+00:00,2021-09-27 08:15:00+00:00,2021-09-27 04:00:00+00:00,2021-09-27 05:00:00+00:00
2021-09-28,2021-09-28 01:30:00+00:00,2021-09-28 08:00:00+00:00,2021-09-28 01:00:00+00:00,2021-09-28 08:15:00+00:00,2021-09-28 04:00:00+00:00,2021-09-28 05:00:00+00:00
2021-09-29,2021-09-29 01:30:00+00:00,2021-09-29 08:00:00+00:00,2021-09-29 01:00:00+00:00,2021-09-29 08:15:00+00:00,2021-09-29 04:00:00+00:00,2021-09-29 05:00:00+00:00
2021-09-30,2021-09-30 01:30:00+00:00,2021-09-30 08:00:00+00:00,2021-09-30 01:00:00+00:00,2021-09-30 08:15:00+00:00,2021-09-30 04:00:00+00:00,2021-09-30 05:00:00+00:00
2021-10-04,2021-10-04 01:30:00+00:00,2021-10-04 08:00:00+00:00,2021-10-04 01:00:00+00:00,2021-10-04 08:15:00+00:00,2021-10-04 04:00:00+00:00,2021-10-04 05:00:00+00:00
2021-10-05,2021-10-05 01:30:00+00:00,2021-10-05 08:00:00+00:00,2021-10-05 01:00:00+00:00,2021-10-05 08:15:00+00:00,2021-10-05 04:00:00+00:00,2021-10-05 05:00:00+00:00
2021-10-06,2021-10-06 01:30:00+00:00,2021-10-06 08:00:00+00:00,2021-10-06 01:00:00+00:00,2021-10-06 08:15:00+00:00,2021-10-06 04:00:00+00:00,2021-10-06 05:00:00+00:00
2021-10-07,2021-10-07 01:30:00+00:00,2021-10-07 08:00:00+00:00,2021-10-07 01:00:00+00:00,2021-10-07 08:15:00+00:00,2021-10-07 04:00:00+00:00,2021-10-07 05:00:00+00:00
2021-10-08,2021-10-08 01:30:00+00:00,2021-10-08 08:00:00+00:00,2021-10-08 01:00:00+00:00,2021-10-08 08:15:00+00:00,2021-10-08 04:00:00+00:00,2021-10-08 05:00:00+00:00
2021-10-11,2021-10-11 01:30:00+00:00,2021-10-11 08:00:00+00:00,2021-10-11 01:00:00+00:00,2021-10-11 08:15:00+00:00,2021-10-11 04:00:00+00:00,2021-10-11 05:00:00+00:00
2021-10-12,2021-10-12 01:30:00+00:00,2021-10-12 08:00:00+00:00,2021-10-12 01:00:00+00:00,2021-10-12 08:15:00+00:00,2021-10-12 04:00:00+00:00,2021-10-12 05:00:00+00:00
2021-10-15,2021-10-15 01:30:00+00:00,2021-10-15 08:00:00+00:00,2021-10-15 01:00:00+00:00,2021-10-15 08:15:00+00:00,2021-10-15 04:00:00+00:00,2021-10-15 05:00:00+00:00
2021-10-18,2021-10-18 01:30:00+00:00,2021-10-18 08:00:00+00:00,2021-10-18 01:00:00+00:00,2021-10-18 08:15:00+00:00,2021-10-18 04:00:00+00:00,2021-10-18 05:00:00+00:00
2021-10-19,2021-10-19 01:30:00+00:00,2021-10-19 08:00:00+00:00,2021-10-19 01:00:00+00:00,2021-10-19 08:15:00+00:00,2021-10-19 04:00:00+00:00,2021-10-19 05:00:00+00:00
2021-10-20,2021-10-20 01:30:00+00:00,2021-10-20 08:00:00+00:00,2021-10-20 01:00:00+00:00,2021-10-20 08:15:00+00:00,2021-10-20 04:00:00+00:00,2021-10-20 05:00:00+00:00
2021-10-21,2021-10-21 01:30:00+00:00,2021-10-21 08:00:00+00:00,2021-10-21 01:00:00+00:00,2021-10-21 08:15:00+00:00,2021-10-21 04:00:00+00:00,2021-10-21 05:00:00+00:00
2021-10-22,2021-10-22 01:30:00+00:00,2021-10-22 08:00:00+00:00,2021-10-22 01:00:00+00:00,2021-10-22 08:15:00+00:00,2021-10-22 04:00:00+00:00,2021-10-22 05:00:00+00:00
2021-10-25,2021-10-25 01:30:00+00:00,2021-10-25 08:00:00+00:00,2021-10-25 01:00:00+00:00,2021-10-25 08:15:00+00:00,2021-10-25 04:00:00+00:00,2021-10-25 05:00:00+00:00
2021-10-26,2021-10-26 01:30:00+00:00,2021-10-26 08:00:00+00:00,2021-10-26 01:00:00+00:00,2021-10-26 08:15:00+00:00,2021-10-26 04:00:00+00:00,2021-10-26 05:00:00+00:00
2021-10-27,2021-10-27 01:30:00+00:00,2021-10-27 08:00:00+00:00,2021-10-27 01:00:00+00:00,2021-10-27 08:15:00+00:00,2021-10-27 04:00:00+00:00,2021-10-27 05:00:00+00:00
2021-10-28,2021-10-28 01:30:00+00:00,2021-10-28 08:00:00+00:00,2021-10-28 01:00:00+00:00,2021-10-28 08:15:00+00:00,2021-10-28 04:00:00+00:00,2021-10-28 05:00:00+00:00
2021-10-29,2021-10-29 01:30:00+00:00,2021-10-29 08:00:00+00:00,2021-10-29 01:00:00+00:00,2021-10-29 08:15:00+00:00,2021-10-29 04:00:00+00:00,2021-10-29 05:00:00+00:00
2021-11-01,2021-11-01 01:30:00+00:00,2021-11-01 08:00:00+00:00,2021-11-01 01:00:00+00:00,2021-11-01 08:15:00+00:00,2021-11-01 04:00:00+00:00,2021-11-01 05:00:00+00:00
2021-11-02,2021-11-02 01:30:00+00:00,2021-11-02 08:00:00+00:00,2021-11-02 01:00:00+00:00,2021-11-02 08:15:00+00:00,2021-11-02 04:00:00+00:00,2021-11-02 05:00:00+00:00
2021-11-03,2021-11-03 01:30:00+00:00,2021-11-03 08:00:00+00:00,2021-11-03 01:00:00+00:00,2021-11-03 08:15:00+00:00,2021-11-03 04:00:00+00:00,2021-11-03 05:00:00+00:00
2021-11-04,2021-11-04 01:30:00+00:00,2021-11-04 08:00:00+00:00,2021-11-04 01:00:00+00:00,2021-11-04 08:15:00+00:00,2021-11-04 04:00:00+00:00,2021-11-04 05:00:00+00:00
2021-11-05,2021-11-05 01:30:00+00:00,2021-11-05 08:00:00+00:00,2021-11-05 01:00:00+00:00,2021-11-05 08:15:00+00:00,2021-11-05 04:00:00+00:00,2021-11-05 05:00:00+00:00
2021-11-08,2021-11-08 01:30:00+00:00,2021-11-08 08:00:00+00:00,2021-11-08 01:00:00+00:00,2021-11-08 08:15:00+00:00,2021-11-08 04:00:00+00:00,2021-11-08 05:00:00+00:00
2021-11-09,2021-11-09 01:30:00+00:00,2021-11-09 08:00:00+00:00,2021-11-09 01:00:00+00:00,2021-11-09 08:15:00+00:00,2021-11-09 04:00:00+00:00,2021-11-09 05:00:00+00:00
2021-11-10,2021-11-10 01:30:00+00:00,2021-11-10 08:00:00+00:00,2021-11-10 01:00:00+00:00,2021-11-10 08:15:00+00:00,2021-11-10 04:00:00+00:00,2021-11-10 05:00:00+00:00
2021-11-11,2021-11-11 01:30:00+00:00,2021-11-11 08:00:00+00:00,2021-11-11 01:00:00+00:00,2021-11-11 08:15:00+00:00,2021-11-11 04:00:00+00:00,2021-11-11 05:00:00+00:00
2021-11-12,2021-11-12 01:30:00+00:00,2021-11-12 08:00:00+00:00,2021-11-12 01:00:00+00:00,2021-11-12 08:15:00+00:00,2021-11-12 04:00:00+00:00,2021-11-12 05:00:00+00:00
2021-11-15,2021-11-15 01:30:00+00:00,2021-11-15 08:00:00+00:00,2021-11-15 01:00:00+00:00,2021-11-15 08:15:00+00:00,2021-11-15 04:00:00+00:00,2021-11-15 05:00:00+00:00
2021-11-16,2021-11-16 01:30:00+00:00,2021-11-16 08:00:00+00:00,2021-11-16 01:00:00+00:00,2021-11-16 08:15:00+00:00,2021-11-16 04:00:00+00:00,2021-11-16 05:00:00+00:00
2021-11-17,2021-11-17 01:30:00+00:00,2021-11-17 08:00:00+00:00,2021-11-17 01:00:00+00:00,2021-11-17 08:15:00+00:00,2021-11-17 04:00:00+00:00,2021-11-17 05:00:00+00:00
2021-11-18,2021-11-18 01:30:00+00:00,2021-11-18 08:00:00+00:00,2021-11-18 01:00:00+00:00,2021-11-18 08:15:00+00:00,2021-11-18 04:00:00+00:00,2021-11-18 05:00:00+00:00
2021-11-19,2021-11-19 01:30:00+00:00,2021-11-19 08:00:00+00:00,2021-11-19 01:00:00+00:00,2021-11-19 08:15:00+00:00,2021-11-19 04:00:00+00:00,2021-11-19 05:00:00+00:00
2021-11-22,2021-11-22 01:30:00+00:00,2021-11-22 08:00:00+00:00,2021-11-22 01:00:00+00:00,2021-11-22 08:15:00+00:00,2021-11-22 04:00:00+00:00,2021-11-22 05:00:00+00:00
2021-11-23,2021-11-23 01:30:00+00:00,2021-11-23 08:00:00+00:00,2021-11-23 01:00:00+00:00,2021-11-23 08:15:00+00:00,2021-11-23 04:00:00+00:00,2021-11-23 05:00:00+00:00
2021-11-24,2021-11-24 01:30:00+00:00,2021-11-24 08:00:00+00:00,2021-11-24 01:00:00+00:00,2021-11-24 08:15:00+00:00,2021-11-24 04:00:00+00:00,2021-11-24 05:00:00+00:00
2021-11-25,2021-11-25 01:30:00+00:00,2021-11-25 08:00:00+00:00,2021-11-25 01:00:00+00:00,2021-11-25 08:15:00+00:00,2021-11-25 04:00:00+00:00,2021-11-25 05:00:00+00:00
2021-11-26,2021-11-26 01:30:00+00:00,2021-11-26 08:00:00+00:00,2021-11-26 01:00:00+00:00,2021-11-26 08:15:00+00:00,2021-11-26 04:00:00+00:00,2021-11-26 05:00:00+00:00
2021-11-29,2021-11-29 01:30:00+00:00,2021-11-29 08:00:00+00:00,2021-11-29 01:00:00+00:00,2021-11-29 08:15:00+00:00,2021-11-29 04:00:00+00:00,2021-11-29 05:00:00+00:00
2021-11-30,2021-11-30 01:30:00+00:00,2021-11-30 08:00:00+00:00,2021-11-30 01:00:00+00:00,2021-11-30 08:15:00+00:00,2021-11-30 04:00:00+00:00,2021-11-30 05:00:00+00:00
2021-12-01,2021-12-01 01:30:00+00:00,2021-12-01 08:00:00+00:00,2021-12-01 01:00:00+00:00,2021-12-01 08:15:00+00:00,2021-12-01 04:00:00+00:00,2021-12-01 05:00:00+00:00
2021-12-02,2021-12-02 01:30:00+00:00,2021-12-02 08:00:00+00:00,2021-12-02 01:00:00+00:00,2021-12-02 08:15:00+00:00,2021-12-02 04:00:00+00:00,2021-12-02 05:00:00+00:00
2021-12-03,2021-12-03 01:30:00+00:00,2021-12-03 08:00:00+00:00,2021-12-03 01:00:00+00:00,2021-12-03 08:15:00+00:00,2021-12-03 04:00:00+00:00,2021-12-03 05:00:00+00:00
2021-12-06,2021-12-06 01:30:00+00:00,2021-12-06 08:00:00+00:00,2021-12-06 01:00:00+00:00,2021-12-06 08:15:00+00:00,2021-12-06 04:00:00+00:00,2021-12-06 05:00:00+00:00
2021-12-07,2021-12-07 01:30:00+00:00,2021-12-07 08:00:00+00:00,2021-12-07 01:00:00+00:00,2021-12-07 08:15:00+00:00,2021-12-07 04:00:00+00:00,2021-12-07 05:00:00+00:00
2021-12-08,2021-12-08 01:30:00+00:00,2021-12-08 08:00:00+00:00,2021-12-08 01:00:00+00:00,2021-12-08 08:15:00+00:00,2021-12-08 04:00:00+00:00,2021-12-08 05:00:00+00:00
2021-12-09,2021-12-09 01:30:00+00:00,2021-12-09 08:00:00+00:00,2021-12-09 01:00:00+00:00,2021-12-09 08:15:00+00:00,2021-12-09 04:00:00+00:00,2021-12-09 05:00:00+00:00
2021-12-10,2021-12-10 01:30:00+00:00,2021-12-10 08:00:00+00:00,2021-12-10 01:00:00+00:00,2021-12-10 08:15:00+00:00,2021-12-10 04:00:00+00:00,2021-12-10 05:00:00+00:00
2021-12-13,2021-12-13 01:30:00+00:00,2021-12-13 08:00:00+00:00,2021-12-13 01:00:00+00:00,2021-12-13 08:15:00+00:00,2021-12-13 04:00:00+00:00,2021-12-13 05:00:00+00:00
2021-12-14,2021-12-14 01:30:00+00:00,2021-12-14 08:00:00+00:00,2021-12-14 01:00:00+00:00,2021-12-14 08:15:00+00:00,2021-12-14 04:00:00+00:00,2021-12-14 05:00:00+00:00
2021-12-15,2021-12-15 01:30:00+00:00,2021-12-15 08:00:00+00:00,2021-12-15 01:00:00+00:00,2021-12-15 08:15:00+00:00,2021-12-15 04:00:00+00:00,2021-12-15 05:00:00+00:00
2021-12-16,2021-12-16 01:30:00+00:00,2021-12-16 08:00:00+00:00,2021-12-16 01:00:00+00:00,2021-12-16 08:15:00+00:00,2021-12-16 04:00:00+00:00,2021-12-16 05:00:00+00:00
2021-12-17,2021-12-17 01:30:00+00:00,2021-12-17 08:00:00+00:00,2021-12-17 01:00:00+00:00,2021-12-17 08:15:00+00:00,2021-12-17 04:00:00+00:00,2021-12-17 05:00:00+00:00
2021-12-20,2021-12-20 01:30:00+00:00,2021-12-20 08:00:00+00:00,2021-12-20 01:00:00+00:00,2021-12-20 08:15:00+00:00,2021-12-20 04:00:00+00:00,2021-12-20 05:00:00+00:00
2021-12-21,2021-12-21 01:30:00+00:00,2021-12-21 08:00:00+00:00,2021-12-21 01:00:00+00:00,2021-12-21 08:15:00+00:00,2021-12-21 04:00:00+00:00,2021-12-21 05:00:00+00:00
2021-12-22,2021-12-22 01:30:00+00:00,2021-12-22 08:00:00+00:00,2021-12-22 01:00:00+00:00,2021-12-22 08:15:00+00:00,2021-12-22 04:00:00+00:00,2021-12-22 05:00:00+00:00
2021-12-23,2021-12-23 01:30:00+00:00,2021-12-23 08:00:00+00:00,2021-12-23 01:00:00+00:00,2021-12-23 08:15:00+00:00,2021-12-23 04:00:00+00:00,2021-12-23 05:00:00+00:00
2021-12-24,2021-12-24 01:30:00+00:00,2021-12-24 04:00:00+00:00,2021-12-24 01:00:00+00:00,2021-12-24 04:15:00+00:00,,
2021-12-28,2021-12-28 01:30:00+00:00,2021-12-28 08:00:00+00:00,2021-12-28 01:00:00+00:00,2021-12-28 08:15:00+00:00,2021-12-28 04:00:00+00:00,2021-12-28 05:00:00+00:00
2021-12-29,2021-12-29 01:30:00+00:00,2021-12-29 08:00:00+00:00,2021-12-29 01:00:00+00:00,2021-12-29 08:15:00+00:00,2021-12-29 04:00:00+00:00,2021-12-29 05:00:00+00:00
2021-12-30,2021-12-30 01:30:00+00:00,2021-12-30 08:00:00+00:00,2021-12-30 01:00:00+00:00,2021-12-30 08:15:00+00:00,2021-12-30 04:00:00+00:00,2021-12-30 05:00:00+00:00
2021-12-31,2021-12-31 01:30:00+00:00,2021-12-31 04:00:00+00:00,2021-12-31 01:00:00+00:00,2021-12-31 04:15:00+00:00,,
2022-01-03,2022-01-03 01:30:00+00:00,2022-01-03 08:00:00+00:00,2022-01-03 01:00:00+00:00,2022-01-03 08:15:00+00:00,2022-01-03 04:00:00+00:00,2022-01-03 05:00:00+00:00
2022-01-04,2022-01-04 01:30:00+00:00,2022-01-04 08:00:00+00:00,2022-01-04 01:00:00+00:00,2022-01-04 08:15:00+00:00,2022-01-04 04:00:00+00:00,2022-01-04 05:00:00+00:00
2022-01-05,2022-01-05 01:30:00+00:00,2022-01-05 08:00:00+00:00,2022-01-05 01:00:00+00:00,2022-01-05 08:15:00+00:00,2022-01-05 04:00:00+00:00,2022-01-05 05:00:00+00:00
2022-01-06,2022-01-06 01:30:00+00:00,2022-01-06 08:00:00+00:00,2022-01-06 01:00:00+00:00,2022-01-06 08:15:00+00:00,2022-01-06 04:00:00+00:00,2022-01-06 05:00:00+00:00
2022-01-07,2022-01-07 01:30:00+00:00,2022-01-07 08:00:00+00:00,2022-01-07 01:00:00+00:00,2022-01-07 08:15:00+00:00,2022-01-07 04:00:00+00:00,2022-01-07 05:00:00+00:00
2022-01-10,2022-01-10 01:30:00+00:00,2022-01-10 08:00:00+00:00,2022-01-10 01:00:00+00:00,2022-01-10 08:15:00+00:00,2022-01-10 04:00:00+00:00,2022-01-10 05:00:00+00:00
2022-01-11,2022-01-11 01:30:00+00:00,2022-01-11 08:00:00+00:00,2022-01-11 01:00:00+00:00,2022-01-11 08:15:00+00:00,2022-01-11 04:00:00+00:00,2022-01-11 05:00:00+00:00
2022-01-12,2022-01-12 01:30:00+00:00,2022-01-12 08:00:00+00:00,2022-01-12 01:00:00+00:00,2022-01-12 08:15:00+00:00,2022-01-12 04:00:00+00:00,2022-01-12 05:00:00+00:00
2022-01-13,2022-01-13 01:30:00+00:00,2022-01-13 08:00:00+00:00,2022-01-13 01:00:00+00:00,2022-01-13 08:15:00+00:00,2022-01-13 04:00:00+00:00,2022-01-13 05:00:00+00:00
2022-01-14,2022-01-14 01:30:00+00:00,2022-01-14 08:00:00+00:00,2022-01-14 01:00:00+00:00,2022-01-14 08:15:00+00:00,2022-01-14 04:00:00+00:00,2022-01-14 05:00:00+00:00
2022-01-17,2022-01-17 01:30:00+00:00,2022-01-17 08:00:00+00:00,2022-01-17 01:00:00+00:00,2022-01-17 08:15:00+00:00,2022-01-17 04:00:00+00:00,2022-01-17 05:00:00+00:00
2022-01-18,2022-01-18 01:30:00+00:00,2022-01-18 08:00:00+00:00,2022-01-18 01:00:00+00:00,2022-01-18 08:15:00+00:00,2022-01-18 04:00:00+00:00,2022-01-18 05:00:00+00:00
2022-01-19,2022-01-19 01:30:00+00:00,2022-01-19 08:00:00+00:00,2022-01-19 01:00:00+00:00,2022-01-19 08:15:00+00:00,2022-01-19 04:00:00+00:00,2022-01-19 05:00:00+00:00
2022-01-20,2022-01-20 01:30:00+00:00,2022-01-20 08:00:00+00:00,2022-01-20 01:00:00+00:00,2022-01-20 08:15:00+00:00,2022-01-20 04:00:00+00:00,2022-01-20 05:00:00+00:00
2022-01-21,2022-01-21 01:30:00+00:00,2022-01-21 08:00:00+00:00,2022-01-21 01:00:00+00:00,2022-01-21 08:15:00+00:00,2022-01-21 04:00:00+00:00,2022-01-21 05:00:00+00:00
2022-01-24,2022-01-24 01:30:00+00:00,2022-01-24 08:00:00+00:00,2022-01-24 01:00:00+00:00,2022-01-24 08:15:00+00:00,2022-01-24 04:00:00+00:00,2022-01-24 05:00:00+00:00
2022-01-25,2022-01-25 01:30:00+00:00,2022-01-25 08:00:00+00:00,2022-01-25 01:00:00+00:00,2022-01-25 08:15:00+00:00,2022-01-25 04:00:00+00:00,2022-01-25 05:00:00+00:00
2022-01-26,2022-01-26 01:30:00+00:00,2022-01-26 08:00:00+00:00,2022-01-26 01:00:00+00:00,2022-01-26 08:15:00+00:00,2022-01-26 04:00:00+00:00,2022-01-26 05:00:00+00:00
2022-01-27,2022-01-27 01:30:00+00:00,2022-01-27 08:00:00+00:00,2022-01-27 01:00:00+00:00,2022-01-27 08:15:00+00:00,2022-01-27 04:00:00+00:00,2022-01-27 05:00:00+00:00
2022-01-28,2022-01-28 01:30:00+00:00,2022-01-28 08:00:00+00:00,2022-01-28 01:00:00+00:00,2022-01-28 08:15:00+00:00,2022-01-28 04:00:00+00:00,2022-01-28 05:00:00+00:00
2022-01-31,2022-01-31 01:30:00+00:00,2022-01-31 04:00:00+00:00,2022-01-31 01:00:00+00:00,2022-01-31 04:15:00+00:00,,
2022-02-04,2022-02-04 01:30:00+00:00,2022-02-04 08:00:00+00:00,2022-02-04 01:00:00+00:00,2022-02-04 08:15:00+00:00,2022-02-04 04:00:00+00:00,2022-02-04 05:00:00+00:00
2022-02-07,2022-02-07 01:30:00+00:00,2022-02-07 08:00:00+00:00,2022-02-07 01:00:00+00:00,2022-02-07 08:15:00+00:00,2022-02-07 04:00:00+00:00,2022-02-07 05:00:00+00:00
2022-02-08,2022-02-08 01:30:00+00:00,2022-02-08 08:00:00+00:00,2022-02-08 01:00:00+00:00,2022-02-08 08:15:00+00:00,2022-02-08 04:00:00+00:00,2022-02-08 05:00:00+00:00
2022-02-09,2022-02-09 01:30:00+00:00,2022-02-09 08:00:00+00:00,2022-02-09 01:00:00+00:00,2022-02-09 08:15:00+00:00,2022-02-09 04:00:00+00:00,2022-02-09 05:00:00+00:00
2022-02-10,2022-02-10 01:30:00+00:00,2022-02-10 08:00:00+00:00,2022-02-10 01:00:00+00:00,2022-02-10 08:15:00+00:00,2022-02-10 04:00:00+00:00,2022-02-10 05:00:00+00:00
2022-02-11,2022-02-11 01:30:00+00:00,2022-02-11 08:00:00+00:00,2022-02-11 01:00:00+00:00,2022-02-11 08:15:00+00:00,2022-02-11 04:00:00+00:00,2022-02-11 05:00:00+00:00
2022-02-14,2022-02-14 01:30:00+00:00,2022-02-14 08:00:00+00:00,2022-02-14 01:00:00+00:00,2022-02-14 08:15:00+00:00,2022-02-14 04:00:00+00:00,2022-02-14 05:00:00+00:00
2022-02-15,2022-02-15 01:30:00+00:00,2022-02-15 08:00:00+00:00,2022-02-15 01:00:00+00:00,2022-02-15 08:15:00+00:00,2022-02-15 04:00:00+00:00,2022-02-15 05:00:00+00:00
2022-02-16,2022-02-16 01:30:00+00:00,2022-02-16 08:00:00+00:00,2022-02-16 01:00:00+00:00,2022-02-16 08:15:00+00:00,2022-02-16 04:00:00+00:00,2022-02-16 05:00:00+00:00
2022-02-17,2022-02-17 01:30:00+00:00,2022-02-17 08:00:00+00:00,2022-02-17 01:00:00+00:00,2022-02-17 08:15:00+00:00,2022-02-17 04:00:00+00:00,2022-02-17 05:00:00+00:00
2022-02-18,2022-02-18 01:30:00+00:00,2022-02-18 08:00:00+00:00,2022-02-18 01:00:00+00:00,2022-02-18 08:15:00+00:00,2022-02-18 04:00:00+00:00,2022-02-18 05:00:00+00:00
2022-02-21,2022-02-21 01:30:00+00:00,2022-02-21 08:00:00+00:00,2022-02-21 01:00:00+00:00,2022-02-21 08:15:00+00:00,2022-02-21 04:00:00+00:00,2022-02-21 05:00:00+00:00
2022-02-22,2022-02-22 01:30:00+00:00,2022-02-22 08:00:00+00:00,2022-02-22 01:00:00+00:00,2022-02-22 08:15:00+00:00,2022-02-22 04:00:00+00:00,2022-02-22 05:00:00+00:00
2022-02-23,2022-02-23 01:30:00+00:00,2022-02-23 08:00:00+00:00,2022-02-23 01:00:00+00:00,2022-02-23 08:15:00+00:00,2022-02-23 04:00:00+00:00,2022-02-23 05:00:00+00:00
2022-02-24,2022-02-24 01:30:00+00:00,2022-02-24 08:00:00+00:00,2022-02-24 01:00:00+00:00,2022-02-24 08:15:00+00:00,2022-02-24 04:00:00+00:00,2022-02-24 05:00:00+00:00
2022-02-25,2022-02-25 01:30:00+00:00,2022-02-25 08:00:00+00:00,2022-02-25 01:00:00+00:00,2022-02-25 08:15:00+00:00,2022-02-25 04:00:00+00:00,2022-02-25 05:00:00+00:00
2022-02-28,2022-02-28 01:30:00+00:00,2022-02-28 08:00:00+00:00,2022-02-28 01:00:00+00:00,2022-02-28 08:15:00+00:00,2022-02-28 04:00:00+00:00,2022-02-28 05:00:00+00:00
2022-03-01,2022-03-01 01:30:00+00:00,2022-03-01 08:00:00+00:00,2022-03-01 01:00:00+00:00,2022-03-01 08:15:00+00:00,2022-03-01 04:00:00+00:00,2022-03-01 05:00:00+00:00
2022-03-02,2022-03-02 01:30:00+00:00,2022-03-02 08:00:00+00:00,2022-03-02 01:00:00+00:00,2022-03-02 08:15:00+00:00,2022-03-02 04:00:00+00:00,2022-03-02 05:00:00+00:00
2022-03-03,2022-03-03 01:30:00+00:00,2022-03-03 08:00:00+00:00,2022-03-03 01:00:00+00:00,2022-03-03 08:15:00+00:00,2022-03-03 04:00:00+00:00,2022-03-03 05:00:00+00:00
2022-03-04,2022-03-04 01:30:00+00:00,2022-03-04 08:00:00+00:00,2022-03-04 01:00:00+00:00,2022-03-04 08:15:00+00:00,2022-03-04 04:00:00+00:00,2022-03-04 05:00:00+00:00
2022-03-07,2022-03-07 01:30:00+00:00,2022-03-07 08:00:00+00:00,2022-03-07 01:00:00+00:00,2022-03-07 08:15:00+00:00,2022-03-07 04:00:00+00:00,2022-03-07 05:00:00+00:00
2022-03-08,2022-03-08 01:30:00+00:00,2022-03-08 08:00:00+00:00,2022-03-08 01:00:00+00:00,2022-03-08 08:15:00+00:00,2022-03-08 04:00:00+00:00,2022-03-08 05:00:00+00:00
2022-03-09,2022-03-09 01:30:00+00:00,2022-03-09 08:00:00+00:00,2022-03-09 01:00:00+00:00,2022-03-09 08:15:00+00:00,2022-03-09 04:00:00+00:00,2022-03-09 05:00:00+00:00
2022-03-10,2022-03-10 01:30:00+00:00,2022-03-10 08:00:00+00:00,2022-03-10 01:00:00+00:00,2022-03-10 08:15:00+00:00,2022-03-10 04:00:00+00:00,2022-03-10 05:00:00+00:00
2022-03-11,2022-03-11 01:30:00+00:00,2022-03-11 08:00:00+00:00,2022-03-11 01:00:00+00:00,2022-03-11 08:15:00+00:00,2022-03-11 04:00:00+00:00,2022-03-11 05:00:00+00:00
2022-03-14,2022-03-14 01:30:00+00:00,2022-03-14 08:00:00+00:00,2022-03-14 01:00:00+00:00,2022-03-14 08:15:00+00:00,2022-03-14 04:00:00+00:00,2022-03-14 05:00:00+00:00
2022-03-15,2022-03-15 01:30:00+00:00,2022-03-15 08:00:00+00:00,2022-03-15 01:00:00+00:00,2022-03-15 08:15:00+00:00,2022-03-15 04:00:00+00:00,2022-03-15 05:00:00+00:00
2022-03-16,2022-03-16 01:30:00+00:00,2022-03-16 08:00:00+00:00,2022-03-16 01:00:00+00:00,2022-03-16 08:15:00+00:00,2022-03-16 04:00:00+00:00,2022-03-16 05:00:00+00:00
2022-03-17,2022-03-17 01:30:00+00:00,2022-03-17 08:00:00+00:00,2022-03-17 01:00:00+00:00,2022-03-17 08:15:00+00:00,2022-03-17 04:00:00+00:00,2022-03-17 05:00:00+00:00
2022-03-18,2022-03-18 01:30:00+00:00,2022-03-18 08:00:00+00:00,2022-03-18 01:00:00+00:00,2022-03-18 08:15:00+00:00,2022-03-18 04:00:00+00:00,2022-03-18 05:00:00+00:00
2022-03-21,2022-03-21 01:30:00+00:00,2022-03-21 08:00:00+00:00,2022-03-21 01:00:00+00:00,2022-03-21 08:15:00+00:00,2022-03-21 04:00:00+00:00,2022-03-21 05:00:00+00:00
2022-03-22,2022-03-22 01:30:00+00:00,2022-03-22 08:00:00+00:00,2022-03-22 01:00:00+00:00,2022-03-22 08:15:00+00:00,2022-03-22 04:00:00+00:00,2022-03-22 05:00:00+00:00
2022-03-23,2022-03-23 01:30:00+00:00,2022-03-23 08:00:00+00:00,2022-03-23 01:00:00+00:00,2022-03-23 08:15:00+00:00,2022-03-23 04:00:00+00:00,2022-03-23 05:00:00+00:00
2022-03-24,2022-03-24 01:30:00+00:00,2022-03-24 08:00:00+00:00,2022-03-24 01:00:00+00:00,2022-03-24 08:15:00+00:00,2022-03-24 04:00:00+00:00,2022-03-24 05:00:00+00:00
2022-03-25,2022-03-25 01:30:00+00:00,2022-03-25 08:00:00+00:00,2022-03-25 01:00:00+00:00,2022-03-25 08:15:00+00:00,2022-03-25 04:00:00+00:00,2022-03-25 05:00:00+00:00
2022-03-28,2022-03-28 01:30:00+00:00,2022-03-28 08:00:00+00:00,2022-03-28 01:00:00+00:00,2022-03-28 08:15:00+00:00,2022-03-28 04:00:00+00:00,2022-03-28 05:00:00+00:00
2022-03-29,2022-03-29 01:30:00+00:00,2022-03-29 08:00:00+00:00,2022-03-29 01:00:00+00:00,2022-03-29 08:15:00+00:00,2022-03-29 04:00:00+00:00,2022-03-29 05:00:00+00:00
2022-03-30,2022-03-30 01:30:00+00:00,2022-03-30 08:00:00+00:00,2022-03-30 01:00:00+00:00,2022-03-30 08:15:00+00:00,2022-03-30 04:00:00+00:00,2022-03-30 05:00:00+00:00
2022-03-31,2022-03-31 01:30:00+00:00,2022-03-31 08:00:00+00:00,2022-03-31 01:00:00+00:00,2022-03-31 08:15:00+00:00,2022-03-31 04:00:00+00:00,2022-03-31 05:00:00+00:00
2022-04-01,2022-04-01 01:30:00+00:00,2022-04-01 08:00:00+00:00,2022-04-01 01:00:00+00:00,2022-04-01 08:15:00+00:00,2022-04-01 04:00:00+00:00,2022-04-01 05:00:00+00:00
2022-04-04,2022-04-04 01:30:00+00:00,2022-04-04 08:00:00+00:00,2022-04-04 01:00:00+00:00,2022-04-04 08:15:00+00:00,2022-04-04 04:00:00+00:00,2022-04-04 05:00:00+00:00
2022-04-06,2022-04-06 01:30:00+00:00,2022-04-06 08:00:00+00:00,2022-04-06 01:00:00+00:00,2022-04-06 08:15:00+00:00,2022-04-06 04:00:00+00:00,2022-04-06 05:00:00+00:00
2022-04-07,2022-04-07 01:30:00+00:00,2022-04-07 08:00:00+00:00,2022-04-07 01:00:00+00:00,2022-04-07 08:15:00+00:00,2022-04-07 04:00:00+00:00,2022-04-07 05:00:00+00:00
2022-04-08,2022-04-08 01:30:00+00:00,2022-04-08 08:00:00+00:00,2022-04-08 01:00:00+00:00,2022-04-08 08:15:00+00:00,2022-04-08 04:00:00+00:00,2022-04-08 05:00:00+00:00
2022-04-11,2022-04-11 01:30:00+00:00,2022-04-11 08:00:00+00:00,2022-04-11 01:00:00+00:00,2022-04-11 08:15:00+00:00,2022-04-11 04:00:00+00:00,2022-04-11 05:00:00+00:00
2022-04-12,2022-04-12 01:30:00+00:00,2022-04-12 08:00:00+00:00,2022-04-12 01:00:00+00:00,2022-04-12 08:15:00+00:00,2022-04-12 04:00:00+00:00,2022-04-12 05:00:00+00:00
2022-04-13,2022-04-13 01:30:00+00:00,2022-04-13 08:00:00+00:00,2022-04-13 01:00:00+00:00,2022-04-13 08:15:00+00:00,2022-04-13 04:00:00+00:00,2022-04-13 05:00:00+00:00
2022-04-14,2022-04-14 01:30:00+00:00,2022-04-14 08:00:00+00:00,2022-04-14 01:00:00+00:00,2022-04-14 08:15:00+00:00,2022-04-14 04:00:00+00:00,2022-04-14 05:00:00+00:00
2022-04-19,2022-04-19 01:30:00+00:00,2022-04-19 08:00:00+00:00,2022-04-19 01:00:00+00:00,2022-04-19 08:15:00+00:00,2022-04-19 04:00:00+00:00,2022-04-19 05:00:00+00:00
2022-04-20,2022-04-20 01:30:00+00:00,2022-04-20 08:00:00+00:00,2022-04-20 01:00:00+00:00,2022-04-20 08:15:00+00:00,2022-04-20 04:00:00+00:00,2022-04-20 05:00:00+00:00
2022-04-21,2022-04-21 01:30:00+00:00,2022-04-21 08:00:00+00:00,2022-04-21 01:00:00+00:00,2022-04-21 08:15:00+00:00,2022-04-21 04:00:00+00:00,2022-04-21 05:00:00+00:00
2022-04-22,2022-04-22 01:30:00+00:00,2022-04-22 08:00:00+00:00,2022-04-22 01:00:00+00:00,2022-04-22 08:15:00+00:00,2022-04-22 04:00:00+00:00,2022-04-22 05:00:00+00:00
2022-04-25,2022-04-25 01:30:00+00:00,2022-04-25 08:00:00+00:00,2022-04-25 01:00:00+00:00,2022-04-25 08:15:00+00:00,2022-04-25 04:00:00+00:00,2022-04-25 05:00:00+00:00
2022-04-26,2022-04-26 01:30:00+00:00,2022-04-26 08:00:00+00:00,2022-04-26 01:00:00+00:00,2022-04-26 08:15:00+00:00,2022-04-26 04:00:00+00:00,2022-04-26 05:00:00+00:00
2022-04-27,2022-04-27 01:30:00+00:00,2022-04-27 08:00:00+00:00,2022-04-27 01:00:00+00:00,2022-04-27 08:15:00+00:00,2022-04-27 04:00:00+00:00,2022-04-27 05:00:00+00:00
2022-04-28,2022-04-28 01:30:00+00:00,2022-04-28 08:00:00+00:00,2022-04-28 01:00:00+00:00,2022-04-28 08:15:00+00:00,2022-04-28 04:00:00+00:00,2022-04-28 05:00:00+00:00
2022-04-29,2022-04-29 01:30:00+00:00,2022-04-29 08:00:00+00:00,2022-04-29 01:00:00+00:00,2022-04-29 08:15:00+00:00,2022-04-29 04:00:00+00:00,2022-04-29 05:00:00+00:00
2022-05-03,2022-05-03 01:30:00+00:00,2022-05-03 08:00:00+00:00,2022-05-03 01:00:00+00:00,2022-05-03 08:15:00+00:00,2022-05-03 04:00:00+00:00,2022-05-03 05:00:00+00:00
2022-05-04,2022-05-04 01:30:00+00:00,2022-05-04 08:00:00+00:00,2022-05-04 01:00:00+00:00,2022-05-04 08:15:00+00:00,2022-05-04 04:00:00+00:00,2022-05-04 05:00:00+00:00
2022-05-05,2022-05-05 01:30:00+00:00,2022-05-05 08:00:00+00:00,2022-05-05 01:00:00+00:00,2022-05-05 08:15:00+00:00,2022-05-05 04:00:00+00:00,2022-05-05 05:00:00+00:00
2022-05-06,2022-05-06 01:30:00+00:00,2022-05-06 08:00:00+00:00,2022-05-06 01:00:00+00:00,2022-05-06 08:15:00+00:00,2022-05-06 04:00:00+00:00,2022-05-06 05:00:00+00:00
2022-05-10,2022-05-10 01:30:00+00:00,2022-05-10 08:00:00+00:00,2022-05-10 01:00:00+00:00,2022-05-10 08:15:00+00:00,2022-05-10 04:00:00+00:00,2022-05-10 05:00:00+00:00
2022-05-11,2022-05-11 01:30:00+00:00,2022-05-11 08:00:00+00:00,2022-05-11 01:00:00+00:00,2022-05-11 08:15:00+00:00,2022-05-11 04:00:00+00:00,2022-05-11 05:00:00+00:00
2022-05-12,2022-05-12 01:30:00+00:00,2022-05-12 08:00:00+00:00,2022-05-12 01:00:00+00:00,2022-05-12 08:15:00+00:00,2022-05-12 04:00:00+00:00,2022-05-12 05:00:00+00:00
2022-05-13,2022-05-13 01:30:00+00:00,2022-05-13 08:00:00+00:00,2022-05-13 01:00:00+00:00,2022-05-13 08:15:00+00:00,2022-05-13 04:00:00+00:00,2022-05-13 05:00:00+00:00
2022-05-16,2022-05-16 01:30:00+00:00,2022-05-16 08:00:00+00:00,2022-05-16 01:00:00+00:00,2022-05-16 08:15:00+00:00,2022-05-16 04:00:00+00:00,2022-05-16 05:00:00+00:00
2022-05-17,2022-05-17 01:30:00+00:00,2022-05-17 08:00:00+00:00,2022-05-17 01:00:00+00:00,2022-05-17 08:15:00+00:00,2022-05-17 04:00:00+00:00,2022-05-17 05:00:00+00:00
2022-05-18,2022-05-18 01:30:00+00:00,2022-05-18 08:00:00+00:00,2022-05-18 01:00:00+00:00,2022-05-18 08:15:00+00:00,2022-05-18 04:00:00+00:00,2022-05-18 05:00:00+00:00
2022-05-19,2022-05-19 01:30:00+00:00,2022-05-19 08:00:00+00:00,2022-05-19 01:00:00+00:00,2022-05-19 08:15:00+00:00,2022-05-19 04:00:00+00:00,2022-05-19 05:00:00+00:00
2022-05-20,2022-05-20 01:30:00+00:00,2022-05-20 08:00:00+00:00,2022-05-20 01:00:00+00:00,2022-05-20 08:15:00+00:00,2022-05-20 04:00:00+00:00,2022-05-20 05:00:00+00:00
2022-05-23,2022-05-23 01:30:00+00:00,2022-05-23 08:00:00+00:00,2022-05-23 01:00:00+00:00,2022-05-23 08:15:00+00:00,2022-05-23 04:00:00+00:00,2022-05-23 05:00:00+00:00
2022-05-24,2022-05-24 01:30:00+00:00,2022-05-24 08:00:00+00:00,2022-05-24 01:00:00+00:00,2022-05-24 08:15:00+00:00,2022-05-24 04:00:00+00:00,2022-05-24 05:00:00+00:00
2022-05-25,2022-05-25 01:30:00+00:00,2022-05-25 08:00:00+00:00,2022-05-25 01:00:00+00:00,2022-05-25 08:15:00+00:00,2022-05-25 04:00:00+00:00,2022-05-25 05:00:00+00:00
2022-05-26,2022-05-26 01:30:00+00:00,2022-05-26 08:00:00+00:00,2022-05-26 01:00:00+00:00,2022-05-26 08:15:00+00:00,2022-05-26 04:00:00+00:00,2022-05-26 05:00:00+00:00
2022-05-27,2022-05-27 01:30:00+00:00,2022-05-27 08:00:00+00:00,2022-05-27 01:00:00+00:00,2022-05-27 08:15:00+00:00,2022-05-27 04:00:00+00:00,2022-05-27 05:00:00+00:00
2022-05-30,2022-05-30 01:30:00+00:00,2022-05-30 08:00:00+00:00,2022-05-30 01:00:00+00:00,2022-05-30 08:15:00+00:00,2022-05-30 04:00:00+00:00,2022-05-30 05:00:00+00:00
2022-05-31,2022-05-31 01:30:00+00:00,2022-05-31 08:00:00+00:00,2022-05-31 01:00:00+00:00,2022-05-31 08:15:00+00:00,2022-05-31 04:00:00+00:00,2022-05-31 05:00:00+00:00
2022-06-01,2022-06-01 01:30:00+00:00,2022-06-01 08:00:00+00:00,2022-06-01 01:00:00+00:00,2022-06-01 08:15:00+00:00,2022-06-01 04:00:00+00:00,2022-06-01 05:00:00+00:00
2022-06-02,2022-06-02 01:30:00+00:00,2022-06-02 08:00:00+00:00,2022-06-02 01:00:00+00:00,2022-06-02 08:15:00+00:00,2022-06-02 04:00:00+00:00,2022-06-02 05:00:00+00:00
2022-06-06,2022-06-06 01:30:00+00:00,2022-06-06 08:00:00+00:00,2022-06-06 01:00:00+00:00,2022-06-06 08:15:00+00:00,2022-06-06 04:00:00+00:00,2022-06-06 05:00:00+00:00
2022-06-07,2022-06-07 01:30:00+00:00,2022-06-07 08:00:00+00:00,2022-06-07 01:00:00+00:00,2022-06-07 08:15:00+00:00,2022-06-07 04:00:00+00:00,2022-06-07 05:00:00+00:00
2022-06-08,2022-06-08 01:30:00+00:00,2022-06-08 08:00:00+00:00,2022-06-08 01:00:00+00:00,2022-06-08 08:15:00+00:00,2022-06-08 04:00:00+00:00,2022-06-08 05:00:00+00:00
2022-06-09,2022-06-09 01:30:00+00:00,2022-06-09 08:00:00+00:00,2022-06-09 01:00:00+00:00,2022-06-09 08:15:00+00:00,2022-06-09 04:00:00+00:00,2022-06-09 05:00:00+00:00
2022-06-10,2022-06-10 01:30:00+00:00,2022-06-10 08:00:00+00:00,2022-06-10 01:00:00+00:00,2022-06-10 08:15:00+00:00,2022-06-10 04:00:00+00:00,2022-06-10 05:00:00+00:00
2022-06-13,2022-06-13 01:30:00+00:00,2022-06-13 08:00:00+00:00,2022-06-13 01:00:00+00:00,2022-06-13 08:15:00+00:00,2022-06-13 04:00:00+00:00,2022-06-13 05:00:00+00:00
2022-06-14,2022-06-14 01:30:00+00:00,2022-06-14 08:00:00+00:00,2022-06-14 01:00:00+00:00,2022-06-14 08:15:00+00:00,2022-06-14 04:00:00+00:00,2022-06-14 05:00:00+00:00
2022-06-15,2022-06-15 01:30:00+00:00,2022-06-15 08:00:00+00:00,2022-06-15 01:00:00+00:00,2022-06-15 08:15:00+00:00,2022-06-15 04:00:00+00:00,2022-06-15 05:00:00+00:00
2022-06-16,2022-06-16 01:30:00+00:00,2022-06-16 08:00:00+00:00,2022-06-16 01:00:00+00:00,2022-06-16 08:15:00+00:00,2022-06-16 04:00:00+00:00,2022-06-16 05:00:00+00:00
2022-06-17,2022-06-17 01:30:00+00:00,2022-06-17 08:00:00+00:00,2022-06-17 01:00:00+00:00,2022-06-17 08:15:00+00:00,2022-06-17 04:00:00+00:00,2022-06-17 05:00:00+00:00
2022-06-20,2022-06-20 01:30:00+00:00,2022-06-20 08:00:00+00:00,2022-06-20 01:00:00+00:00,2022-06-20 08:15:00+00:00,2022-06-20 04:00:00+00:00,2022-06-20 05:00:00+00:00
2022-06-21,2022-06-21 01:30:00+00:00,2022-06-21 08:00:00+00:00,2022-06-21 01:00:00+00:00,2022-06-21 08:15:00+00:00,2022-06-21 04:00:00+00:00,2022-06-21 05:00:00+00:00
2022-06-22,2022-06-22 01:30:00+00:00,2022-06-22 08:00:00+00:00,2022-06-22 01:00:00+00:00,2022-06-22 08:15:00+00:00,2022-06-22 04:00:00+00:00,2022-06-22 05:00:00+00:00
2022-06-23,2022-06-23 01:30:00+00:00,2022-06-23 08:00:00+00:00,2022-06-23 01:00:00+00:00,2022-06-23 08:15:00+00:00,2022-06-23 04:00:00+00:00,2022-06-23 05:00:00+00:00
2022-06-24,2022-06-24 01:30:00+00:00,2022-06-24 08:00:00+00:00,2022-06-24 01:00:00+00:00,2022-06-24 08:15:00+00:00,2022-06-24 04:00:00+00:00,2022-06-24 05:00:00+00:00
2022-06-27,2022-06-27 01:30:00+00:00,2022-06-27 08:00:00+00:00,2022-06-27 01:00:00+00:00,2022-06-27 08:15:00+00:00,2022-06-27 04:00:00+00:00,2022-06-27 05:00:00+00:00
2022-06-28,2022-06-28 01:30:00+00:00,2022-06-28 08:00:00+00:00,2022-06-28 01:00:00+00:00,2022-06-28 08:15:00+00:00,2022-06-28 04:00:00+00:00,2022-06-28 05:00:00+00:00
2022-06-29,2022-06-29 01:30:00+00:00,2022-06-29 08:00:00+00:00,2022-06-29 01:00:00+00:00,2022-06-29 08:15:00+00:00,2022-06-29 04:00:00+00:00,2022-06-29 05:00:00+00:00
2022-06-30,2022-06-30 01:30:00+00:00,2022-06-30 08:00:00+00:00,2022-06-30 01:00:00+00:00,2022-06-30 08:15:00+00:00,2022-06-30 04:00:00+00:00,2022-06-30 05:00:00+00:00
2022-07-04,2022-07-04 01:30:00+00:00,2022-07-04 08:00:00+00:00,2022-07-04 01:00:00+00:00,2022-07-04 08:15:00+00:00,2022-07-04 04:00:00+00:00,2022-07-04 05:00:00+00:00
2022-07-05,2022-07-05 01:30:00+00:00,2022-07-05 08:00:00+00:00,2022-07-05 01:00:00+00:00,2022-07-05 08:15:00+00:00,2022-07-05 04:00:00+00:00,2022-07-05 05:00:00+00:00
2022-07-06,2022-07-06 01:30:00+00:00,2022-07-06 08:00:00+00:00,2022-07-06 01:00:00+00:00,2022-07-06 08:15:00+00:00,2022-07-06 04:00:00+00:00,2022-07-06 05:00:00+00:00
2022-07-07,2022-07-07 01:30:00+00:00,2022-07-07 08:00:00+00:00,2022-07-07 01:00:00+00:00,2022-07-07 08:15:00+00:00,2022-07-07 04:00:00+00:00,2022-07-07 05:00:00+00:00
2022-07-08,2022-07-08 01:30:00+00:00,2022-07-08 08:00:00+00:00,2022-07-08 01:00:00+00:00,2022-07-08 08:15:00+00:00,2022-07-08 04:00:00+00:00,2022-07-08 05:00:00+00:00
2022-07-11,2022-07-11 01:30:00+00:00,2022-07-11 08:00:00+00:00,2022-07-11 01:00:00+00:00,2022-07-11 08:15:00+00:00,2022-07-11 04:00:00+00:00,2022-07-11 05:00:00+00:00
2022-07-12,2022-07-12 01:30:00+00:00,2022-07-12 08:00:00+00:00,2022-07-12 01:00:00+00:00,2022-07-12 08:15:00+00:00,2022-07-12 04:00:00+00:00,2022-07-12 05:00:00+00:00
2022-07-13,2022-07-13 01:30:00+00:00,2022-07-13 08:00:00+00:00,2022-07-13 01:00:00+00:00,2022-07-13 08:15:00+00:00,2022-07-13 04:00:00+00:00,2022-07-13 05:00:00+00:00
2022-07-14,2022-07-14 01:30:00+00:00,2022-07-14 08:00:00+00:00,2022-07-14 01:00:00+00:00,2022-07-14 08:15:00+00:00,2022-07-14 04:00:00+00:00,2022-07-14 05:00:00+00:00
2022-07-15,2022-07-15 01:30:00+00:00,2022-07-15 08:00:00+00:00,2022-07-15 01:00:00+00:00,2022-07-15 08:15:00+00:00,2022-07-15 04:00:00+00:00,2022-07-15 05:00:00+00:00
2022-07-18,2022-07-18 01:30:00+00:00,2022-07-18 08:00:00+00:00,2022-07-18 01:00:00+00:00,2022-07-18 08:15:00+00:00,2022-07-18 04:00:00+00:00,2022-07-18 05:00:00+00:00
2022-07-19,2022-07-19 01:30:00+00:00,2022-07-19 08:00:00+00:00,2022-07-19 01:00:00+00:00,2022-07-19 08:15:00+00:00,2022-07-19 04:00:00+00:00,2022-07-19 05:00:00+00:00
2022-07-20,2022-07-20 01:30:00+00:00,2022-07-20 08:00:00+00:00,2022-07-20 01:00:00+00:00,2022-07-20 08:15:00+00:00,2022-07-20 04:00:00+00:00,2022-07-20 05:00:00+00:00
2022-07-21,2022-07-21 01:30:00+00:00,2022-07-21 08:00:00+00:00,2022-07-21 01:00:00+00:00,2022-07-21 08:15:00+00:00,2022-07-21 04:00:00+00:00,2022-07-21 05:00:00+00:00
2022-07-22,2022-07-22 01:30:00+00:00,2022-07-22 08:00:00+00:00,2022-07-22 01:00:00+00:00,2022-07-22 08:15:00+00:00,2022-07-22 04:00:00+00:00,2022-07-22 05:00:00+00:00
2022-07-25,2022-07-25 01:30:00+00:00,2022-07-25 08:00:00+00:00,2022-07-25 01:00:00+00:00,2022-07-25 08:15:00+00:00,2022-07-25 04:00:00+00:00,2022-07-25 05:00:00+00:00
2022-07-26,2022-07-26 01:30:00+00:00,2022-07-26 08:00:00+00:00,2022-07-26 01:00:00+00:00,2022-07-26 08:15:00+00:00,2022-07-26 04:00:00+00:00,2022-07-26 05:00:00+00:00
2022-07-27,2022-07-27 01:30:00+00:00,2022-07-27 08:00:00+00:00,2022-07-27 01:00:00+00:00,2022-07-27 08:15:00+00:00,2022-07-27 04:00:00+00:00,2022-07-27 05:00:00+00:00
2022-07-28,2022-07-28 01:30:00+00:00,2022-07-28 08:00:00+00:00,2022-07-28 01:00:00+00:00,2022-07-28 08:15:00+00:00,2022-07-28 04:00:00+00:00,2022-07-28 05:00:00+00:00
2022-07-29,2022-07-29 01:30:00+00:00,2022-07-29 08:00:00+00:00,2022-07-29 01:00:00+00:00,2022-07-29 08:15:00+00:00,2022-07-29 04:00:00+00:00,2022-07-29 05:00:00+00:00
2022-08-01,2022-08-01 01:30:00+00:00,2022-08-01 08:00:00+00:00,2022-08-01 01:00:00+00:00,2022-08-01 08:15:00+00:00,2022-08-01 04:00:00+00:00,2022-08-01 05:00:00+00:00
2022-08-02,2022-08-02 01:30:00+00:00,2022-08-02 08:00:00+00:00,2022-08-02 01:00:00+00:00,2022-08-02 08:15:00+00:00,2022-08-02 04:00:00+00:00,2022-08-02 05:00:00+00:00
2022-08-03,2022-08-03 01:30:00+00:00,2022-08-03 08:00:00+00:00,2022-08-03 01:00:00+00:00,2022-08-03 08:15:00+00:00,2022-08-03 04:00:00+00:00,2022-08-03 05:00:00+00:00
2022-08-04,2022-08-04 01:30:00+00:00,2022-08-04 08:00:00+00:00,2022-08-04 01:00:00+00:00,2022-08-04 08:15:00+00:00,2022-08-04 04:00:00+00:00,2022-08-04 05:00:00+00:00
2022-08-05,2022-08-05 01:30:00+00:00,2022-08-05 08:00:00+00:00,2022-08-05 01:00:00+00:00,2022-08-05 08:15:00+00:00,2022-08-05 04:00:00+00:00,2022-08-05 05:00:00+00:00
2022-08-08,2022-08-08 01:30:00+00:00,2022-08-08 08:00:00+00:00,2022-08-08 01:00:00+00:00,2022-08-08 08:15:00+00:00,2022-08-08 04:00:00+00:00,2022-08-08 05:00:00+00:00
2022-08-09,2022-08-09 01:30:00+00:00,2022-08-09 08:00:00+00:00,2022-08-09 01:00:00+00:00,2022-08-09 08:15:00+00:00,2022-08-09 04:00:00+00:00,2022-08-09 05:00:00+00:00
2022-08-10,2022-08-10 01:30:00+00:00,2022-08-10 08:00:00+00:00,2022-08-10 01:00:00+00:00,2022-08-10 08:15:00+00:00,2022-08-10 04:00:00+00:00,2022-08-10 05:00:00+00:00
2022-08-11,2022-08-11 01:30:00+00:00,2022-08-11 08:00:00+00:00,2022-08-11 01:00:00+00:00,2022-08-11 08:15:00+00:00,2022-08-11 04:00:00+00:00,2022-08-11 05:00:00+00:00
2022-08-12,2022-08-12 01:30:00+00:00,2022-08-12 08:00:00+00:00,2022-08-12 01:00:00+00:00,2022-08-12 08:15:00+00:00,2022-08-12 04:00:00+00:00,2022-08-12 05:00:00+00:00
2022-08-15,2022-08-15 01:30:00+00:00,2022-08-15 08:00:00+00:00,2022-08-15 01:00:00+00:00,2022-08-15 08:15:00+00:00,2022-08-15 04:00:00+00:00,2022-08-15 05:00:00+00:00
2022-08-16,2022-08-16 01:30:00+00:00,2022-08-16 08:00:00+00:00,2022-08-16 01:00:00+00:00,2022-08-16 08:15:00+00:00,2022-08-16 04:00:00+00:00,2022-08-16 05:00:00+00:00
2022-08-17,2022-08-17 01:30:00+00:00,2022-08-17 08:00:00+00:00,2022-08-17 01:00:00+00:00,2022-08-17 08:15:00+00:00,2022-08-17 04:00:00+00:00,2022-08-17 05:00:00+00:00
2022-08-18,2022-08-18 01:30:00+00:00,2022-08-18 08:00:00+00:00,2022-08-18 01:00:00+00:00,2022-08-18 08:15:00+00:00,2022-08-18 04:00:00+00:00,2022-08-18 05:00:00+00:00
2022-08-19,2022-08-19 01:30:00+00:00,2022-08-19 08:00:00+00:00,2022-08-19 01:00:00+00:00,2022-08-19 08:15:00+00:00,2022-08-19 04:00:00+00:00,2022-08-19 05:00:00+00:00
2022-08-22,2022-08-22 01:30:00+00:00,2022-08-22 08:00:00+00:00,2022-08-22 01:00:00+00:00,2022-08-22 08:15:00+00:00,2022-08-22 04:00:00+00:00,2022-08-22 05:00:00+00:00
2022-08-23,2022-08-23 01:30:00+00:00,2022-08-23 08:00:00+00:00,2022-08-23 01:00:00+00:00,2022-08-23 08:15:00+00:00,2022-08-23 04:00:00+00:00,2022-08-23 05:00:00+00:00
2022-08-24,2022-08-24 01:30:00+00:00,2022-08-24 08:00:00+00:00,2022-08-24 01:00:00+00:00,2022-08-24 08:15:00+00:00,2022-08-24 04:00:00+00:00,2022-08-24 05:00:00+00:00
2022-08-25,2022-08-25 01:30:00+00:00,2022-08-25 08:00:00+00:00,2022-08-25 01:00:00+00:00,2022-08-25 08:15:00+00:00,2022-08-25 04:00:00+00:00,2022-08-25 05:00:00+00:00
2022-08-26,2022-08-26 01:30:00+00:00,2022-08-26 08:00:00+00:00,2022-08-26 01:00:00+00:00,2022-08-26 08:15:00+00:00,2022-08-26 04:00:00+00:00,2022-08-26 05:00:00+00:00
2022-08-29,2022-08-29 01:30:00+00:00,2022-08-29 08:00:00+00:00,2022-08-29 01:00:00+00:00,2022-08-29 08:15:00+00:00,2022-08-29 04:00:00+00:00,2022-08-29 05:00:00+00:00
2022-08-30,2022-08-30 01:30:00+00:00,2022-08-30 08:00:00+00:00,2022-08-30 01:00:00+00:00,2022-08-30 08:15:00+00:00,2022-08-30 04:00:00+00:00,2022-08-30 05:00:00+00:00
2022-08-31,2022-08-31 01:30:00+00:00,2022-08-31 08:00:00+00:00,2022-08-31 01:00:00+00:00,2022-08-31 08:15:00+00:00,2022-08-31 04:00:00+00:00,2022-08-31 05:00:00+00:00
2022-09-01,2022-09-01 01:30:00+00:00,2022-09-01 08:00:00+00:00,2022-09-01 01:00:00+00:00,2022-09-01 08:15:00+00:00,2022-09-01 04:00:00+00:00,2022-09-01 05:00:00+00:00
2022-09-02,2022-09-02 01:30:00+00:00,2022-09-02 08:00:00+00:00,2022-09-02 01:00:00+00:00,2022-09-02 08:15:00+00:00,2022-09-02 04:00:00+00:00,2022-09-02 05:00:00+00:00
2022-09-05,2022-09-05 01:30:00+00:00,2022-09-05 08:00:00+00:00,2022-09-05 01:00:00+00:00,2022-09-05 08:15:00+00:00,2022-09-05 04:00:00+00:00,2022-09-05 05:00:00+00:00
2022-09-06,2022-09-06 01:30:00+00:00,2022-09-06 08:00:00+00:00,2022-09-06 01:00:00+00:00,2022-09-06 08:15:00+00:00,2022-09-06 04:00:00+00:00,2022-09-06 05:00:00+00:00
2022-09-07,2022-09-07 01:30:00+00:00,2022-09-07 08:00:00+00:00,2022-09-07 01:00:00+00:00,2022-09-07 08:15:00+00:00,2022-09-07 04:00:00+00:00,2022-09-07 05:00:00+00:00
2022-09-08,2022-09-08 01:30:00+00:00,2022-09-08 08:00:00+00:00,2022-09-08 01:00:00+00:00,2022-09-08 08:15:00+00:00,2022-09-08 04:00:00+00:00,2022-09-08 05:00:00+00:00
2022-09-09,2022-09-09 01:30:00+00:00,2022-09-09 08:00:00+00:00,2022-09-09 01:00:00+00:00,2022-09-09 08:15:00+00:00,2022-09-09 04:00:00+00:00,2022-09-09 05:00:00+00:00
2022-09-13,2022-09-13 01:30:00+00:00,2022-09-13 08:00:00+00:00,2022-09-13 01:00:00+00:00,2022-09-13 08:15:00+00:00,2022-09-13 04:00:00+00:00,2022-09-13 05:00:00+00:00
2022-09-14,2022-09-14 01:30:00+00:00,2022-09-14 08:00:00+00:00,2022-09-14 01:00:00+00:00,2022-09-14 08:15:00+00:00,2022-09-14 04:00:00+00:00,2022-09-14 05:00:00+00:00
2022-09-15,2022-09-15 01:30:00+00:00,2022-09-15 08:00:00+00:00,2022-09-15 01:00:00+00:00,2022-09-15 08:15:00+00:00,2022-09-15 04:00:00+00:00,2022-09-15 05:00:00+00:00
2022-09-16,2022-09-16 01:30:00+00:00,2022-09-16 08:00:00+00:00,2022-09-16 01:00:00+00:00,2022-09-16 08:15:00+00:00,2022-09-16 04:00:00+00:00,2022-09-16 05:00:00+00:00
2022-09-19,2022-09-19 01:30:00+00:00,2022-09-19 08:00:00+00:00,2022-09-19 01:00:00+00:00,2022-09-19 08:15:00+00:00,2022-09-19 04:00:00+00:00,2022-09-19 05:00:00+00:00
2022-09-20,2022-09-20 01:30:00+00:00,2022-09-20 08:00:00+00:00,2022-09-20 01:00:00+00:00,2022-09-20 08:15:00+00:00,2022-09-20 04:00:00+00:00,2022-09-20 05:00:00+00:00
2022-09-21,2022-09-21 01:30:00+00:00,2022-09-21 08:00:00+00:00,2022-09-21 01:00:00+00:00,2022-09-21 08:15:00+00:00,2022-09-21 04:00:00+00:00,2022-09-21 05:00:00+00:00
2022-09-22,2022-09-22 01:30:00+00:00,2022-09-22 08:00:00+00:00,2022-09-22 01:00:00+00:00,2022-09-22 08:15:00+00:00,2022-09-22 04:00:00+00:00,2022-09-22 05:00:00+00:00
2022-09-23,2022-09-23 01:30:00+00:00,2022-09-23 08:00:00+00:00,2022-09-23 01:00:00+00:00,2022-09-23 08:15:00+00:00,2022-09-23 04:00:00+00:00,2022-09-23 05:00:00+00:00
2022-09-26,2022-09-26 01:30:00+00:00,2022-09-26 08:00:00+00:00,2022-09-26 01:00:00+00:00,2022-09-26 08:15:00+00:00,2022-09-26 04:00:00+00:00,2022-09-26 05:00:00+00:00
2022-09-27,2022-09-27 01:30:00+00:00,2022-09-27 08:00:00+00:00,2022-09-27 01:00:00+00:00,2022-09-27 08:15:00+00:00,2022-09-27 04:00:00+00:00,2022-09-27 05:00:00+00:00
2022-09-28,2022-09-28 01:30:00+00:00,2022-09-28 08:00:00+00:00,2022-09-28 01:00:00+00:00,2022-09-28 08:15:00+00:00,2022-09-28 04:00:00+00:00,2022-09-28 05:00:00+00:00
2022-09-29,2022-09-29 01:30:00+00:00,2022-09-29 08:00:00+00:00,2022-09-29 01:00:00+00:00,2022-09-29 08:15:00+00:00,2022-09-29 04:00:00+00:00,2022-09-29 05:00:00+00:00
2022-09-30,2022-09-30 01:30:00+00:00,2022-09-30 08:00:00+00:00,2022-09-30 01:00:00+00:00,2022-09-30 08:15:00+00:00,2022-09-30 04:00:00+00:00,2022-09-30 05:00:00+00:00
2022-10-03,2022-10-03 01:30:00+00:00,2022-10-03 08:00:00+00:00,2022-10-03 01:00:00+00:00,2022-10-03 08:15:00+00:00,2022-10-03 04:00:00+00:00,2022-10-03 05:00:00+00:00
2022-10-05,2022-10-05 01:30:00+00:00,2022-10-05 08:00:00+00:00,2022-10-05 01:00:00+00:00,2022-10-05 08:15:00+00:00,2022-10-05 04:00:00+00:00,2022-10-05 05:00:00+00:00
2022-10-06,2022-10-06 01:30:00+00:00,2022-10-06 08:00:00+00:00,2022-10-06 01:00:00+00:00,2022-10-06 08:15:00+00:00,2022-10-06 04:00:00+00:00,2022-10-06 05:00:00+00:00
2022-10-07,2022-10-07 01:30:00+00:00,2022-10-07 08:00:00+00:00,2022-10-07 01:00:00+00:00,2022-10-07 08:15:00+00:00,2022-10-07 04:00:00+00:00,2022-10-07 05:00:00+00:00
2022-10-10,2022-10-10 01:30:00+00:00,2022-10-10 08:00:00+00:00,2022-10-10 01:00:00+00:00,2022-10-10 08:15:00+00:00,2022-10-10 04:00:00+00:00,2022-10-10 05:00:00+00:00
2022-10-11,2022-10-11 01:30:00+00:00,2022-10-11 08:00:00+00:00,2022-10-11 01:00:00+00:00,2022-10-11 08:15:00+00:00,2022-10-11 04:00:00+00:00,2022-10-11 05:00:00+00:00
2022-10-12,2022-10-12 01:30:00+00:00,2022-10-12 08:00:00+00:00,2022-10-12 01:00:00+00:00,2022-10-12 08:15:00+00:00,2022-10-12 04:00:00+00:00,2022-10-12 05:00:00+00:00
2022-10-13,2022-10-13 01:30:00+00:00,2022-10-13 08:00:00+00:00,2022-10-13 01:00:00+00:00,2022-10-13 08:15:00+00:00,2022-10-13 04:00:00+00:00,2022-10-13 05:00:00+00:00
2022-10-14,2022-10-14 01:30:00+00:00,2022-10-14 08:00:00+00:00,2022-10-14 01:00:00+00:00,2022-10-14 08:15:00+00:00,2022-10-14 04:00:00+00:00,2022-10-14 05:00:00+00:00
2022-10-17,2022-10-17 01:30:00+00:00,2022-10-17 08:00:00+00:00,2022-10-17 01:00:00+00:00,2022-10-17 08:15:00+00:00,2022-10-17 04:00:00+00:00,2022-10-17 05:00:00+00:00
2022-10-18,2022-10-18 01:30:00+00:00,2022-10-18 08:00:00+00:00,2022-10-18 01:00:00+00:00,2022-10-18 08:15:00+00:00,2022-10-18 04:00:00+00:00,2022-10-18 05:00:00+00:00
2022-10-19,2022-10-19 01:30:00+00:00,2022-10-19 08:00:00+00:00,2022-10-19 01:00:00+00:00,2022-10-19 08:15:00+00:00,2022-10-19 04:00:00+00:00,2022-10-19 05:00:00+00:00
2022-10-20,2022-10-20 01:30:00+00:00,2022-10-20 08:00:00+00:00,2022-10-20 01:00:00+00:00,2022-10-20 08:15:00+00:00,2022-10-20 04:00:00+00:00,2022-10-20 05:00:00+00:00
2022-10-21,2022-10-21 01:30:00+00:00,2022-10-21 08:00:00+00:00,2022-10-21 01:00:00+00:00,2022-10-21 08:15:00+00:00,2022-10-21 04:00:00+00:00,2022-10-21 05:00:00+00:00
2022-10-24,2022-10-24 01:30:00+00:00,2022-10-24 08:00:00+00:00,2022-10-24 01:00:00+00:00,2022-10-24 08:15:00+00:00,2022-10-24 04:00:00+00:00,2022-10-24 05:00:00+00:00
2022-10-25,2022-10-25 01:30:00+00:00,2022-10-25 08:00:00+00:00,2022-10-25 01:00:00+00:00,2022-10-25 08:15:00+00:00,2022-10-25 04:00:00+00:00,2022-10-25 05:00:00+00:00
2022-10-26,2022-10-26 01:30:00+00:00,2022-10-26 08:00:00+00:00,2022-10-26 01:00:00+00:00,2022-10-26 08:15:00+00:00,2022-10-26 04:00:00+00:00,2022-10-26 05:00:00+00:00
2022-10-27,2022-10-27 01:30:00+00:00,2022-10-27 08:00:00+00:00,2022-10-27 01:00:00+00:00,2022-10-27 08:15:00+00:00,2022-10-27 04:00:00+00:00,2022-10-27 05:00:00+00:00
2022-10-28,2022-10-28 01:30:00+00:00,2022-10-28 08:00:00+00:00,2022-10-28 01:00:00+00:00,2022-10-28 08:15:00+00:00,2022-10-28 04:00:00+00:00,2022-10-28 05:00:00+00:00
2022-10-31,2022-10-31 01:30:00+00:00,2022-10-31 08:00:00+00:00,2022-10-31 01:00:00+00:00,2022-10-31 08:15:00+00:00,2022-10-31 04:00:00+00:00,2022-10-31 05:00:00+00:00
2022-11-01,2022-11-01 01:30:00+00:00,2022-11-01 08:00:00+00:00,2022-11-01 01:00:00+00:00,2022-11-01 08:15:00+00:00,2022-11-01 04:00:00+00:00,2022-11-01 05:00:00+00:00
2022-11-02,2022-11-02 01:30:00+00:00,2022-11-02 08:00:00+00:00,2022-11-02 01:00:00+00:00,2022-11-02 08:15:00+00:00,2022-11-02 04:00:00+00:00,2022-11-02 05:00:00+00:00
2022-11-03,2022-11-03 01:30:00+00:00,2022-11-03 08:00:00+00:00,2022-11-03 01:00:00+00:00,2022-11-03 08:15:00+00:00,2022-11-03 04:00:00+00:00,2022-11-03 05:00:00+00:00
2022-11-04,2022-11-04 01:30:00+00:00,2022-11-04 08:00:00+00:00,2022-11-04 01:00:00+00:00,2022-11-04 08:15:00+00:00,2022-11-04 04:00:00+00:00,2022-11-04 05:00:00+00:00
2022-11-07,2022-11-07 01:30:00+00:00,2022-11-07 08:00:00+00:00,2022-11-07 01:00:00+00:00,2022-11-07 08:15:00+00:00,2022-11-07 04:00:00+00:00,2022-11-07 05:00:00+00:00
2022-11-08,2022-11-08 01:30:00+00:00,2022-11-08 08:00:00+00:00,2022-11-08 01:00:00+00:00,2022-11-08 08:15:00+00:00,2022-11-08 04:00:00+00:00,2022-11-08 05:00:00+00:00
2022-11-09,2022-11-09 01:30:00+00:00,2022-11-09 08:00:00+00:00,2022-11-09 01:00:00+00:00,2022-11-09 08:15:00+00:00,2022-11-09 04:00:00+00:00,2022-11-09 05:00:00+00:00
2022-11-10,2022-11-10 01:30:00+00:00,2022-11-10 08:00:00+00:00,2022-11-10 01:00:00+00:00,2022-11-10 08:15:00+00:00,2022-11-10 04:00:00+00:00,2022-11-10 05:00:00+00:00
2022-11-11,2022-11-11 01:30:00+00:00,2022-11-11 08:00:00+00:00,2022-11-11 01:00:00+00:00,2022-11-11 08:15:00+00:00,2022-11-11 04:00:00+00:00,2022-11-11 05:00:00+00:00
2022-11-14,2022-11-14 01:30:00+00:00,2022-11-14 08:00:00+00:00,2022-11-14 01:00:00+00:00,2022-11-14 08:15:00+00:00,2022-11-14 04:00:00+00:00,2022-11-14 05:00:00+00:00
2022-11-15,2022-11-15 01:30:00+00:00,2022-11-15 08:00:00+00:00,2022-11-15 01:00:00+00:00,2022-11-15 08:15:00+00:00,2022-11-15 04:00:00+00:00,2022-11-15 05:00:00+00:00
2022-11-16,2022-11-16 01:30:00+00:00,2022-11-16 08:00:00+00:00,2022-11-16 01:00:00+00:00,2022-11-16 08:15:00+00:00,2022-11-16 04:00:00+00:00,2022-11-16 05:00:00+00:00
2022-11-17,2022-11-17 01:30:00+00:00,2022-11-17 08:00:00+00:00,2022-11-17 01:00:00+00:00,2022-11-17 08:15:00+00:00,2022-11-17 04:00:00+00:00,2022-11-17 05:00:00+00:00
2022-11-18,2022-11-18 01:30:00+00:00,2022-11-18 08:00:00+00:00,2022-11-18 01:00:00+00:00,2022-11-18 08:15:00+00:00,2022-11-18 04:00:00+00:00,2022-11-18 05:00:00+00:00
2022-11-21,2022-11-21 01:30:00+00:00,2022-11-21 08:00:00+00:00,2022-11-21 01:00:00+00:00,2022-11-21 08:15:00+00:00,2022-11-21 04:00:00+00:00,2022-11-21 05:00:00+00:00
2022-11-22,2022-11-22 01:30:00+00:00,2022-11-22 08:00:00+00:00,2022-11-22 01:00:00+00:00,2022-11-22 08:15:00+00:00,2022-11-22 04:00:00+00:00,2022-11-22 05:00:00+00:00
2022-11-23,2022-11-23 01:30:00+00:00,2022-11-23 08:00:00+00:00,2022-11-23 01:00:00+00:00,2022-11-23 08:15:00+00:00,2022-11-23 04:00:00+00:00,2022-11-23 05:00:00+00:00
2022-11-24,2022-11-24 01:30:00+00:00,2022-11-24 08:00:00+00:00,2022-11-24 01:00:00+00:00,2022-11-24 08:15:00+00:00,2022-11-24 04:00:00+00:00,2022-11-24 05:00:00+00:00
2022-11-25,2022-11-25 01:30:00+00:00,2022-11-25 08:00:00+00:00,2022-11-25 01:00:00+00:00,2022-11-25 08:15:00+00:00,2022-11-25 04:00:00+00:00,2022-11-25 05:00:00+00:00
2022-11-28,2022-11-28 01:30:00+00:00,2022-11-28 08:00:00+00:00,2022-11-28 01:00:00+00:00,2022-11-28 08:15:00+00:00,2022-11-28 04:00:00+00:00,2022-11-28 05:00:00+00:00
2022-11-29,2022-11-29 01:30:00+00:00,2022-11-29 08:00:00+00:00,2022-11-29 01:00:00+00:00,2022-11-29 08:15:00+00:00,2022-11-29 04:00:00+00:00,2022-11-29 05:00:00+00:00
2022-11-30,2022-11-30 01:30:00+00:00,2022-11-30 08:00:00+00:00,2022-11-30 01:00:00+00:00,2022-11-30 08:15:00+00:00,2022-11-30 04:00:00+00:00,2022-11-30 05:00:00+00:00
2022-12-01,2022-12-01 01:30:00+00:00,2022-12-01 08:00:00+00:00,2022-12-01 01:00:00+00:00,2022-12-01 08:15:00+00:00,2022-12-01 04:00:00+00:00,2022-12-01 05:00:00+00:00
2022-12-02,2022-12-02 01:30:00+00:00,2022-12-02 08:00:00+00:00,2022-12-02 01:00:00+00:00,2022-12-02 08:15:00+00:00,2022-12-02 04:00:00+00:00,2022-12-02 05:00:00+00:00
2022-12-05,2022-12-05 01:30:00+00:00,2022-12-05 08:00:00+00:00,2022-12-05 01:00:00+00:00,2022-12-05 08:15:00+00:00,2022-12-05 04:00:00+00:00,2022-12-05 05:00:00+00:00
2022-12-06,2022-12-06 01:30:00+00:00,2022-12-06 08:00:00+00:00,2022-12-06 01:00:00+00:00,2022-12-06 08:15:00+00:00,2022-12-06 04:00:00+00:00,2022-12-06 05:00:00+00:00
2022-12-07,2022-12-07 01:30:00+00:00,2022-12-07 08:00:00+00:00,2022-12-07 01:00:00+00:00,2022-12-07 08:15:00+00:00,2022-12-07 04:00:00+00:00,2022-12-07 05:00:00+00:00
2022-12-08,2022-12-08 01:30:00+00:00,2022-12-08 08:00:00+00:00,2022-12-08 01:00:00+00:00,2022-12-08 08:15:00+00:00,2022-12-08 04:00:00+00:00,2022-12-08 05:00:00+00:00
2022-12-09,2022-12-09 01:30:00+00:00,2022-12-09 08:00:00+00:00,2022-12-09 01:00:00+00:00,2022-12-09 08:15:00+00:00,2022-12-09 04:00:00+00:00,2022-12-09 05:00:00+00:00
2022-12-12,2022-12-12 01:30:00+00:00,2022-12-12 08:00:00+00:00,2022-12-12 01:00:00+00:00,2022-12-12 08:15:00+00:00,2022-12-12 04:00:00+00:00,2022-12-12 05:00:00+00:00
2022-12-13,2022-12-13 01:30:00+00:00,2022-12-13 08:00:00+00:00,2022-12-13 01:00:00+00:00,2022-12-13 08:15:00+00:00,2022-12-13 04:00:00+00:00,2022-12-13 05:00:00+00:00
2022-12-14,2022-12-14 01:30:00+00:00,2022-12-14 08:00:00+00:00,2022-12-14 01:00:00+00:00,2022-12-14 08:15:00+00:00,2022-12-14 04:00:00+00:00,2022-12-14 05:00:00+00:00
2022-12-15,2022-12-15 01:30:00+00:00,2022-12-15 08:00:00+00:00,2022-12-15 01:00:00+00:00,2022-12-15 08:15:00+00:00,2022-12-15 04:00:00+00:00,2022-12-15 05:00:00+00:00
2022-12-16,2022-12-16 01:30:00+00:00,2022-12-16 08:00:00+00:00,2022-12-16 01:00:00+00:00,2022-12-16 08:15:00+00:00,2022-12-16 04:00:00+00:00,2022-12-16 05:00:00+00:00
2022-12-19,2022-12-19 01:30:00+00:00,2022-12-19 08:00:00+00:00,2022-12-19 01:00:00+00:00,2022-12-19 08:15:00+00:00,2022-12-19 04:00:00+00:00,2022-12-19 05:00:00+00:00
2022-12-20,2022-12-20 01:30:00+00:00,2022-12-20 08:00:00+00:00,2022-12-20 01:00:00+00:00,2022-12-20 08:15:00+00:00,2022-12-20 04:00:00+00:00,2022-12-20 05:00:00+00:00
2022-12-21,2022-12-21 01:30:00+00:00,2022-12-21 08:00:00+00:00,2022-12-21 01:00:00+00:00,2022-12-21 08:15:00+00:00,2022-12-21 04:00:00+00:00,2022-12-21 05:00:00+00:00
2022-12-22,2022-12-22 01:30:00+00:00,2022-12-22 08:00:00+00:00,2022-12-22 01:00:00+00:00,2022-12-22 08:15:00+00:00,2022-12-22 04:00:00+00:00,2022-12-22 05:00:00+00:00
2022-12-23,2022-12-23 01:30:00+00:00,2022-12-23 08:00:00+00:00,2022-12-23 01:00:00+00:00,2022-12-23 08:15:00+00:00,2022-12-23 04:00:00+00:00,2022-12-23 05:00:00+00:00
2022-12-28,2022-12-28 01:30:00+00:00,2022-12-28 08:00:00+00:00,2022-12-28 01:00:00+00:00,2022-12-28 08:15:00+00:00,2022-12-28 04:00:00+00:00,2022-12-28 05:00:00+00:00
2022-12-29,2022-12-29 01:30:00+00:00,2022-12-29 08:00:00+00:00,2022-12-29 01:00:00+00:00,2022-12-29 08:15:00+00:00,2022-12-29 04:00:00+00:00,2022-12-29 05:00:00+00:00
2022-12-30,2022-12-30 01:30:00+00:00,2022-12-30 08:00:00+00:00,2022-12-30 01:00:00+00:00,2022-12-30 08:15:00+00:00,2022-12-30 04:00:00+00:00,2022-12-30 05:00:00+00:00
2023-01-03,2023-01-03 01:30:00+00:00,2023-01-03 08:00:00+00:00,2023-01-03 01:00:00+00:00,2023-01-03 08:15:00+00:00,2023-01-03 04:00:00+00:00,2023-01-03 05:00:00+00:00
2023-01-04,2023-01-04 01:30:00+00:00,2023-01-04 08:00:00+00:00,2023-01-04 01:00:00+00:00,2023-01-04 08:15:00+00:00,2023-01-04 04:00:00+00:00,2023-01-04 05:00:00+00:00
2023-01-05,2023-01-05 01:30:00+00:00,2023-01-05 08:00:00+00:00,2023-01-05 01:00:00+00:00,2023-01-05 08:15:00+00:00,2023-01-05 04:00:00+00:00,2023-01-05 05:00:00+00:00
2023-01-06,2023-01-06 01:30:00+00:00,2023-01-06 08:00:00+00:00,2023-01-06 01:00:00+00:00,2023-01-06 08:15:00+00:00,2023-01-06 04:00:00+00:00,2023-01-06 05:00:00+00:00
2023-01-09,2023-01-09 01:30:00+00:00,2023-01-09 08:00:00+00:00,2023-01-09 01:00:00+00:00,2023-01-09 08:15:00+00:00,2023-01-09 04:00:00+00:00,2023-01-09 05:00:00+00:00
2023-01-10,2023-01-10 01:30:00+00:00,2023-01-10 08:00:00+00:00,2023-01-10 01:00:00+00:00,2023-01-10 08:15:00+00:00,2023-01-10 04:00:00+00:00,2023-01-10 05:00:00+00:00
2023-01-11,2023-01-11 01:30:00+00:00,2023-01-11 08:00:00+00:00,2023-01-11 01:00:00+00:00,2023-01-11 08:15:00+00:00,2023-01-11 04:00:00+00:00,2023-01-11 05:00:00+00:00
2023-01-12,2023-01-12 01:30:00+00:00,2023-01-12 08:00:00+00:00,2023-01-12 01:00:00+00:00,2023-01-12 08:15:00+00:00,2023-01-12 04:00:00+00:00,2023-01-12 05:00:00+00:00
2023-01-13,2023-01-13 01:30:00+00:00,2023-01-13 08:00:00+00:00,2023-01-13 01:00:00+00:00,2023-01-13 08:15:00+00:00,2023-01-13 04:00:00+00:00,2023-01-13 05:00:00+00:00
2023-01-16,2023-01-16 01:30:00+00:00,2023-01-16 08:00:00+00:00,2023-01-16 01:00:00+00:00,2023-01-16 08:15:00+00:00,2023-01-16 04:00:00+00:00,2023-01-16 05:00:00+00:00
2023-01-17,2023-01-17 01:30:00+00:00,2023-01-17 08:00:00+00:00,2023-01-17 01:00:00+00:00,2023-01-17 08:15:00+00:00,2023-01-17 04:00:00+00:00,2023-01-17 05:00:00+00:00
2023-01-18,2023-01-18 01:30:00+00:00,2023-01-18 08:00:00+00:00,2023-01-18 01:00:00+00:00,2023-01-18 08:15:00+00:00,2023-01-18 04:00:00+00:00,2023-01-18 05:00:00+00:00
2023-01-19,2023-01-19 01:30:00+00:00,2023-01-19 08:00:00+00:00,2023-01-19 01:00:00+00:00,2023-01-19 08:15:00+00:00,2023-01-19 04:00:00+00:00,2023-01-19 05:00:00+00:00
2023-01-20,2023-01-20 01:30:00+00:00,2023-01-20 08:00:00+00:00,2023-01-20 01:00:00+00:00,2023-01-20 08:15:00+00:00,2023-01-20 04:00:00+00:00,2023-01-20 05:00:00+00:00
2023-01-26,2023-01-26 01:30:00+00:00,2023-01-26 08:00:00+00:00,2023-01-26 01:00:00+00:00,2023-01-26 08:15:00+00:00,2023-01-26 04:00:00+00:00,2023-01-26 05:00:00+00:00
2023-01-27,2023-01-27 01:30:00+00:00,2023-01-27 08:00:00+00:00,2023-01-27 01:00:00+00:00,2023-01-27 08:15:00+00:00,2023-01-27 04:00:00+00:00,2023-01-27 05:00:00+00:00
2023-01-30,2023-01-30 01:30:00+00:00,2023-01-30 08:00:00+00:00,2023-01-30 01:00:00+00:00,2023-01-30 08:15:00+00:00,2023-01-30 04:00:00+00:00,2023-01-30 05:00:00+00:00
2023-01-31,2023-01-31 01:30:00+00:00,2023-01-31 08:00:00+00:00,2023-01-31 01:00:00+00:00,2023-01-31 08:15:00+00:00,2023-01-31 04:00:00+00:00,2023-01-31 05:00:00+00:00
2023-02-01,2023-02-01 01:30:00+00:00,2023-02-01 08:00:00+00:00,2023-02-01 01:00:00+00:00,2023-02-01 08:15:00+00:00,2023-02-01 04:00:00+00:00,2023-02-01 05:00:00+00:00
2023-02-02,2023-02-02 01:30:00+00:00,2023-02-02 08:00:00+00:00,2023-02-02 01:00:00+00:00,2023-02-02 08:15:00+00:00,2023-02-02 04:00:00+00:00,2023-02-02 05:00:00+00:00
2023-02-03,2023-02-03 01:30:00+00:00,2023-02-03 08:00:00+00:00,2023-02-03 01:00:00+00:00,2023-02-03 08:15:00+00:00,2023-02-03 04:00:00+00:00,2023-02-03 05:00:00+00:00
2023-02-06,2023-02-06 01:30:00+00:00,2023-02-06 08:00:00+00:00,2023-02-06 01:00:00+00:00,2023-02-06 08:15:00+00:00,2023-02-06 04:00:00+00:00,2023-02-06 05:00:00+00:00
2023-02-07,2023-02-07 01:30:00+00:00,2023-02-07 08:00:00+00:00,2023-02-07 01:00:00+00:00,2023-02-07 08:15:00+00:00,2023-02-07 04:00:00+00:00,2023-02-07 05:00:00+00:00
2023-02-08,2023-02-08 01:30:00+00:00,2023-02-08 08:00:00+00:00,2023-02-08 01:00:00+00:00,2023-02-08 08:15:00+00:00,2023-02-08 04:00:00+00:00,2023-02-08 05:00:00+00:00
2023-02-09,2023-02-09 01:30:00+00:00,2023-02-09 08:00:00+00:00,2023-02-09 01:00:00+00:00,2023-02-09 08:15:00+00:00,2023-02-09 04:00:00+00:00,2023-02-09 05:00:00+00:00
2023-02-10,2023-02-10 01:30:00+00:00,2023-02-10 08:00:00+00:00,2023-02-10 01:00:00+00:00,2023-02-10 08:15:00+00:00,2023-02-10 04:00:00+00:00,2023-02-10 05:00:00+00:00
2023-02-13,2023-02-13 01:30:00+00:00,2023-02-13 08:00:00+00:00,2023-02-13 01:00:00+00:00,2023-02-13 08:15:00+00:00,2023-02-13 04:00:00+00:00,2023-02-13 05:00:00+00:00
2023-02-14,2023-02-14 01:30:00+00:00,2023-02-14 08:00:00+00:00,2023-02-14 01:00:00+00:00,2023-02-14 08:15:00+00:00,2023-02-14 04:00:00+00:00,2023-02-14 05:00:00+00:00
2023-02-15,2023-02-15 01:30:00+00:00,2023-02-15 08:00:00+00:00,2023-02-15 01:00:00+00:00,2023-02-15 08:15:00+00:00,2023-02-15 04:00:00+00:00,2023-02-15 05:00:00+00:00
2023-02-16,2023-02-16 01:30:00+00:00,2023-02-16 08:00:00+00:00,2023-02-16 01:00:00+00:00,2023-02-16 08:15:00+00:00,2023-02-16 04:00:00+00:00,2023-02-16 05:00:00+00:00
2023-02-17,2023-02-17 01:30:00+00:00,2023-02-17 08:00:00+00:00,2023-02-17 01:00:00+00:00,2023-02-17 08:15:00+00:00,2023-02-17 04:00:00+00:00,2023-02-17 05:00:00+00:00
2023-02-20,2023-02-20 01:30:00+00:00,2023-02-20 08:00:00+00:00,2023-02-20 01:00:00+00:00,2023-02-20 08:15:00+00:00,2023-02-20 04:00:00+00:00,2023-02-20 05:00:00+00:00
2023-02-21,2023-02-21 01:30:00+00:00,2023-02-21 08:00:00+00:00,2023-02-21 01:00:00+00:00,2023-02-21 08:15:00+00:00,2023-02-21 04:00:00+00:00,2023-02-21 05:00:00+00:00
2023-02-22,2023-02-22 01:30:00+00:00,2023-02-22 08:00:00+00:00,2023-02-22 01:00:00+00:00,2023-02-22 08:15:00+00:00,2023-02-22 04:00:00+00:00,2023-02-22 05:00:00+00:00
2023-02-23,2023-02-23 01:30:00+00:00,2023-02-23 08:00:00+00:00,2023-02-23 01:00:00+00:00,2023-02-23 08:15:00+00:00,2023-02-23 04:00:00+00:00,2023-02-23 05:00:00+00:00
2023-02-24,2023-02-24 01:30:00+00:00,2023-02-24 08:00:00+00:00,2023-02-24 01:00:00+00:00,2023-02-24 08:15:00+00:00,2023-02-24 04:00:00+00:00,2023-02-24 05:00:00+00:00
2023-02-27,2023-02-27 01:30:00+00:00,2023-02-27 08:00:00+00:00,2023-02-27 01:00:00+00:00,2023-02-27 08:15:00+00:00,2023-02-27 04:00:00+00:00,2023-02-27 05:00:00+00:00
2023-02-28,2023-02-28 01:30:00+00:00,2023-02-28 08:00:00+00:00,2023-02-28 01:00:00+00:00,2023-02-28 08:15:00+00:00,2023-02-28 04:00:00+00:00,2023-02-28 05:00:00+00:00
2023-03-01,2023-03-01 01:30:00+00:00,2023-03-01 08:00:00+00:00,2023-03-01 01:00:00+00:00,2023-03-01 08:15:00+00:00,2023-03-01 04:00:00+00:00,2023-03-01 05:00:00+00:00
2023-03-02,2023-03-02 01:30:00+00:00,2023-03-02 08:00:00+00:00,2023-03-02 01:00:00+00:00,2023-03-02 08:15:00+00:00,2023-03-02 04:00:00+00:00,2023-03-02 05:00:00+00:00
2023-03-03,2023-03-03 01:30:00+00:00,2023-03-03 08:00:00+00:00,2023-03-03 01:00:00+00:00,2023-03-03 08:15:00+00:00,2023-03-03 04:00:00+00:00,2023-03-03 05:00:00+00:00
2023-03-06,2023-03-06 01:30:00+00:00,2023-03-06 08:00:00+00:00,2023-03-06 01:00:00+00:00,2023-03-06 08:15:00+00:00,2023-03-06 04:00:00+00:00,2023-03-06 05:00:00+00:00
2023-03-07,2023-03-07 01:30:00+00:00,2023-03-07 08:00:00+00:00,2023-03-07 01:00:00+00:00,2023-03-07 08:15:00+00:00,2023-03-07 04:00:00+00:00,2023-03-07 05:00:00+00:00
2023-03-08,2023-03-08 01:30:00+00:00,2023-03-08 08:00:00+00:00,2023-03-08 01:00:00+00:00,2023-03-08 08:15:00+00:00,2023-03-08 04:00:00+00:00,2023-03-08 05:00:00+00:00
2023-03-09,2023-03-09 01:30:00+00:00,2023-03-09 08:00:00+00:00,2023-03-09 01:00:00+00:00,2023-03-09 08:15:00+00:00,2023-03-09 04:00:00+00:00,2023-03-09 05:00:00+00:00
2023-03-10,2023-03-10 01:30:00+00:00,2023-03-10 08:00:00+00:00,2023-03-10 01:00:00+00:00,2023-03-10 08:15:00+00:00,2023-03-10 04:00:00+00:00,2023-03-10 05:00:00+00:00
2023-03-13,2023-03-13 01:30:00+00:00,2023-03-13 08:00:00+00:00,2023-03-13 01:00:00+00:00,2023-03-13 08:15:00+00:00,2023-03-13 04:00:00+00:00,2023-03-13 05:00:00+00:00
2023-03-14,2023-03-14 01:30:00+00:00,2023-03-14 08:00:00+00:00,2023-03-14 01:00:00+00:00,2023-03-14 08:15:00+00:00,2023-03-14 04:00:00+00:00,2023-03-14 05:00:00+00:00
2023-03-15,2023-03-15 01:30:00+00:00,2023-03-15 08:00:00+00:00,2023-03-15 01:00:00+00:00,2023-03-15 08:15:00+00:00,2023-03-15 04:00:00+00:00,2023-03-15 05:00:00+00:00
2023-03-16,2023-03-16 01:30:00+00:00,2023-03-16 08:00:00+00:00,2023-03-16 01:00:00+00:00,2023-03-16 08:15:00+00:00,2023-03-16 04:00:00+00:00,2023-03-16 05:00:00+00:00
2023-03-17,2023-03-17 01:30:00+00:00,2023-03-17 08:00:00+00:00,2023-03-17 01:00:00+00:00,2023-03-17 08:15:00+00:00,2023-03-17 04:00:00+00:00,2023-03-17 05:00:00+00:00
2023-03-20,2023-03-20 01:30:00+00:00,2023-03-20 08:00:00+00:00,2023-03-20 01:00:00+00:00,2023-03-20 08:15:00+00:00,2023-03-20 04:00:00+00:00,2023-03-20 05:00:00+00:00
2023-03-21,2023-03-21 01:30:00+00:00,2023-03-21 08:00:00+00:00,2023-03-21 01:00:00+00:00,2023-03-21 08:15:00+00:00,2023-03-21 04:00:00+00:00,2023-03-21 05:00:00+00:00
2023-03-22,2023-03-22 01:30:00+00:00,2023-03-22 08:00:00+00:00,2023-03-22 01:00:00+00:00,2023-03-22 08:15:00+00:00,2023-03-22 04:00:00+00:00,2023-03-22 05:00:00+00:00
2023-03-23,2023-03-23 01:30:00+00:00,2023-03-23 08:00:00+00:00,2023-03-23 01:00:00+00:00,2023-03-23 08:15:00+00:00,2023-03-23 04:00:00+00:00,2023-03-23 05:00:00+00:00
2023-03-24,2023-03-24 01:30:00+00:00,2023-03-24 08:00:00+00:00,2023-03-24 01:00:00+00:00,2023-03-24 08:15:00+00:00,2023-03-24 04:00:00+00:00,2023-03-24 05:00:00+00:00
2023-03-27,2023-03-27 01:30:00+00:00,2023-03-27 08:00:00+00:00,2023-03-27 01:00:00+00:00,2023-03-27 08:15:00+00:00,2023-03-27 04:00:00+00:00,2023-03-27 05:00:00+00:00
2023-03-28,2023-03-28 01:30:00+00:00,2023-03-28 08:00:00+00:00,2023-03-28 01:00:00+00:00,2023-03-28 08:15:00+00:00,2023-03-28 04:00:00+00:00,2023-03-28 05:00:00+00:00
2023-03-29,2023-03-29 01:30:00+00:00,2023-03-29 08:00:00+00:00,2023-03-29 01:00:00+00:00,2023-03-29 08:15:00+00:00,2023-03-29 04:00:00+00:00,2023-03-29 05:00:00+00:00
2023-03-30,2023-03-30 01:30:00+00:00,2023-03-30 08:00:00+00:00,2023-03-30 01:00:00+00:00,2023-03-30 08:15:00+00:00,2023-03-30 04:00:00+00:00,2023-03-30 05:00:00+00:00
2023-03-31,2023-03-31 01:30:00+00:00,2023-03-31 08:00:00+00:00,2023-03-31 01:00:00+00:00,2023-03-31 08:15:00+00:00,2023-03-31 04:00:00+00:00,2023-03-31 05:00:00+00:00
2023-04-03,2023-04-03 01:30:00+00:00,2023-04-03 08:00:00+00:00,2023-04-03 01:00:00+00:00,2023-04-03 08:15:00+00:00,2023-04-03 04:00:00+00:00,2023-04-03 05:00:00+00:00
2023-04-04,2023-04-04 01:30:00+00:00,2023-04-04 08:00:00+00:00,2023-04-04 01:00:00+00:00,2023-04-04 08:15:00+00:00,2023-04-04 04:00:00+00:00,2023-04-04 05:00:00+00:00
2023-04-06,2023-04-06 01:30:00+00:00,2023-04-06 08:00:00+00:00,2023-04-06 01:00:00+00:00,2023-04-06 08:15:00+00:00,2023-04-06 04:00:00+00:00,2023-04-06 05:00:00+00:00
2023-04-11,2023-04-11 01:30:00+00:00,2023-04-11 08:00:00+00:00,2023-04-11 01:00:00+00:00,2023-04-11 08:15:00+00:00,2023-04-11 04:00:00+00:00,2023-04-11 05:00:00+00:00
2023-04-12,2023-04-12 01:30:00+00:00,2023-04-12 08:00:00+00:00,2023-04-12 01:00:00+00:00,2023-04-12 08:15:00+00:00,2023-04-12 04:00:00+00:00,2023-04-12 05:00:00+00:00
2023-04-13,2023-04-13 01:30:00+00:00,2023-04-13 08:00:00+00:00,2023-04-13 01:00:00+00:00,2023-04-13 08:15:00+00:00,2023-04-13 04:00:00+00:00,2023-04-13 05:00:00+00:00
2023-04-14,2023-04-14 01:30:00+00:00,2023-04-14 08:00:00+00:00,2023-04-14 01:00:00+00:00,2023-04-14 08:15:00+00:00,2023-04-14 04:00:00+00:00,2023-04-14 05:00:00+00:00
2023-04-17,2023-04-17 01:30:00+00:00,2023-04-17 08:00:00+00:00,2023-04-17 01:00:00+00:00,2023-04-17 08:15:00+00:00,2023-04-17 04:00:00+00:00,2023-04-17 05:00:00+00:00
2023-04-18,2023-04-18 01:30:00+00:00,2023-04-18 08:00:00+00:00,2023-04-18 01:00:00+00:00,2023-04-18 08:15:00+00:00,2023-04-18 04:00:00+00:00,2023-04-18 05:00:00+00:00
2023-04-19,2023-04-19 01:30:00+00:00,2023-04-19 08:00:00+00:00,2023-04-19 01:00:00+00:00,2023-04-19 08:15:00+00:00,2023-04-19 04:00:00+00:00,2023-04-19 05:00:00+00:00
2023-04-20,2023-04-20 01:30:00+00:00,2023-04-20 08:00:00+00:00,2023-04-20 01:00:00+00:00,2023-04-20 08:15:00+00:00,2023-04-20 04:00:00+00:00,2023-04-20 05:00:00+00:00
2023-04-21,2023-04-21 01:30:00+00:00,2023-04-21 08:00:00+00:00,2023-04-21 01:00:00+00:00,2023-04-21 08:15:00+00:00,2023-04-21 04:00:00+00:00,2023-04-21 05:00:00+00:00
2023-04-24,2023-04-24 01:30:00+00:00,2023-04-24 08:00:00+00:00,2023-04-24 01:00:00+00:00,2023-04-24 08:15:00+00:00,2023-04-24 04:00:00+00:00,2023-04-24 05:00:00+00:00
2023-04-25,2023-04-25 01:30:00+00:00,2023-04-25 08:00:00+00:00,2023-04-25 01:00:00+00:00,2023-04-25 08:15:00+00:00,2023-04-25 04:00:00+00:00,2023-04-25 05:00:00+00:00
2023-04-26,2023-04-26 01:30:00+00:00,2023-04-26 08:00:00+00:00,2023-04-26 01:00:00+00:00,2023-04-26 08:15:00+00:00,2023-04-26 04:00:00+00:00,2023-04-26 05:00:00+00:00
2023-04-27,2023-04-27 01:30:00+00:00,2023-04-27 08:00:00+00:00,2023-04-27 01:00:00+00:00,2023-04-27 08:15:00+00:00,2023-04-27 04:00:00+00:00,2023-04-27 05:00:00+00:00
2023-04-28,2023-04-28 01:30:00+00:00,2023-04-28 08:00:00+00:00,2023-04-28 01:00:00+00:00,2023-04-28 08:15:00+00:00,2023-04-28 04:00:00+00:00,2023-04-28 05:00:00+00:00
2023-05-02,2023-05-02 01:30:00+00:00,2023-05-02 08:00:00+00:00,2023-05-02 01:00:00+00:00,2023-05-02 08:15:00+00:00,2023-05-02 04:00:00+00:00,2023-05-02 05:00:00+00:00
2023-05-03,2023-05-03 01:30:00+00:00,2023-05-03 08:00:00+00:00,2023-05-03 01:00:00+00:00,2023-05-03 08:15:00+00:00,2023-05-03 04:00:00+00:00,2023-05-03 05:00:00+00:00
2023-05-04,2023-05-04 01:30:00+00:00,2023-05-04 08:00:00+00:00,2023-05-04 01:00:00+00:00,2023-05-04 08:15:00+00:00,2023-05-04 04:00:00+00:00,2023-05-04 05:00:00+00:00
2023-05-05,2023-05-05 01:30:00+00:00,2023-05-05 08:00:00+00:00,2023-05-05 01:00:00+00:00,2023-05-05 08:15:00+00:00,2023-05-05 04:00:00+00:00,2023-05-05 05:00:00+00:00
2023-05-08,2023-05-08 01:30:00+00:00,2023-05-08 08:00:00+00:00,2023-05-08 01:00:00+00:00,2023-05-08 08:15:00+00:00,2023-05-08 04:00:00+00:00,2023-05-08 05:00:00+00:00
2023-05-09,2023-05-09 01:30:00+00:00,2023-05-09 08:00:00+00:00,2023-05-09 01:00:00+00:00,2023-05-09 08:15:00+00:00,2023-05-09 04:00:00+00:00,2023-05-09 05:00:00+00:00
2023-05-10,2023-05-10 01:30:00+00:00,2023-05-10 08:00:00+00:00,2023-05-10 01:00:00+00:00,2023-05-10 08:15:00+00:00,2023-05-10 04:00:00+00:00,2023-05-10 05:00:00+00:00
2023-05-11,2023-05-11 01:30:00+00:00,2023-05-11 08:00:00+00:00,2023-05-11 01:00:00+00:00,2023-05-11 08:15:00+00:00,2023-05-11 04:00:00+00:00,2023-05-11 05:00:00+00:00
2023-05-12,2023-05-12 01:30:00+00:00,2023-05-12 08:00:00+00:00,2023-05-12 01:00:00+00:00,2023-05-12 08:15:00+00:00,2023-05-12 04:00:00+00:00,2023-05-12 05:00:00+00:00
2023-05-15,2023-05-15 01:30:00+00:00,2023-05-15 08:00:00+00:00,2023-05-15 01:00:00+00:00,2023-05-15 08:15:00+00:00,2023-05-15 04:00:00+00:00,2023-05-15 05:00:00+00:00
2023-05-16,2023-05-16 01:30:00+00:00,2023-05-16 08:00:00+00:00,2023-05-16 01:00:00+00:00,2023-05-16 08:15:00+00:00,2023-05-16 04:00:00+00:00,2023-05-16 05:00:00+00:00
2023-05-17,2023-05-17 01:30:00+00:00,2023-05-17 08:00:00+00:00,2023-05-17 01:00:00+00:00,2023-05-17 08:15:00+00:00,2023-05-17 04:00:00+00:00,2023-05-17 05:00:00+00:00
2023-05-18,2023-05-18 01:30:00+00:00,2023-05-18 08:00:00+00:00,2023-05-18 01:00:00+00:00,2023-05-18 08:15:00+00:00,2023-05-18 04:00:00+00:00,2023-05-18 05:00:00+00:00
2023-05-19,2023-05-19 01:30:00+00:00,2023-05-19 08:00:00+00:00,2023-05-19 01:00:00+00:00,2023-05-19 08:15:00+00:00,2023-05-19 04:00:00+00:00,2023-05-19 05:00:00+00:00
2023-05-22,2023-05-22 01:30:00+00:00,2023-05-22 08:00:00+00:00,2023-05-22 01:00:00+00:00,2023-05-22 08:15:00+00:00,2023-05-22 04:00:00+00:00,2023-05-22 05:00:00+00:00
2023-05-23,2023-05-23 01:30:00+00:00,2023-05-23 08:00:00+00:00,2023-05-23 01:00:00+00:00,2023-05-23 08:15:00+00:00,2023-05-23 04:00:00+00:00,2023-05-23 05:00:00+00:00
2023-05-24,2023-05-24 01:30:00+00:00,2023-05-24 08:00:00+00:00,2023-05-24 01:00:00+00:00,2023-05-24 08:15:00+00:00,2023-05-24 04:00:00+00:00,2023-05-24 05:00:00+00:00
2023-05-25,2023-05-25 01:30:00+00:00,2023-05-25 08:00:00+00:00,2023-05-25 01:00:00+00:00,2023-05-25 08:15:00+00:00,2023-05-25 04:00:00+00:00,2023-05-25 05:00:00+00:00
2023-05-29,2023-05-29 01:30:00+00:00,2023-05-29 08:00:00+00:00,2023-05-29 01:00:00+00:00,2023-05-29 08:15:00+00:00,2023-05-29 04:00:00+00:00,2023-05-29 05:00:00+00:00
2023-05-30,2023-05-30 01:30:00+00:00,2023-05-30 08:00:00+00:00,2023-05-30 01:00:00+00:00,2023-05-30 08:15:00+00:00,2023-05-30 04:00:00+00:00,2023-05-30 05:00:00+00:00
2023-05-31,2023-05-31 01:30:00+00:00,2023-05-31 08:00:00+00:00,2023-05-31 01:00:00+00:00,2023-05-31 08:15:00+00:00,2023-05-31 04:00:00+00:00,2023-05-31 05:00:00+00:00
2023-06-01,2023-06-01 01:30:00+00:00,2023-06-01 08:00:00+00:00,2023-06-01 01:00:00+00:00,2023-06-01 08:15:00+00:00,2023-06-01 04:00:00+00:00,2023-06-01 05:00:00+00:00
2023-06-02,2023-06-02 01:30:00+00:00,2023-06-02 08:00:00+00:00,2023-06-02 01:00:00+00:00,2023-06-02 08:15:00+00:00,2023-06-02 04:00:00+00:00,2023-06-02 05:00:00+00:00
2023-06-05,2023-06-05 01:30:00+00:00,2023-06-05 08:00:00+00:00,2023-06-05 01:00:00+00:00,2023-06-05 08:15:00+00:00,2023-06-05 04:00:00+00:00,2023-06-05 05:00:00+00:00
2023-06-06,2023-06-06 01:30:00+00:00,2023-06-06 08:00:00+00:00,2023-06-06 01:00:00+00:00,2023-06-06 08:15:00+00:00,2023-06-06 04:00:00+00:00,2023-06-06 05:00:00+00:00
2023-06-07,2023-06-07 01:30:00+00:00,2023-06-07 08:00:00+00:00,2023-06-07 01:00:00+00:00,2023-06-07 08:15:00+00:00,2023-06-07 04:00:00+00:00,2023-06-07 05:00:00+00:00
2023-06-08,2023-06-08 01:30:00+00:00,2023-06-08 08:00:00+00:00,2023-06-08 01:00:00+00:00,2023-06-08 08:15:00+00:00,2023-06-08 04:00:00+00:00,2023-06-08 05:00:00+00:00
2023-06-09,2023-06-09 01:30:00+00:00,2023-06-09 08:00:00+00:00,2023-06-09 01:00:00+00:00,2023-06-09 08:15:00+00:00,2023-06-09 04:00:00+00:00,2023-06-09 05:00:00+00:00
2023-06-12,2023-06-12 01:30:00+00:00,2023-06-12 08:00:00+00:00,2023-06-12 01:00:00+00:00,2023-06-12 08:15:00+00:00,2023-06-12 04:00:00+00:00,2023-06-12 05:00:00+00:00
2023-06-13,2023-06-13 01:30:00+00:00,2023-06-13 08:00:00+00:00,2023-06-13 01:00:00+00:00,2023-06-13 08:15:00+00:00,2023-06-13 04:00:00+00:00,2023-06-13 05:00:00+00:00
2023-06-14,2023-06-14 01:30:00+00:00,2023-06-14 08:00:00+00:00,2023-06-14 01:00:00+00:00,2023-06-14 08:15:00+00:00,2023-06-14 04:00:00+00:00,2023-06-14 05:00:00+00:00
2023-06-15,2023-06-15 01:30:00+00:00,2023-06-15 08:00:00+00:00,2023-06-15 01:00:00+00:00,2023-06-15 08:15:00+00:00,2023-06-15 04:00:00+00:00,2023-06-15 05:00:00+00:00
2023-06-16,2023-06-16 01:30:00+00:00,2023-06-16 08:00:00+00:00,2023-06-16 01:00:00+00:00,2023-06-16 08:15:00+00:00,2023-06-16 04:00:00+00:00,2023-06-16 05:00:00+00:00
2023-06-19,2023-06-19 01:30:00+00:00,2023-06-19 08:00:00+00:00,2023-06-19 01:00:00+00:00,2023-06-19 08:15:00+00:00,2023-06-19 04:00:00+00:00,2023-06-19 05:00:00+00:00
2023-06-20,2023-06-20 01:30:00+00:00,2023-06-20 08:00:00+00:00,2023-06-20 01:00:00+00:00,2023-06-20 08:15:00+00:00,2023-06-20 04:00:00+00:00,2023-06-20 05:00:00+00:00
2023-06-21,2023-06-21 01:30:00+00:00,2023-06-21 08:00:00+00:00,2023-06-21 01:00:00+00:00,2023-06-21 08:15:00+00:00,2023-06-21 04:00:00+00:00,2023-06-21 05:00:00+00:00
2023-06-23,2023-06-23 01:30:00+00:00,2023-06-23 08:00:00+00:00,2023-06-23 01:00:00+00:00,2023-06-23 08:15:00+00:00,2023-06-23 04:00:00+00:00,2023-06-23 05:00:00+00:00
2023-06-26,2023-06-26 01:30:00+00:00,2023-06-26 08:00:00+00:00,2023-06-26 01:00:00+00:00,2023-06-26 08:15:00+00:00,2023-06-26 04:00:00+00:00,2023-06-26 05:00:00+00:00
2023-06-27,2023-06-27 01:30:00+00:00,2023-06-27 08:00:00+00:00,2023-06-27 01:00:00+00:00,2023-06-27 08:15:00+00:00,2023-06-27 04:00:00+00:00,2023-06-27 05:00:00+00:00
2023-06-28,2023-06-28 01:30:00+00:00,2023-06-28 08:00:00+00:00,2023-06-28 01:00:00+00:00,2023-06-28 08:15:00+00:00,2023-06-28 04:00:00+00:00,2023-06-28 05:00:00+00:00
2023-06-29,2023-06-29 01:30:00+00:00,2023-06-29 08:00:00+00:00,2023-06-29 01:00:00+00:00,2023-06-29 08:15:00+00:00,2023-06-29 04:00:00+00:00,2023-06-29 05:00:00+00:00
2023-06-30,2023-06-30 01:30:00+00:00,2023-06-30 08:00:00+00:00,2023-06-30 01:00:00+00:00,2023-06-30 08:15:00+00:00,2023-06-30 04:00:00+00:00,2023-06-30 05:00:00+00:00
2023-07-03,2023-07-03 01:30:00+00:00,2023-07-03 08:00:00+00:00,2023-07-03 01:00:00+00:00,2023-07-03 08:15:00+00:00,2023-07-03 04:00:00+00:00,2023-07-03 05:00:00+00:00
2023-07-04,2023-07-04 01:30:00+00:00,2023-07-04 08:00:00+00:00,2023-07-04 01:00:00+00:00,2023-07-04 08:15:00+00:00,2023-07-04 04:00:00+00:00,2023-07-04 05:00:00+00:00
2023-07-05,2023-07-05 01:30:00+00:00,2023-07-05 08:00:00+00:00,2023-07-05 01:00:00+00:00,2023-07-05 08:15:00+00:00,2023-07-05 04:00:00+00:00,2023-07-05 05:00:00+00:00
2023-07-06,2023-07-06 01:30:00+00:00,2023-07-06 08:00:00+00:00,2023-07-06 01:00:00+00:00,2023-07-06 08:15:00+00:00,2023-07-06 04:00:00+00:00,2023-07-06 05:00:00+00:00
2023-07-07,2023-07-07 01:30:00+00:00,2023-07-07 08:00:00+00:00,2023-07-07 01:00:00+00:00,2023-07-07 08:15:00+00:00,2023-07-07 04:00:00+00:00,2023-07-07 05:00:00+00:00
2023-07-10,2023-07-10 01:30:00+00:00,2023-07-10 08:00:00+00:00,2023-07-10 01:00:00+00:00,2023-07-10 08:15:00+00:00,2023-07-10 04:00:00+00:00,2023-07-10 05:00:00+00:00
2023-07-11,2023-07-11 01:30:00+00:00,2023-07-11 08:00:00+00:00,2023-07-11 01:00:00+00:00,2023-07-11 08:15:00+00:00,2023-07-11 04:00:00+00:00,2023-07-11 05:00:00+00:00
2023-07-12,2023-07-12 01:30:00+00:00,2023-07-12 08:00:00+00:00,2023-07-12 01:00:00+00:00,2023-07-12 08:15:00+00:00,2023-07-12 04:00:00+00:00,2023-07-12 05:00:00+00:00
2023-07-13,2023-07-13 01:30:00+00:00,2023-07-13 08:00:00+00:00,2023-07-13 01:00:00+00:00,2023-07-13 08:15:00+00:00,2023-07-13 04:00:00+00:00,2023-07-13 05:00:00+00:00
2023-07-14,2023-07-14 01:30:00+00:00,2023-07-14 08:00:00+00:00,2023-07-14 01:00:00+00:00,2023-07-14 08:15:00+00:00,2023-07-14 04:00:00+00:00,2023-07-14 05:00:00+00:00
2023-07-18,2023-07-18 01:30:00+00:00,2023-07-18 08:00:00+00:00,2023-07-18 01:00:00+00:00,2023-07-18 08:15:00+00:00,2023-07-18 04:00:00+00:00,2023-07-18 05:00:00+00:00
2023-07-19,2023-07-19 01:30:00+00:00,2023-07-19 08:00:00+00:00,2023-07-19 01:00:00+00:00,2023-07-19 08:15:00+00:00,2023-07-19 04:00:00+00:00,2023-07-19 05:00:00+00:00
2023-07-20,2023-07-20 01:30:00+00:00,2023-07-20 08:00:00+00:00,2023-07-20 01:00:00+00:00,2023-07-20 08:15:00+00:00,2023-07-20 04:00:00+00:00,2023-07-20 05:00:00+00:00
2023-07-21,2023-07-21 01:30:00+00:00,2023-07-21 08:00:00+00:00,2023-07-21 01:00:00+00:00,2023-07-21 08:15:00+00:00,2023-07-21 04:00:00+00:00,2023-07-21 05:00:00+00:00
2023-07-24,2023-07-24 01:30:00+00:00,2023-07-24 08:00:00+00:00,2023-07-24 01:00:00+00:00,2023-07-24 08:15:00+00:00,2023-07-24 04:00:00+00:00,2023-07-24 05:00:00+00:00
2023-07-25,2023-07-25 01:30:00+00:00,2023-07-25 08:00:00+00:00,2023-07-25 01:00:00+00:00,2023-07-25 08:15:00+00:00,2023-07-25 04:00:00+00:00,2023-07-25 05:00:00+00:00
2023-07-26,2023-07-26 01:30:00+00:00,2023-07-26 08:00:00+00:00,2023-07-26 01:00:00+00:00,2023-07-26 08:15:00+00:00,2023-07-26 04:00:00+00:00,2023-07-26 05:00:00+00:00
2023-07-27,2023-07-27 01:30:00+00:00,2023-07-27 08:00:00+00:00,2023-07-27 01:00:00+00:00,2023-07-27 08:15:00+00:00,2023-07-27 04:00:00+00:00,2023-07-27 05:00:00+00:00
2023-07-28,2023-07-28 01:30:00+00:00,2023-07-28 08:00:00+00:00,2023-07-28 01:00:00+00:00,2023-07-28 08:15:00+00:00,2023-07-28 04:00:00+00:00,2023-07-28 05:00:00+00:00
2023-07-31,2023-07-31 01:30:00+00:00,2023-07-31 08:00:00+00:00,2023-07-31 01:00:00+00:00,2023-07-31 08:15:00+00:00,2023-07-31 04:00:00+00:00,2023-07-31 05:00:00+00:00
2023-08-01,2023-08-01 01:30:00+00:00,2023-08-01 08:00:00+00:00,2023-08-01 01:00:00+00:00,2023-08-01 08:15:00+00:00,2023-08-01 04:00:00+00:00,2023-08-01 05:00:00+00:00
2023-08-02,2023-08-02 01:30:00+00:00,2023-08-02 08:00:00+00:00,2023-08-02 01:00:00+00:00,2023-08-02 08:15:00+00:00,2023-08-02 04:00:00+00:00,2023-08-02 05:00:00+00:00
2023-08-03,2023-08-03 01:30:00+00:00,2023-08-03 08:00:00+00:00,2023-08-03 01:00:00+00:00,2023-08-03 08:15:00+00:00,2023-08-03 04:00:00+00:00,2023-08-03 05:00:00+00:00
2023-08-04,2023-08-04 01:30:00+00:00,2023-08-04 08:00:00+00:00,2023-08-04 01:00:00+00:00,2023-08-04 08:15:00+00:00,2023-08-04 04:00:00+00:00,2023-08-04 05:00:00+00:00
2023-08-07,2023-08-07 01:30:00+00:00,2023-08-07 08:00:00+00:00,2023-08-07 01:00:00+00:00,2023-08-07 08:15:00+00:00,2023-08-07 04:00:00+00:00,2023-08-07 05:00:00+00:00
2023-08-08,2023-08-08 01:30:00+00:00,2023-08-08 08:00:00+00:00,2023-08-08 01:00:00+00:00,2023-08-08 08:15:00+00:00,2023-08-08 04:00:00+00:00,2023-08-08 05:00:00+00:00
2023-08-09,2023-08-09 01:30:00+00:00,2023-08-09 08:00:00+00:00,2023-08-09 01:00:00+00:00,2023-08-09 08:15:00+00:00,2023-08-09 04:00:00+00:00,2023-08-09 05:00:00+00:00
2023-08-10,2023-08-10 01:30:00+00:00,2023-08-10 08:00:00+00:00,2023-08-10 01:00:00+00:00,2023-08-10 08:15:00+00:00,2023-08-10 04:00:00+00:00,2023-08-10 05:00:00+00:00
2023-08-11,2023-08-11 01:30:00+00:00,2023-08-11 08:00:00+00:00,2023-08-11 01:00:00+00:00,2023-08-11 08:15:00+00:00,2023-08-11 04:00:00+00:00,2023-08-11 05:00:00+00:00
2023-08-14,2023-08-14 01:30:00+00:00,2023-08-14 08:00:00+00:00,2023-08-14 01:00:00+00:00,2023-08-14 08:15:00+00:00,2023-08-14 04:00:00+00:00,2023-08-14 05:00:00+00:00
2023-08-15,2023-08-15 01:30:00+00:00,2023-08-15 08:00:00+00:00,2023-08-15 01:00:00+00:00,2023-08-15 08:15:00+00:00,2023-08-15 04:00:00+00:00,2023-08-15 05:00:00+00:00
2023-08-16,2023-08-16 01:30:00+00:00,2023-08-16 08:00:00+00:00,2023-08-16 01:00:00+00:00,2023-08-16 08:15:00+00:00,2023-08-16 04:00:00+00:00,2023-08-16 05:00:00+00:00
2023-08-17,2023-08-17 01:30:00+00:00,2023-08-17 08:00:00+00:00,2023-08-17 01:00:00+00:00,2023-08-17 08:15:00+00:00,2023-08-17 04:00:00+00:00,2023-08-17 05:00:00+00:00
2023-08-18,2023-08-18 01:30:00+00:00,2023-08-18 08:00:00+00:00,2023-08-18 01:00:00+00:00,2023-08-18 08:15:00+00:00,2023-08-18 04:00:00+00:00,2023-08-18 05:00:00+00:00
2023-08-21,2023-08-21 01:30:00+00:00,2023-08-21 08:00:00+00:00,2023-08-21 01:00:00+00:00,2023-08-21 08:15:00+00:00,2023-08-21 04:00:00+00:00,2023-08-21 05:00:00+00:00
2023-08-22,2023-08-22 01:30:00+00:00,2023-08-22 08:00:00+00:00,2023-08-22 01:00:00+00:00,2023-08-22 08:15:00+00:00,2023-08-22 04:00:00+00:00,2023-08-22 05:00:00+00:00
2023-08-23,2023-08-23 01:30:00+00:00,2023-08-23 08:00:00+00:00,2023-08-23 01:00:00+00:00,2023-08-23 08:15:00+00:00,2023-08-23 04:00:00+00:00,2023-08-23 05:00:00+00:00
2023-08-24,2023-08-24 01:30:00+00:00,2023-08-24 08:00:00+00:00,2023-08-24 01:00:00+00:00,2023-08-24 08:15:00+00:00,2023-08-24 04:00:00+00:00,2023-08-24 05:00:00+00:00
2023-08-25,2023-08-25 01:30:00+00:00,2023-08-25 08:00:00+00:00,2023-08-25 01:00:00+00:00,2023-08-25 08:15:00+00:00,2023-08-25 04:00:00+00:00,2023-08-25 05:00:00+00:00
2023-08-28,2023-08-28 01:30:00+00:00,2023-08-28 08:00:00+00:00,2023-08-28 01:00:00+00:00,2023-08-28 08:15:00+00:00,2023-08-28 04:00:00+00:00,2023-08-28 05:00:00+00:00
2023-08-29,2023-08-29 01:30:00+00:00,2023-08-29 08:00:00+00:00,2023-08-29 01:00:00+00:00,2023-08-29 08:15:00+00:00,2023-08-29 04:00:00+00:00,2023-08-29 05:00:00+00:00
2023-08-30,2023-08-30 01:30:00+00:00,2023-08-30 08:00:00+00:00,2023-08-30 01:00:00+00:00,2023-08-30 08:15:00+00:00,2023-08-30 04:00:00+00:00,2023-08-30 05:00:00+00:00
2023-08-31,2023-08-31 01:30:00+00:00,2023-08-31 08:00:00+00:00,2023-08-31 01:00:00+00:00,2023-08-31 08:15:00+00:00,2023-08-31 04:00:00+00:00,2023-08-31 05:00:00+00:00
2023-09-01,2023-09-01 01:30:00+00:00,2023-09-01 08:00:00+00:00,2023-09-01 01:00:00+00:00,2023-09-01 08:15:00+00:00,2023-09-01 04:00:00+00:00,2023-09-01 05:00:00+00:00
2023-09-04,2023-09-04 01:30:00+00:00,2023-09-04 08:00:00+00:00,2023-09-04 01:00:00+00:00,2023-09-04 08:15:00+00:00,2023-09-04 04:00:00+00:00,2023-09-04 05:00:00+00:00
2023-09-05,2023-09-05 01:30:00+00:00,2023-09-05 08:00:00+00:00,2023-09-05 01:00:00+00:00,2023-09-05 08:15:00+00:00,2023-09-05 04:00:00+00:00,2023-09-05 05:00:00+00:00
2023-09-06,2023-09-06 01:30:00+00:00,2023-09-06 08:00:00+00:00,2023-09-06 01:00:00+00:00,2023-09-06 08:15:00+00:00,2023-09-06 04:00:00+00:00,2023-09-06 05:00:00+00:00
2023-09-07,2023-09-07 01:30:00+00:00,2023-09-07 08:00:00+00:00,2023-09-07 01:00:00+00:00,2023-09-07 08:15:00+00:00,2023-09-07 04:00:00+00:00,2023-09-07 05:00:00+00:00
2023-09-08,2023-09-08 01:30:00+00:00,2023-09-08 08:00:00+00:00,2023-09-08 01:00:00+00:00,2023-09-08 08:15:00+00:00,2023-09-08 04:00:00+00:00,2023-09-08 05:00:00+00:00
2023-09-11,2023-09-11 01:30:00+00:00,2023-09-11 08:00:00+00:00,2023-09-11 01:00:00+00:00,2023-09-11 08:15:00+00:00,2023-09-11 04:00:00+00:00,2023-09-11 05:00:00+00:00
2023-09-12,2023-09-12 01:30:00+00:00,2023-09-12 08:00:00+00:00,2023-09-12 01:00:00+00:00,2023-09-12 08:15:00+00:00,2023-09-12 04:00:00+00:00,2023-09-12 05:00:00+00:00
2023-09-13,2023-09-13 01:30:00+00:00,2023-09-13 08:00:00+00:00,2023-09-13 01:00:00+00:00,2023-09-13 08:15:00+00:00,2023-09-13 04:00:00+00:00,2023-09-13 05:00:00+00:00
2023-09-14,2023-09-14 01:30:00+00:00,2023-09-14 08:00:00+00:00,2023-09-14 01:00:00+00:00,2023-09-14 08:15:00+00:00,2023-09-14 04:00:00+00:00,2023-09-14 05:00:00+00:00
2023-09-15,2023-09-15 01:30:00+00:00,2023-09-15 08:00:00+00:00,2023-09-15 01:00:00+00:00,2023-09-15 08:15:00+00:00,2023-09-15 04:00:00+00:00,2023-09-15 05:00:00+00:00
2023-09-18,2023-09-18 01:30:00+00:00,2023-09-18 08:00:00+00:00,2023-09-18 01:00:00+00:00,2023-09-18 08:15:00+00:00,2023-09-18 04:00:00+00:00,2023-09-18 05:00:00+00:00
2023-09-19,2023-09-19 01:30:00+00:00,2023-09-19 08:00:00+00:00,2023-09-19 01:00:00+00:00,2023-09-19 08:15:00+00:00,2023-09-19 04:00:00+00:00,2023-09-19 05:00:00+00:00
2023-09-20,2023-09-20 01:30:00+00:00,2023-09-20 08:00:00+00:00,2023-09-20 01:00:00+00:00,2023-09-20 08:15:00+00:00,2023-09-20 04:00:00+00:00,2023-09-20 05:00:00+00:00
2023-09-21,2023-09-21 01:30:00+00:00,2023-09-21 08:00:00+00:00,2023-09-21 01:00:00+00:00,2023-09-21 08:15:00+00:00,2023-09-21 04:00:00+00:00,2023-09-21 05:00:00+00:00
2023-09-22,2023-09-22 01:30:00+00:00,2023-09-22 08:00:00+00:00,2023-09-22 01:00:00+00:00,2023-09-22 08:15:00+00:00,2023-09-22 04:00:00+00:00,2023-09-22 05:00:00+00:00
2023-09-25,2023-09-25 01:30:00+00:00,2023-09-25 08:00:00+00:00,2023-09-25 01:00:00+00:00,2023-09-25 08:15:00+00:00,2023-09-25 04:00:00+00:00,2023-09-25 05:00:00+00:00
2023-09-26,2023-09-26 01:30:00+00:00,2023-09-26 08:00:00+00:00,2023-09-26 01:00:00+00:00,2023-09-26 08:15:00+00:00,2023-09-26 04:00:00+00:00,2023-09-26 05:00:00+00:00
2023-09-27,2023-09-27 01:30:00+00:00,2023-09-27 08:00:00+00:00,2023-09-27 01:00:00+00:00,2023-09-27 08:15:00+00:00,2023-09-27 04:00:00+00:00,2023-09-27 05:00:00+00:00
2023-09-28,2023-09-28 01:30:00+00:00,2023-09-28 08:00:00+00:00,2023-09-28 01:00:00+00:00,2023-09-28 08:15:00+00:00,2023-09-28 04:00:00+00:00,2023-09-28 05:00:00+00:00
2023-09-29,2023-09-29 01:30:00+00:00,2023-09-29 08:00:00+00:00,2023-09-29 01:00:00+00:00,2023-09-29 08:15:00+00:00,2023-09-29 04:00:00+00:00,2023-09-29 05:00:00+00:00
2023-10-03,2023-10-03 01:30:00+00:00,2023-10-03 08:00:00+00:00,2023-10-03 01:00:00+00:00,2023-10-03 08:15:00+00:00,2023-10-03 04:00:00+00:00,2023-10-03 05:00:00+00:00
2023-10-04,2023-10-04 01:30:00+00:00,2023-10-04 08:00:00+00:00,2023-10-04 01:00:00+00:00,2023-10-04 08:15:00+00:00,2023-10-04 04:00:00+00:00,2023-10-04 05:00:00+00:00
2023-10-05,2023-10-05 01:30:00+00:00,2023-10-05 08:00:00+00:00,2023-10-05 01:00:00+00:00,2023-10-05 08:15:00+00:00,2023-10-05 04:00:00+00:00,2023-10-05 05:00:00+00:00
2023-10-06,2023-10-06 01:30:00+00:00,2023-10-06 08:00:00+00:00,2023-10-06 01:00:00+00:00,2023-10-06 08:15:00+00:00,2023-10-06 04:00:00+00:00,2023-10-06 05:00:00+00:00
2023-10-09,2023-10-09 01:30:00+00:00,2023-10-09 08:00:00+00:00,2023-10-09 01:00:00+00:00,2023-10-09 08:15:00+00:00,2023-10-09 04:00:00+00:00,2023-10-09 05:00:00+00:00
2023-10-10,2023-10-10 01:30:00+00:00,2023-10-10 08:00:00+00:00,2023-10-10 01:00:00+00:00,2023-10-10 08:15:00+00:00,2023-10-10 04:00:00+00:00,2023-10-10 05:00:00+00:00
2023-10-11,2023-10-11 01:30:00+00:00,2023-10-11 08:00:00+00:00,2023-10-11 01:00:00+00:00,2023-10-11 08:15:00+00:00,2023-10-11 04:00:00+00:00,2023-10-11 05:00:00+00:00
2023-10-12,2023-10-12 01:30:00+00:00,2023-10-12 08:00:00+00:00,2023-10-12 01:00:00+00:00,2023-10-12 08:15:00+00:00,2023-10-12 04:00:00+00:00,2023-10-12 05:00:00+00:00
2023-10-13,2023-10-13 01:30:00+00:00,2023-10-13 08:00:00+00:00,2023-10-13 01:00:00+00:00,2023-10-13 08:15:00+00:00,2023-10-13 04:00:00+00:00,2023-10-13 05:00:00+00:00
2023-10-16,2023-10-16 01:30:00+00:00,2023-10-16 08:00:00+00:00,2023-10-16 01:00:00+00:00,2023-10-16 08:15:00+00:00,2023-10-16 04:00:00+00:00,2023-10-16 05:00:00+00:00
2023-10-17,2023-10-17 01:30:00+00:00,2023-10-17 08:00:00+00:00,2023-10-17 01:00:00+00:00,2023-10-17 08:15:00+00:00,2023-10-17 04:00:00+00:00,2023-10-17 05:00:00+00:00
2023-10-18,2023-10-18 01:30:00+00:00,2023-10-18 08:00:00+00:00,2023-10-18 01:00:00+00:00,2023-10-18 08:15:00+00:00,2023-10-18 04:00:00+00:00,2023-10-18 05:00:00+00:00
2023-10-19,2023-10-19 01:30:00+00:00,2023-10-19 08:00:00+00:00,2023-10-19 01:00:00+00:00,2023-10-19 08:15:00+00:00,2023-10-19 04:00:00+00:00,2023-10-19 05:00:00+00:00
2023-10-20,2023-10-20 01:30:00+00:00,2023-10-20 08:00:00+00:00,2023-10-20 01:00:00+00:00,2023-10-20 08:15:00+00:00,2023-10-20 04:00:00+00:00,2023-10-20 05:00:00+00:00
2023-10-24,2023-10-24 01:30:00+00:00,2023-10-24 08:00:00+00:00,2023-10-24 01:00:00+00:00,2023-10-24 08:15:00+00:00,2023-10-24 04:00:00+00:00,2023-10-24 05:00:00+00:00
2023-10-25,2023-10-25 01:30:00+00:00,2023-10-25 08:00:00+00:00,2023-10-25 01:00:00+00:00,2023-10-25 08:15:00+00:00,2023-10-25 04:00:00+00:00,2023-10-25 05:00:00+00:00
2023-10-26,2023-10-26 01:30:00+00:00,2023-10-26 08:00:00+00:00,2023-10-26 01:00:00+00:00,2023-10-26 08:15:00+00:00,2023-10-26 04:00:00+00:00,2023-10-26 05:00:00+00:00
2023-10-27,2023-10-27 01:30:00+00:00,2023-10-27 08:00:00+00:00,2023-10-27 01:00:00+00:00,2023-10-27 08:15:00+00:00,2023-10-27 04:00:00+00:00,2023-10-27 05:00:00+00:00
2023-10-30,2023-10-30 01:30:00+00:00,2023-10-30 08:00:00+00:00,2023-10-30 01:00:00+00:00,2023-10-30 08:15:00+00:00,2023-10-30 04:00:00+00:00,2023-10-30 05:00:00+00:00
2023-10-31,2023-10-31 01:30:00+00:00,2023-10-31 08:00:00+00:00,2023-10-31 01:00:00+00:00,2023-10-31 08:15:00+00:00,2023-10-31 04:00:00+00:00,2023-10-31 05:00:00+00:00
2023-11-01,2023-11-01 01:30:00+00:00,2023-11-01 08:00:00+00:00,2023-11-01 01:00:00+00:00,2023-11-01 08:15:00+00:00,2023-11-01 04:00:00+00:00,2023-11-01 05:00:00+00:00
2023-11-02,2023-11-02 01:30:00+00:00,2023-11-02 08:00:00+00:00,2023-11-02 01:00:00+00:00,2023-11-02 08:15:00+00:00,2023-11-02 04:00:00+00:00,2023-11-02 05:00:00+00:00
2023-11-03,2023-11-03 01:30:00+00:00,2023-11-03 08:00:00+00:00,2023-11-03 01:00:00+00:00,2023-11-03 08:15:00+00:00,2023-11-03 04:00:00+00:00,2023-11-03 05:00:00+00:00
2023-11-06,2023-11-06 01:30:00+00:00,2023-11-06 08:00:00+00:00,2023-11-06 01:00:00+00:00,2023-11-06 08:15:00+00:00,2023-11-06 04:00:00+00:00,2023-11-06 05:00:00+00:00
2023-11-07,2023-11-07 01:30:00+00:00,2023-11-07 08:00:00+00:00,2023-11-07 01:00:00+00:00,2023-11-07 08:15:00+00:00,2023-11-07 04:00:00+00:00,2023-11-07 05:00:00+00:00
2023-11-08,2023-11-08 01:30:00+00:00,2023-11-08 08:00:00+00:00,2023-11-08 01:00:00+00:00,2023-11-08 08:15:00+00:00,2023-11-08 04:00:00+00:00,2023-11-08 05:00:00+00:00
2023-11-09,2023-11-09 01:30:00+00:00,2023-11-09 08:00:00+00:00,2023-11-09 01:00:00+00:00,2023-11-09 08:15:00+00:00,2023-11-09 04:00:00+00:00,2023-11-09 05:00:00+00:00
2023-11-10,2023-11-10 01:30:00+00:00,2023-11-10 08:00:00+00:00,2023-11-10 01:00:00+00:00,2023-11-10 08:15:00+00:00,2023-11-10 04:00:00+00:00,2023-11-10 05:00:00+00:00
2023-11-13,2023-11-13 01:30:00+00:00,2023-11-13 08:00:00+00:00,2023-11-13 01:00:00+00:00,2023-11-13 08:15:00+00:00,2023-11-13 04:00:00+00:00,2023-11-13 05:00:00+00:00
2023-11-14,2023-11-14 01:30:00+00:00,2023-11-14 08:00:00+00:00,2023-11-14 01:00:00+00:00,2023-11-14 08:15:00+00:00,2023-11-14 04:00:00+00:00,2023-11-14 05:00:00+00:00
2023-11-15,2023-11-15 01:30:00+00:00,2023-11-15 08:00:00+00:00,2023-11-15 01:00:00+00:00,2023-11-15 08:15:00+00:00,2023-11-15 04:00:00+00:00,2023-11-15 05:00:00+00:00
2023-11-16,2023-11-16 01:30:00+00:00,2023-11-16 08:00:00+00:00,2023-11-16 01:00:00+00:00,2023-11-16 08:15:00+00:00,2023-11-16 04:00:00+00:00,2023-11-16 05:00:00+00:00
2023-11-17,2023-11-17 01:30:00+00:00,2023-11-17 08:00:00+00:00,2023-11-17 01:00:00+00:00,2023-11-17 08:15:00+00:00,2023-11-17 04:00:00+00:00,2023-11-17 05:00:00+00:00
2023-11-20,2023-11-20 01:30:00+00:00,2023-11-20 08:00:00+00:00,2023-11-20 01:00:00+00:00,2023-11-20 08:15:00+00:00,2023-11-20 04:00:00+00:00,2023-11-20 05:00:00+00:00
2023-11-21,2023-11-21 01:30:00+00:00,2023-11-21 08:00:00+00:00,2023-11-21 01:00:00+00:00,2023-11-21 08:15:00+00:00,2023-11-21 04:00:00+00:00,2023-11-21 05:00:00+00:00
2023-11-22,2023-11-22 01:30:00+00:00,2023-11-22 08:00:00+00:00,2023-11-22 01:00:00+00:00,2023-11-22 08:15:00+00:00,2023-11-22 04:00:00+00:00,2023-11-22 05:00:00+00:00
2023-11-23,2023-11-23 01:30:00+00:00,2023-11-23 08:00:00+00:00,2023-11-23 01:00:00+00:00,2023-11-23 08:15:00+00:00,2023-11-23 04:00:00+00:00,2023-11-23 05:00:00+00:00
2023-11-24,2023-11-24 01:30:00+00:00,2023-11-24 08:00:00+00:00,2023-11-24 01:00:00+00:00,2023-11-24 08:15:00+00:00,2023-11-24 04:00:00+00:00,2023-11-24 05:00:00+00:00
2023-11-27,2023-11-27 01:30:00+00:00,2023-11-27 08:00:00+00:00,2023-11-27 01:00:00+00:00,2023-11-27 08:15:00+00:00,2023-11-27 04:00:00+00:00,2023-11-27 05:00:00+00:00
2023-11-28,2023-11-28 01:30:00+00:00,2023-11-28 08:00:00+00:00,2023-11-28 01:00:00+00:00,2023-11-28 08:15:00+00:00,2023-11-28 04:00:00+00:00,2023-11-28 05:00:00+00:00
2023-11-29,2023-11-29 01:30:00+00:00,2023-11-29 08:00:00+00:00,2023-11-29 01:00:00+00:00,2023-11-29 08:15:00+00:00,2023-11-29 04:00:00+00:00,2023-11-29 05:00:00+00:00
2023-11-30,2023-11-30 01:30:00+00:00,2023-11-30 08:00:00+00:00,2023-11-30 01:00:00+00:00,2023-11-30 08:15:00+00:00,2023-11-30 04:00:00+00:00,2023-11-30 05:00:00+00:00
2023-12-01,2023-12-01 01:30:00+00:00,2023-12-01 08:00:00+00:00,2023-12-01 01:00:00+00:00,2023-12-01 08:15:00+00:00,2023-12-01 04:00:00+00:00,2023-12-01 05:00:00+00:00
2023-12-04,2023-12-04 01:30:00+00:00,2023-12-04 08:00:00+00:00,2023-12-04 01:00:00+00:00,2023-12-04 08:15:00+00:00,2023-12-04 04:00:00+00:00,2023-12-04 05:00:00+00:00
2023-12-05,2023-12-05 01:30:00+00:00,2023-12-05 08:00:00+00:00,2023-12-05 01:00:00+00:00,2023-12-05 08:15:00+00:00,2023-12-05 04:00:00+00:00,2023-12-05 05:00:00+00:00
2023-12-06,2023-12-06 01:30:00+00:00,2023-12-06 08:00:00+00:00,2023-12-06 01:00:00+00:00,2023-12-06 08:15:00+00:00,2023-12-06 04:00:00+00:00,2023-12-06 05:00:00+00:00
2023-12-07,2023-12-07 01:30:00+00:00,2023-12-07 08:00:00+00:00,2023-12-07 01:00:00+00:00,2023-12-07 08:15:00+00:00,2023-12-07 04:00:00+00:00,2023-12-07 05:00:00+00:00
2023-12-08,2023-12-08 01:30:00+00:00,2023-12-08 08:00:00+00:00,2023-12-08 01:00:00+00:00,2023-12-08 08:15:00+00:00,2023-12-08 04:00:00+00:00,2023-12-08 05:00:00+00:00
2023-12-11,2023-12-11 01:30:00+00:00,2023-12-11 08:00:00+00:00,2023-12-11 01:00:00+00:00,2023-12-11 08:15:00+00:00,2023-12-11 04:00:00+00:00,2023-12-11 05:00:00+00:00
2023-12-12,2023-12-12 01:30:00+00:00,2023-12-12 08:00:00+00:00,2023-12-12 01:00:00+00:00,2023-12-12 08:15:00+00:00,2023-12-12 04:00:00+00:00,2023-12-12 05:00:00+00:00
2023-12-13,2023-12-13 01:30:00+00:00,2023-12-13 08:00:00+00:00,2023-12-13 01:00:00+00:00,2023-12-13 08:15:00+00:00,2023-12-13 04:00:00+00:00,2023-12-13 05:00:00+00:00
2023-12-14,2023-12-14 01:30:00+00:00,2023-12-14 08:00:00+00:00,2023-12-14 01:00:00+00:00,2023-12-14 08:15:00+00:00,2023-12-14 04:00:00+00:00,2023-12-14 05:00:00+00:00
2023-12-15,2023-12-15 01:30:00+00:00,2023-12-15 08:00:00+00:00,2023-12-15 01:00:00+00:00,2023-12-15 08:15:00+00:00,2023-12-15 04:00:00+00:00,2023-12-15 05:00:00+00:00
2023-12-18,2023-12-18 01:30:00+00:00,2023-12-18 08:00:00+00:00,2023-12-18 01:00:00+00:00,2023-12-18 08:15:00+00:00,2023-12-18 04:00:00+00:00,2023-12-18 05:00:00+00:00
2023-12-19,2023-12-19 01:30:00+00:00,2023-12-19 08:00:00+00:00,2023-12-19 01:00:00+00:00,2023-12-19 08:15:00+00:00,2023-12-19 04:00:00+00:00,2023-12-19 05:00:00+00:00
2023-12-20,2023-12-20 01:30:00+00:00,2023-12-20 08:00:00+00:00,2023-12-20 01:00:00+00:00,2023-12-20 08:15:00+00:00,2023-12-20 04:00:00+00:00,2023-12-20 05:00:00+00:00
2023-12-21,2023-12-21 01:30:00+00:00,2023-12-21 08:00:00+00:00,2023-12-21 01:00:00+00:00,2023-12-21 08:15:00+00:00,2023-12-21 04:00:00+00:00,2023-12-21 05:00:00+00:00
2023-12-22,2023-12-22 01:30:00+00:00,2023-12-22 08:00:00+00:00,2023-12-22 01:00:00+00:00,2023-12-22 08:15:00+00:00,2023-12-22 04:00:00+00:00,2023-12-22 05:00:00+00:00
2023-12-27,2023-12-27 01:30:00+00:00,2023-12-27 08:00:00+00:00,2023-12-27 01:00:00+00:00,2023-12-27 08:15:00+00:00,2023-12-27 04:00:00+00:00,2023-12-27 05:00:00+00:00
2023-12-28,2023-12-28 01:30:00+00:00,2023-12-28 08:00:00+00:00,2023-12-28 01:00:00+00:00,2023-12-28 08:15:00+00:00,2023-12-28 04:00:00+00:00,2023-12-28 05:00:00+00:00
2023-12-29,2023-12-29 01:30:00+00:00,2023-12-29 08:00:00+00:00,2023-12-29 01:00:00+00:00,2023-12-29 08:15:00+00:00,2023-12-29 04:00:00+00:00,2023-12-29 05:00:00+00:00
2024-01-02,2024-01-02 01:30:00+00:00,2024-01-02 08:00:00+00:00,2024-01-02 01:00:00+00:00,2024-01-02 08:15:00+00:00,2024-01-02 04:00:00+00:00,2024-01-02 05:00:00+00:00
2024-01-03,2024-01-03 01:30:00+00:00,2024-01-03 08:00:00+00:00,2024-01-03 01:00:00+00:00,2024-01-03 08:15:00+00:00,2024-01-03 04:00:00+00:00,2024-01-03 05:00:00+00:00
2024-01-04,2024-01-04 01:30:00+00:00,2024-01-04 08:00:00+00:00,2024-01-04 01:00:00+00:00,2024-01-04 08:15:00+00:00,2024-01-04 04:00:00+00:00,2024-01-04 05:00:00+00:00
2024-01-05,2024-01-05 01:30:00+00:00,2024-01-05 08:00:00+00:00,2024-01-05 01:00:00+00:00,2024-01-05 08:15:00+00:00,2024-01-05 04:00:00+00:00,2024-01-05 05:00:00+00:00
2024-01-08,2024-01-08 01:30:00+00:00,2024-01-08 08:00:00+00:00,2024-01-08 01:00:00+00:00,2024-01-08 08:15:00+00:00,2024-01-08 04:00:00+00:00,2024-01-08 05:00:00+00:00
2024-01-09,2024-01-09 01:30:00+00:00,2024-01-09 08:00:00+00:00,2024-01-09 01:00:00+00:00,2024-01-09 08:15:00+00:00,2024-01-09 04:00:00+00:00,2024-01-09 05:00:00+00:00
2024-01-10,2024-01-10 01:30:00+00:00,2024-01-10 08:00:00+00:00,2024-01-10 01:00:00+00:00,2024-01-10 08:15:00+00:00,2024-01-10 04:00:00+00:00,2024-01-10 05:00:00+00:00
2024-01-11,2024-01-11 01:30:00+00:00,2024-01-11 08:00:00+00:00,2024-01-11 01:00:00+00:00,2024-01-11 08:15:00+00:00,2024-01-11 04:00:00+00:00,2024-01-11 05:00:00+00:00
2024-01-12,2024-01-12 01:30:00+00:00,2024-01-12 08:00:00+00:00,2024-01-12 01:00:00+00:00,2024-01-12 08:15:00+00:00,2024-01-12 04:00:00+00:00,2024-01-12 05:00:00+00:00
2024-01-15,2024-01-15 01:30:00+00:00,2024-01-15 08:00:00+00:00,2024-01-15 01:00:00+00:00,2024-01-15 08:15:00+00:00,2024-01-15 04:00:00+00:00,2024-01-15 05:00:00+00:00
2024-01-16,2024-01-16 01:30:00+00:00,2024-01-16 08:00:00+00:00,2024-01-16 01:00:00+00:00,2024-01-16 08:15:00+00:00,2024-01-16 04:00:00+00:00,2024-01-16 05:00:00+00:00
2024-01-17,2024-01-17 01:30:00+00:00,2024-01-17 08:00:00+00:00,2024-01-17 01:00:00+00:00,2024-01-17 08:15:00+00:00,2024-01-17 04:00:00+00:00,2024-01-17 05:00:00+00:00
2024-01-18,2024-01-18 01:30:00+00:00,2024-01-18 08:00:00+00:00,2024-01-18 01:00:00+00:00,2024-01-18 08:15:00+00:00,2024-01-18 04:00:00+00:00,2024-01-18 05:00:00+00:00
2024-01-19,2024-01-19 01:30:00+00:00,2024-01-19 08:00:00+00:00,2024-01-19 01:00:00+00:00,2024-01-19 08:15:00+00:00,2024-01-19 04:00:00+00:00,2024-01-19 05:00:00+00:00
2024-01-22,2024-01-22 01:30:00+00:00,2024-01-22 08:00:00+00:00,2024-01-22 01:00:00+00:00,2024-01-22 08:15:00+00:00,2024-01-22 04:00:00+00:00,2024-01-22 05:00:00+00:00
2024-01-23,2024-01-23 01:30:00+00:00,2024-01-23 08:00:00+00:00,2024-01-23 01:00:00+00:00,2024-01-23 08:15:00+00:00,2024-01-23 04:00:00+00:00,2024-01-23 05:00:00+00:00
2024-01-24,2024-01-24 01:30:00+00:00,2024-01-24 08:00:00+00:00,2024-01-24 01:00:00+00:00,2024-01-24 08:15:00+00:00,2024-01-24 04:00:00+00:00,2024-01-24 05:00:00+00:00
2024-01-25,2024-01-25 01:30:00+00:00,2024-01-25 08:00:00+00:00,2024-01-25 01:00:00+00:00,2024-01-25 08:15:00+00:00,2024-01-25 04:00:00+00:00,2024-01-25 05:00:00+00:00
2024-01-26,2024-01-26 01:30:00+00:00,2024-01-26 08:00:00+00:00,2024-01-26 01:00:00+00:00,2024-01-26 08:15:00+00:00,2024-01-26 04:00:00+00:00,2024-01-26 05:00:00+00:00
2024-01-29,2024-01-29 01:30:00+00:00,2024-01-29 08:00:00+00:00,2024-01-29 01:00:00+00:00,2024-01-29 08:15:00+00:00,2024-01-29 04:00:00+00:00,2024-01-29 05:00:00+00:00
2024-01-30,2024-01-30 01:30:00+00:00,2024-01-30 08:00:00+00:00,2024-01-30 01:00:00+00:00,2024-01-30 08:15:00+00:00,2024-01-30 04:00:00+00:00,2024-01-30 05:00:00+00:00
2024-01-31,2024-01-31 01:30:00+00:00,2024-01-31 08:00:00+00:00,2024-01-31 01:00:00+00:00,2024-01-31 08:15:00+00:00,2024-01-31 04:00:00+00:00,2024-01-31 05:00:00+00:00
2024-02-01,2024-02-01 01:30:00+00:00,2024-02-01 08:00:00+00:00,2024-02-01 01:00:00+00:00,2024-02-01 08:15:00+00:00,2024-02-01 04:00:00+00:00,2024-02-01 05:00:00+00:00
2024-02-02,2024-02-02 01:30:00+00:00,2024-02-02 08:00:00+00:00,2024-02-02 01:00:00+00:00,2024-02-02 08:15:00+00:00,2024-02-02 04:00:00+00:00,2024-02-02 05:00:00+00:00
2024-02-05,2024-02-05 01:30:00+00:00,2024-02-05 08:00:00+00:00,2024-02-05 01:00:00+00:00,2024-02-05 08:15:00+00:00,2024-02-05 04:00:00+00:00,2024-02-05 05:00:00+00:00
2024-02-06,2024-02-06 01:30:00+00:00,2024-02-06 08:00:00+00:00,2024-02-06 01:00:00+00:00,2024-02-06 08:15:00+00:00,2024-02-06 04:00:00+00:00,2024-02-06 05:00:00+00:00
2024-02-07,2024-02-07 01:30:00+00:00,2024-02-07 08:00:00+00:00,2024-02-07 01:00:00+00:00,2024-02-07 08:15:00+00:00,2024-02-07 04:00:00+00:00,2024-02-07 05:00:00+00:00
2024-02-08,2024-02-08 01:30:00+00:00,2024-02-08 08:00:00+00:00,2024-02-08 01:00:00+00:00,2024-02-08 08:15:00+00:00,2024-02-08 04:00:00+00:00,2024-02-08 05:00:00+00:00
2024-02-09,2024-02-09 01:30:00+00:00,2024-02-09 04:00:00+00:00,2024-02-09 01:00:00+00:00,2024-02-09 04:15:00+00:00,,
2024-02-14,2024-02-14 01:30:00+00:00,2024-02-14 08:00:00+00:00,2024-02-14 01:00:00+00:00,2024-02-14 08:15:00+00:00,2024-02-14 04:00:00+00:00,2024-02-14 05:00:00+00:00
2024-02-15,2024-02-15 01:30:00+00:00,2024-02-15 08:00:00+00:00,2024-02-15 01:00:00+00:00,2024-02-15 08:15:00+00:00,2024-02-15 04:00:00+00:00,2024-02-15 05:00:00+00:00
2024-02-16,2024-02-16 01:30:00+00:00,2024-02-16 08:00:00+00:00,2024-02-16 01:00:00+00:00,2024-02-16 08:15:00+00:00,2024-02-16 04:00:00+00:00,2024-02-16 05:00:00+00:00
2024-02-19,2024-02-19 01:30:00+00:00,2024-02-19 08:00:00+00:00,2024-02-19 01:00:00+00:00,2024-02-19 08:15:00+00:00,2024-02-19 04:00:00+00:00,2024-02-19 05:00:00+00:00
2024-02-20,2024-02-20 01:30:00+00:00,2024-02-20 08:00:00+00:00,2024-02-20 01:00:00+00:00,2024-02-20 08:15:00+00:00,2024-02-20 04:00:00+00:00,2024-02-20 05:00:00+00:00
2024-02-21,2024-02-21 01:30:00+00:00,2024-02-21 08:00:00+00:00,2024-02-21 01:00:00+00:00,2024-02-21 08:15:00+00:00,2024-02-21 04:00:00+00:00,2024-02-21 05:00:00+00:00
2024-02-22,2024-02-22 01:30:00+00:00,2024-02-22 08:00:00+00:00,2024-02-22 01:00:00+00:00,2024-02-22 08:15:00+00:00,2024-02-22 04:00:00+00:00,2024-02-22 05:00:00+00:00
2024-02-23,2024-02-23 01:30:00+00:00,2024-02-23 08:00:00+00:00,2024-02-23 01:00:00+00:00,2024-02-23 08:15:00+00:00,2024-02-23 04:00:00+00:00,2024-02-23 05:00:00+00:00
2024-02-26,2024-02-26 01:30:00+00:00,2024-02-26 08:00:00+00:00,2024-02-26 01:00:00+00:00,2024-02-26 08:15:00+00:00,2024-02-26 04:00:00+00:00,2024-02-26 05:00:00+00:00
2024-02-27,2024-02-27 01:30:00+00:00,2024-02-27 08:00:00+00:00,2024-02-27 01:00:00+00:00,2024-02-27 08:15:00+00:00,2024-02-27 04:00:00+00:00,2024-02-27 05:00:00+00:00
2024-02-28,2024-02-28 01:30:00+00:00,2024-02-28 08:00:00+00:00,2024-02-28 01:00:00+00:00,2024-02-28 08:15:00+00:00,2024-02-28 04:00:00+00:00,2024-02-28 05:00:00+00:00
2024-02-29,2024-02-29 01:30:00+00:00,2024-02-29 08:00:00+00:00,2024-02-29 01:00:00+00:00,2024-02-29 08:15:00+00:00,2024-02-29 04:00:00+00:00,2024-02-29 05:00:00+00:00
2024-03-01,2024-03-01 01:30:00+00:00,2024-03-01 08:00:00+00:00,2024-03-01 01:00:00+00:00,2024-03-01 08:15:00+00:00,2024-03-01 04:00:00+00:00,2024-03-01 05:00:00+00:00
2024-03-04,2024-03-04 01:30:00+00:00,2024-03-04 08:00:00+00:00,2024-03-04 01:00:00+00:00,2024-03-04 08:15:00+00:00,2024-03-04 04:00:00+00:00,2024-03-04 05:00:00+00:00
2024-03-05,2024-03-05 01:30:00+00:00,2024-03-05 08:00:00+00:00,2024-03-05 01:00:00+00:00,2024-03-05 08:15:00+00:00,2024-03-05 04:00:00+00:00,2024-03-05 05:00:00+00:00
2024-03-06,2024-03-06 01:30:00+00:00,2024-03-06 08:00:00+00:00,2024-03-06 01:00:00+00:00,2024-03-06 08:15:00+00:00,2024-03-06 04:00:00+00:00,2024-03-06 05:00:00+00:00
2024-03-07,2024-03-07 01:30:00+00:00,2024-03-07 08:00:00+00:00,2024-03-07 01:00:00+00:00,2024-03-07 08:15:00+00:00,2024-03-07 04:00:00+00:00,2024-03-07 05:00:00+00:00
2024-03-08,2024-03-08 01:30:00+00:00,2024-03-08 08:00:00+00:00,2024-03-08 01:00:00+00:00,2024-03-08 08:15:00+00:00,2024-03-08 04:00:00+00:00,2024-03-08 05:00:00+00:00
2024-03-11,2024-03-11 01:30:00+00:00,2024-03-11 08:00:00+00:00,2024-03-11 01:00:00+00:00,2024-03-11 08:15:00+00:00,2024-03-11 04:00:00+00:00,2024-03-11 05:00:00+00:00
2024-03-12,2024-03-12 01:30:00+00:00,2024-03-12 08:00:00+00:00,2024-03-12 01:00:00+00:00,2024-03-12 08:15:00+00:00,2024-03-12 04:00:00+00:00,2024-03-12 05:00:00+00:00
2024-03-13,2024-03-13 01:30:00+00:00,2024-03-13 08:00:00+00:00,2024-03-13 01:00:00+00:00,2024-03-13 08:15:00+00:00,2024-03-13 04:00:00+00:00,2024-03-13 05:00:00+00:00
2024-03-14,2024-03-14 01:30:00+00:00,2024-03-14 08:00:00+00:00,2024-03-14 01:00:00+00:00,2024-03-14 08:15:00+00:00,2024-03-14 04:00:00+00:00,2024-03-14 05:00:00+00:00
2024-03-15,2024-03-15 01:30:00+00:00,2024-03-15 08:00:00+00:00,2024-03-15 01:00:00+00:00,2024-03-15 08:15:00+00:00,2024-03-15 04:00:00+00:00,2024-03-15 05:00:00+00:00
2024-03-18,2024-03-18 01:30:00+00:00,2024-03-18 08:00:00+00:00,2024-03-18 01:00:00+00:00,2024-03-18 08:15:00+00:00,2024-03-18 04:00:00+00:00,2024-03-18 05:00:00+00:00
2024-03-19,2024-03-19 01:30:00+00:00,2024-03-19 08:00:00+00:00,2024-03-19 01:00:00+00:00,2024-03-19 08:15:00+00:00,2024-03-19 04:00:00+00:00,2024-03-19 05:00:00+00:00
2024-03-20,2024-03-20 01:30:00+00:00,2024-03-20 08:00:00+00:00,2024-03-20 01:00:00+00:00,2024-03-20 08:15:00+00:00,2024-03-20 04:00:00+00:00,2024-03-20 05:00:00+00:00
2024-03-21,2024-03-21 01:30:00+00:00,2024-03-21 08:00:00+00:00,2024-03-21 01:00:00+00:00,2024-03-21 08:15:00+00:00,2024-03-21 04:00:00+00:00,2024-03-21 05:00:00+00:00
2024-03-22,2024-03-22 01:30:00+00:00,2024-03-22 08:00:00+00:00,2024-03-22 01:00:00+00:00,2024-03-22 08:15:00+00:00,2024-03-22 04:00:00+00:00,2024-03-22 05:00:00+00:00
2024-03-25,2024-03-25 01:30:00+00:00,2024-03-25 08:00:00+00:00,2024-03-25 01:00:00+00:00,2024-03-25 08:15:00+00:00,2024-03-25 04:00:00+00:00,2024-03-25 05:00:00+00:00
2024-03-26,2024-03-26 01:30:00+00:00,2024-03-26 08:00:00+00:00,2024-03-26 01:00:00+00:00,2024-03-26 08:15:00+00:00,2024-03-26 04:00:00+00:00,2024-03-26 05:00:00+00:00
2024-03-27,2024-03-27 01:30:00+00:00,2024-03-27 08:00:00+00:00,2024-03-27 01:00:00+00:00,2024-03-27 08:15:00+00:00,2024-03-27 04:00:00+00:00,2024-03-27 05:00:00+00:00
2024-03-28,2024-03-28 01:30:00+00:00,2024-03-28 08:00:00+00:00,2024-03-28 01:00:00+00:00,2024-03-28 08:15:00+00:00,2024-03-28 04:00:00+00:00,2024-03-28 05:00:00+00:00
2024-04-02,2024-04-02 01:30:00+00:00,2024-04-02 08:00:00+00:00,2024-04-02 01:00:00+00:00,2024-04-02 08:15:00+00:00,2024-04-02 04:00:00+00:00,2024-04-02 05:00:00+00:00
2024-04-03,2024-04-03 01:30:00+00:00,2024-04-03 08:00:00+00:00,2024-04-03 01:00:00+00:00,2024-04-03 08:15:00+00:00,2024-04-03 04:00:00+00:00,2024-04-03 05:00:00+00:00
2024-04-05,2024-04-05 01:30:00+00:00,2024-04-05 08:00:00+00:00,2024-04-05 01:00:00+00:00,2024-04-05 08:15:00+00:00,2024-04-05 04:00:00+00:00,2024-04-05 05:00:00+00:00
2024-04-08,2024-04-08 01:30:00+00:00,2024-04-08 08:00:00+00:00,2024-04-08 01:00:00+00:00,2024-04-08 08:15:00+00:00,2024-04-08 04:00:00+00:00,2024-04-08 05:00:00+00:00
2024-04-09,2024-04-09 01:30:00+00:00,2024-04-09 08:00:00+00:00,2024-04-09 01:00:00+00:00,2024-04-09 08:15:00+00:00,2024-04-09 04:00:00+00:00,2024-04-09 05:00:00+00:00
2024-04-10,2024-04-10 01:30:00+00:00,2024-04-10 08:00:00+00:00,2024-04-10 01:00:00+00:00,2024-04-10 08:15:00+00:00,2024-04-10 04:00:00+00:00,2024-04-10 05:00:00+00:00
2024-04-11,2024-04-11 01:30:00+00:00,2024-04-11 08:00:00+00:00,2024-04-11 01:00:00+00:00,2024-04-11 08:15:00+00:00,2024-04-11 04:00:00+00:00,2024-04-11 05:00:00+00:00
2024-04-12,2024-04-12 01:30:00+00:00,2024-04-12 08:00:00+00:00,2024-04-12 01:00:00+00:00,2024-04-12 08:15:00+00:00,2024-04-12 04:00:00+00:00,2024-04-12 05:00:00+00:00
2024-04-15,2024-04-15 01:30:00+00:00,2024-04-15 08:00:00+00:00,2024-04-15 01:00:00+00:00,2024-04-15 08:15:00+00:00,2024-04-15 04:00:00+00:00,2024-04-15 05:00:00+00:00
2024-04-16,2024-04-16 01:30:00+00:00,2024-04-16 08:00:00+00:00,2024-04-16 01:00:00+00:00,2024-04-16 08:15:00+00:00,2024-04-16 04:00:00+00:00,2024-04-16 05:00:00+00:00
2024-04-17,2024-04-17 01:30:00+00:00,2024-04-17 08:00:00+00:00,2024-04-17 01:00:00+00:00,2024-04-17 08:15:00+00:00,2024-04-17 04:00:00+00:00,2024-04-17 05:00:00+00:00
2024-04-18,2024-04-18 01:30:00+00:00,2024-04-18 08:00:00+00:00,2024-04-18 01:00:00+00:00,2024-04-18 08:15:00+00:00,2024-04-18 04:00:00+00:00,2024-04-18 05:00:00+00:00
2024-04-19,2024-04-19 01:30:00+00:00,2024-04-19 08:00:00+00:00,2024-04-19 01:00:00+00:00,2024-04-19 08:15:00+00:00,2024-04-19 04:00:00+00:00,2024-04-19 05:00:00+00:00
2024-04-22,2024-04-22 01:30:00+00:00,2024-04-22 08:00:00+00:00,2024-04-22 01:00:00+00:00,2024-04-22 08:15:00+00:00,2024-04-22 04:00:00+00:00,2024-04-22 05:00:00+00:00
2024-04-23,2024-04-23 01:30:00+00:00,2024-04-23 08:00:00+00:00,2024-04-23 01:00:00+00:00,2024-04-23 08:15:00+00:00,2024-04-23 04:00:00+00:00,2024-04-23 05:00:00+00:00
2024-04-24,2024-04-24 01:30:00+00:00,2024-04-24 08:00:00+00:00,2024-04-24 01:00:00+00:00,2024-04-24 08:15:00+00:00,2024-04-24 04:00:00+00:00,2024-04-24 05:00:00+00:00
2024-04-25,2024-04-25 01:30:00+00:00,2024-04-25 08:00:00+00:00,2024-04-25 01:00:00+00:00,2024-04-25 08:15:00+00:00,2024-04-25 04:00:00+00:00,2024-04-25 05:00:00+00:00
2024-04-26,2024-04-26 01:30:00+00:00,2024-04-26 08:00:00+00:00,2024-04-26 01:00:00+00:00,2024-04-26 08:15:00+00:00,2024-04-26 04:00:00+00:00,2024-04-26 05:00:00+00:00
2024-04-29,2024-04-29 01:30:00+00:00,2024-04-29 08:00:00+00:00,2024-04-29 01:00:00+00:00,2024-04-29 08:15:00+00:00,2024-04-29 04:00:00+00:00,2024-04-29 05:00:00+00:00
2024-04-30,2024-04-30 01:30:00+00:00,2024-04-30 08:00:00+00:00,2024-04-30 01:00:00+00:00,2024-04-30 08:15:00+00:00,2024-04-30 04:00:00+00:00,2024-04-30 05:00:00+00:00
2024-05-02,2024-05-02 01:30:00+00:00,2024-05-02 08:00:00+00:00,2024-05-02 01:00:00+00:00,2024-05-02 08:15:00+00:00,2024-05-02 04:00:00+00:00,2024-05-02 05:00:00+00:00
2024-05-03,2024-05-03 01:30:00+00:00,2024-05-03 08:00:00+00:00,2024-05-03 01:00:00+00:00,2024-05-03 08:15:00+00:00,2024-05-03 04:00:00+00:00,2024-05-03 05:00:00+00:00
2024-05-06,2024-05-06 01:30:00+00:00,2024-05-06 08:00:00+00:00,2024-05-06 01:00:00+00:00,2024-05-06 08:15:00+00:00,2024-05-06 04:00:00+00:00,2024-05-06 05:00:00+00:00
2024-05-07,2024-05-07 01:30:00+00:00,2024-05-07 08:00:00+00:00,2024-05-07 01:00:00+00:00,2024-05-07 08:15:00+00:00,2024-05-07 04:00:00+00:00,2024-05-07 05:00:00+00:00
2024-05-08,2024-05-08 01:30:00+00:00,2024-05-08 08:00:00+00:00,2024-05-08 01:00:00+00:00,2024-05-08 08:15:00+00:00,2024-05-08 04:00:00+00:00,2024-05-08 05:00:00+00:00
2024-05-09,2024-05-09 01:30:00+00:00,2024-05-09 08:00:00+00:00,2024-05-09 01:00:00+00:00,2024-05-09 08:15:00+00:00,2024-05-09 04:00:00+00:00,2024-05-09 05:00:00+00:00
2024-05-10,2024-05-10 01:30:00+00:00,2024-05-10 08:00:00+00:00,2024-05-10 01:00:00+00:00,2024-05-10 08:15:00+00:00,2024-05-10 04:00:00+00:00,2024-05-10 05:00:00+00:00
2024-05-13,2024-05-13 01:30:00+00:00,2024-05-13 08:00:00+00:00,2024-05-13 01:00:00+00:00,2024-05-13 08:15:00+00:00,2024-05-13 04:00:00+00:00,2024-05-13 05:00:00+00:00
2024-05-14,2024-05-14 01:30:00+00:00,2024-05-14 08:00:00+00:00,2024-05-14 01:00:00+00:00,2024-05-14 08:15:00+00:00,2024-05-14 04:00:00+00:00,2024-05-14 05:00:00+00:00
2024-05-16,2024-05-16 01:30:00+00:00,2024-05-16 08:00:00+00:00,2024-05-16 01:00:00+00:00,2024-05-16 08:15:00+00:00,2024-05-16 04:00:00+00:00,2024-05-16 05:00:00+00:00
2024-05-17,2024-05-17 01:30:00+00:00,2024-05-17 08:00:00+00:00,2024-05-17 01:00:00+00:00,2024-05-17 08:15:00+00:00,2024-05-17 04:00:00+00:00,2024-05-17 05:00:00+00:00
2024-05-20,2024-05-20 01:30:00+00:00,2024-05-20 08:00:00+00:00,2024-05-20 01:00:00+00:00,2024-05-20 08:15:00+00:00,2024-05-20 04:00:00+00:00,2024-05-20 05:00:00+00:00
2024-05-21,2024-05-21 01:30:00+00:00,2024-05-21 08:00:00+00:00,2024-05-21 01:00:00+00:00,2024-05-21 08:15:00+00:00,2024-05-21 04:00:00+00:00,2024-05-21 05:00:00+00:00
2024-05-22,2024-05-22 01:30:00+00:00,2024-05-22 08:00:00+00:00,2024-05-22 01:00:00+00:00,2024-05-22 08:15:00+00:00,2024-05-22 04:00:00+00:00,2024-05-22 05:00:00+00:00
2024-05-23,2024-05-23 01:30:00+00:00,2024-05-23 08:00:00+00:00,2024-05-23 01:00:00+00:00,2024-05-23 08:15:00+00:00,2024-05-23 04:00:00+00:00,2024-05-23 05:00:00+00:00
2024-05-24,2024-05-24 01:30:00+00:00,2024-05-24 08:00:00+00:00,2024-05-24 01:00:00+00:00,2024-05-24 08:15:00+00:00,2024-05-24 04:00:00+00:00,2024-05-24 05:00:00+00:00
2024-05-27,2024-05-27 01:30:00+00:00,2024-05-27 08:00:00+00:00,2024-05-27 01:00:00+00:00,2024-05-27 08:15:00+00:00,2024-05-27 04:00:00+00:00,2024-05-27 05:00:00+00:00
2024-05-28,2024-05-28 01:30:00+00:00,2024-05-28 08:00:00+00:00,2024-05-28 01:00:00+00:00,2024-05-28 08:15:00+00:00,2024-05-28 04:00:00+00:00,2024-05-28 05:00:00+00:00
2024-05-29,2024-05-29 01:30:00+00:00,2024-05-29 08:00:00+00:00,2024-05-29 01:00:00+00:00,2024-05-29 08:15:00+00:00,2024-05-29 04:00:00+00:00,2024-05-29 05:00:00+00:00
2024-05-30,2024-05-30 01:30:00+00:00,2024-05-30 08:00:00+00:00,2024-05-30 01:00:00+00:00,2024-05-30 08:15:00+00:00,2024-05-30 04:00:00+00:00,2024-05-30 05:00:00+00:00
2024-05-31,2024-05-31 01:30:00+00:00,2024-05-31 08:00:00+00:00,2024-05-31 01:00:00+00:00,2024-05-31 08:15:00+00:00,2024-05-31 04:00:00+00:00,2024-05-31 05:00:00+00:00
2024-06-03,2024-06-03 01:30:00+00:00,2024-06-03 08:00:00+00:00,2024-06-03 01:00:00+00:00,2024-06-03 08:15:00+00:00,2024-06-03 04:00:00+00:00,2024-06-03 05:00:00+00:00
2024-06-04,2024-06-04 01:30:00+00:00,2024-06-04 08:00:00+00:00,2024-06-04 01:00:00+00:00,2024-06-04 08:15:00+00:00,2024-06-04 04:00:00+00:00,2024-06-04 05:00:00+00:00
2024-06-05,2024-06-05 01:30:00+00:00,2024-06-05 08:00:00+00:00,2024-06-05 01:00:00+00:00,2024-06-05 08:15:00+00:00,2024-06-05 04:00:00+00:00,2024-06-05 05:00:00+00:00
2024-06-06,2024-06-06 01:30:00+00:00,2024-06-06 08:00:00+00:00,2024-06-06 01:00:00+00:00,2024-06-06 08:15:00+00:00,2024-06-06 04:00:00+00:00,2024-06-06 05:00:00+00:00
2024-06-07,2024-06-07 01:30:00+00:00,2024-06-07 08:00:00+00:00,2024-06-07 01:00:00+00:00,2024-06-07 08:15:00+00:00,2024-06-07 04:00:00+00:00,2024-06-07 05:00:00+00:00
2024-06-11,2024-06-11 01:30:00+00:00,2024-06-11 08:00:00+00:00,2024-06-11 01:00:00+00:00,2024-06-11 08:15:00+00:00,2024-06-11 04:00:00+00:00,2024-06-11 05:00:00+00:00
2024-06-12,2024-06-12 01:30:00+00:00,2024-06-12 08:00:00+00:00,2024-06-12 01:00:00+00:00,2024-06-12 08:15:00+00:00,2024-06-12 04:00:00+00:00,2024-06-12 05:00:00+00:00
2024-06-13,2024-06-13 01:30:00+00:00,2024-06-13 08:00:00+00:00,2024-06-13 01:00:00+00:00,2024-06-13 08:15:00+00:00,2024-06-13 04:00:00+00:00,2024-06-13 05:00:00+00:00
2024-06-14,2024-06-14 01:30:00+00:00,2024-06-14 08:00:00+00:00,2024-06-14 01:00:00+00:00,2024-06-14 08:15:00+00:00,2024-06-14 04:00:00+00:00,2024-06-14 05:00:00+00:00
2024-06-17,2024-06-17 01:30:00+00:00,2024-06-17 08:00:00+00:00,2024-06-17 01:00:00+00:00,2024-06-17 08:15:00+00:00,2024-06-17 04:00:00+00:00,2024-06-17 05:00:00+00:00
2024-06-18,2024-06-18 01:30:00+00:00,2024-06-18 08:00:00+00:00,2024-06-18 01:00:00+00:00,2024-06-18 08:15:00+00:00,2024-06-18 04:00:00+00:00,2024-06-18 05:00:00+00:00
2024-06-19,2024-06-19 01:30:00+00:00,2024-06-19 08:00:00+00:00,2024-06-19 01:00:00+00:00,2024-06-19 08:15:00+00:00,2024-06-19 04:00:00+00:00,2024-06-19 05:00:00+00:00
2024-06-20,2024-06-20 01:30:00+00:00,2024-06-20 08:00:00+00:00,2024-06-20 01:00:00+00:00,2024-06-20 08:15:00+00:00,2024-06-20 04:00:00+00:00,2024-06-20 05:00:00+00:00
2024-06-21,2024-06-21 01:30:00+00:00,2024-06-21 08:00:00+00:00,2024-06-21 01:00:00+00:00,2024-06-21 08:15:00+00:00,2024-06-21 04:00:00+00:00,2024-06-21 05:00:00+00:00
2024-06-24,2024-06-24 01:30:00+00:00,2024-06-24 08:00:00+00:00,2024-06-24 01:00:00+00:00,2024-06-24 08:15:00+00:00,2024-06-24 04:00:00+00:00,2024-06-24 05:00:00+00:00
2024-06-25,2024-06-25 01:30:00+00:00,2024-06-25 08:00:00+00:00,2024-06-25 01:00:00+00:00,2024-06-25 08:15:00+00:00,2024-06-25 04:00:00+00:00,2024-06-25 05:00:00+00:00
2024-06-26,2024-06-26 01:30:00+00:00,2024-06-26 08:00:00+00:00,2024-06-26 01:00:00+00:00,2024-06-26 08:15:00+00:00,2024-06-26 04:00:00+00:00,2024-06-26 05:00:00+00:00
2024-06-27,2024-06-27 01:30:00+00:00,2024-06-27 08:00:00+00:00,2024-06-27 01:00:00+00:00,2024-06-27 08:15:00+00:00,2024-06-27 04:00:00+00:00,2024-06-27 05:00:00+00:00
2024-06-28,2024-06-28 01:30:00+00:00,2024-06-28 08:00:00+00:00,2024-06-28 01:00:00+00:00,2024-06-28 08:15:00+00:00,2024-06-28 04:00:00+00:00,2024-06-28 05:00:00+00:00
2024-07-02,2024-07-02 01:30:00+00:00,2024-07-02 08:00:00+00:00,2024-07-02 01:00:00+00:00,2024-07-02 08:15:00+00:00,2024-07-02 04:00:00+00:00,2024-07-02 05:00:00+00:00
2024-07-03,2024-07-03 01:30:00+00:00,2024-07-03 08:00:00+00:00,2024-07-03 01:00:00+00:00,2024-07-03 08:15:00+00:00,2024-07-03 04:00:00+00:00,2024-07-03 05:00:00+00:00
2024-07-04,2024-07-04 01:30:00+00:00,2024-07-04 08:00:00+00:00,2024-07-04 01:00:00+00:00,2024-07-04 08:15:00+00:00,2024-07-04 04:00:00+00:00,2024-07-04 05:00:00+00:00
2024-07-05,2024-07-05 01:30:00+00:00,2024-07-05 08:00:00+00:00,2024-07-05 01:00:00+00:00,2024-07-05 08:15:00+00:00,2024-07-05 04:00:00+00:00,2024-07-05 05:00:00+00:00
2024-07-08,2024-07-08 01:30:00+00:00,2024-07-08 08:00:00+00:00,2024-07-08 01:00:00+00:00,2024-07-08 08:15:00+00:00,2024-07-08 04:00:00+00:00,2024-07-08 05:00:00+00:00
2024-07-09,2024-07-09 01:30:00+00:00,2024-07-09 08:00:00+00:00,2024-07-09 01:00:00+00:00,2024-07-09 08:15:00+00:00,2024-07-09 04:00:00+00:00,2024-07-09 05:00:00+00:00
2024-07-10,2024-07-10 01:30:00+00:00,2024-07-10 08:00:00+00:00,2024-07-10 01:00:00+00:00,2024-07-10 08:15:00+00:00,2024-07-10 04:00:00+00:00,2024-07-10 05:00:00+00:00
2024-07-11,2024-07-11 01:30:00+00:00,2024-07-11 08:00:00+00:00,2024-07-11 01:00:00+00:00,2024-07-11 08:15:00+00:00,2024-07-11 04:00:00+00:00,2024-07-11 05:00:00+00:00
2024-07-12,2024-07-12 01:30:00+00:00,2024-07-12 08:00:00+00:00,2024-07-12 01:00:00+00:00,2024-07-12 08:15:00+00:00,2024-07-12 04:00:00+00:00,2024-07-12 05:00:00+00:00
2024-07-15,2024-07-15 01:30:00+00:00,2024-07-15 08:00:00+00:00,2024-07-15 01:00:00+00:00,2024-07-15 08:15:00+00:00,2024-07-15 04:00:00+00:00,2024-07-15 05:00:00+00:00
2024-07-16,2024-07-16 01:30:00+00:00,2024-07-16 08:00:00+00:00,2024-07-16 01:00:00+00:00,2024-07-16 08:15:00+00:00,2024-07-16 04:00:00+00:00,2024-07-16 05:00:00+00:00
2024-07-17,2024-07-17 01:30:00+00:00,2024-07-17 08:00:00+00:00,2024-07-17 01:00:00+00:00,2024-07-17 08:15:00+00:00,2024-07-17 04:00:00+00:00,2024-07-17 05:00:00+00:00
2024-07-18,2024-07-18 01:30:00+00:00,2024-07-18 08:00:00+00:00,2024-07-18 01:00:00+00:00,2024-07-18 08:15:00+00:00,2024-07-18 04:00:00+00:00,2024-07-18 05:00:00+00:00
2024-07-19,2024-07-19 01:30:00+00:00,2024-07-19 08:00:00+00:00,2024-07-19 01:00:00+00:00,2024-07-19 08:15:00+00:00,2024-07-19 04:00:00+00:00,2024-07-19 05:00:00+00:00
2024-07-22,2024-07-22 01:30:00+00:00,2024-07-22 08:00:00+00:00,2024-07-22 01:00:00+00:00,2024-07-22 08:15:00+00:00,2024-07-22 04:00:00+00:00,2024-07-22 05:00:00+00:00
2024-07-23,2024-07-23 01:30:00+00:00,2024-07-23 08:00:00+00:00,2024-07-23 01:00:00+00:00,2024-07-23 08:15:00+00:00,2024-07-23 04:00:00+00:00,2024-07-23 05:00:00+00:00
2024-07-24,2024-07-24 01:30:00+00:00,2024-07-24 08:00:00+00:00,2024-07-24 01:00:00+00:00,2024-07-24 08:15:00+00:00,2024-07-24 04:00:00+00:00,2024-07-24 05:00:00+00:00
2024-07-25,2024-07-25 01:30:00+00:00,2024-07-25 08:00:00+00:00,2024-07-25 01:00:00+00:00,2024-07-25 08:15:00+00:00,2024-07-25 04:00:00+00:00,2024-07-25 05:00:00+00:00
2024-07-26,2024-07-26 01:30:00+00:00,2024-07-26 08:00:00+00:00,2024-07-26 01:00:00+00:00,2024-07-26 08:15:00+00:00,2024-07-26 04:00:00+00:00,2024-07-26 05:00:00+00:00
2024-07-29,2024-07-29 01:30:00+00:00,2024-07-29 08:00:00+00:00,2024-07-29 01:00:00+00:00,2024-07-29 08:15:00+00:00,2024-07-29 04:00:00+00:00,2024-07-29 05:00:00+00:00
2024-07-30,2024-07-30 01:30:00+00:00,2024-07-30 08:00:00+00:00,2024-07-30 01:00:00+00:00,2024-07-30 08:15:00+00:00,2024-07-30 04:00:00+00:00,2024-07-30 05:00:00+00:00
2024-07-31,2024-07-31 01:30:00+00:00,2024-07-31 08:00:00+00:00,2024-07-31 01:00:00+00:00,2024-07-31 08:15:00+00:00,2024-07-31 04:00:00+00:00,2024-07-31 05:00:00+00:00
2024-08-01,2024-08-01 01:30:00+00:00,2024-08-01 08:00:00+00:00,2024-08-01 01:00:00+00:00,2024-08-01 08:15:00+00:00,2024-08-01 04:00:00+00:00,2024-08-01 05:00:00+00:00
2024-08-02,2024-08-02 01:30:00+00:00,2024-08-02 08:00:00+00:00,2024-08-02 01:00:00+00:00,2024-08-02 08:15:00+00:00,2024-08-02 04:00:00+00:00,2024-08-02 05:00:00+00:00
2024-08-05,2024-08-05 01:30:00+00:00,2024-08-05 08:00:00+00:00,2024-08-05 01:00:00+00:00,2024-08-05 08:15:00+00:00,2024-08-05 04:00:00+00:00,2024-08-05 05:00:00+00:00
2024-08-06,2024-08-06 01:30:00+00:00,2024-08-06 08:00:00+00:00,2024-08-06 01:00:00+00:00,2024-08-06 08:15:00+00:00,2024-08-06 04:00:00+00:00,2024-08-06 05:00:00+00:00
2024-08-07,2024-08-07 01:30:00+00:00,2024-08-07 08:00:00+00:00,2024-08-07 01:00:00+00:00,2024-08-07 08:15:00+00:00,2024-08-07 04:00:00+00:00,2024-08-07 05:00:00+00:00
2024-08-08,2024-08-08 01:30:00+00:00,2024-08-08 08:00:00+00:00,2024-08-08 01:00:00+00:00,2024-08-08 08:15:00+00:00,2024-08-08 04:00:00+00:00,2024-08-08 05:00:00+00:00
2024-08-09,2024-08-09 01:30:00+00:00,2024-08-09 08:00:00+00:00,2024-08-09 01:00:00+00:00,2024-08-09 08:15:00+00:00,2024-08-09 04:00:00+00:00,2024-08-09 05:00:00+00:00
2024-08-12,2024-08-12 01:30:00+00:00,2024-08-12 08:00:00+00:00,2024-08-12 01:00:00+00:00,2024-08-12 08:15:00+00:00,2024-08-12 04:00:00+00:00,2024-08-12 05:00:00+00:00
2024-08-13,2024-08-13 01:30:00+00:00,2024-08-13 08:00:00+00:00,2024-08-13 01:00:00+00:00,2024-08-13 08:15:00+00:00,2024-08-13 04:00:00+00:00,2024-08-13 05:00:00+00:00
2024-08-14,2024-08-14 01:30:00+00:00,2024-08-14 08:00:00+00:00,2024-08-14 01:00:00+00:00,2024-08-14 08:15:00+00:00,2024-08-14 04:00:00+00:00,2024-08-14 05:00:00+00:00
2024-08-15,2024-08-15 01:30:00+00:00,2024-08-15 08:00:00+00:00,2024-08-15 01:00:00+00:00,2024-08-15 08:15:00+00:00,2024-08-15 04:00:00+00:00,2024-08-15 05:00:00+00:00
2024-08-16,2024-08-16 01:30:00+00:00,2024-08-16 08:00:00+00:00,2024-08-16 01:00:00+00:00,2024-08-16 08:15:00+00:00,2024-08-16 04:00:00+00:00,2024-08-16 05:00:00+00:00
2024-08-19,2024-08-19 01:30:00+00:00,2024-08-19 08:00:00+00:00,2024-08-19 01:00:00+00:00,2024-08-19 08:15:00+00:00,2024-08-19 04:00:00+00:00,2024-08-19 05:00:00+00:00
2024-08-20,2024-08-20 01:30:00+00:00,2024-08-20 08:00:00+00:00,2024-08-20 01:00:00+00:00,2024-08-20 08:15:00+00:00,2024-08-20 04:00:00+00:00,2024-08-20 05:00:00+00:00
2024-08-21,2024-08-21 01:30:00+00:00,2024-08-21 08:00:00+00:00,2024-08-21 01:00:00+00:00,2024-08-21 08:15:00+00:00,2024-08-21 04:00:00+00:00,2024-08-21 05:00:00+00:00
2024-08-22,2024-08-22 01:30:00+00:00,2024-08-22 08:00:00+00:00,2024-08-22 01:00:00+00:00,2024-08-22 08:15:00+00:00,2024-08-22 04:00:00+00:00,2024-08-22 05:00:00+00:00
2024-08-23,2024-08-23 01:30:00+00:00,2024-08-23 08:00:00+00:00,2024-08-23 01:00:00+00:00,2024-08-23 08:15:00+00:00,2024-08-23 04:00:00+00:00,2024-08-23 05:00:00+00:00
2024-08-26,2024-08-26 01:30:00+00:00,2024-08-26 08:00:00+00:00,2024-08-26 01:00:00+00:00,2024-08-26 08:15:00+00:00,2024-08-26 04:00:00+00:00,2024-08-26 05:00:00+00:00
2024-08-27,2024-08-27 01:30:00+00:00,2024-08-27 08:00:00+00:00,2024-08-27 01:00:00+00:00,2024-08-27 08:15:00+00:00,2024-08-27 04:00:00+00:00,2024-08-27 05:00:00+00:00
2024-08-28,2024-08-28 01:30:00+00:00,2024-08-28 08:00:00+00:00,2024-08-28 01:00:00+00:00,2024-08-28 08:15:00+00:00,2024-08-28 04:00:00+00:00,2024-08-28 05:00:00+00:00
2024-08-29,2024-08-29 01:30:00+00:00,2024-08-29 08:00:00+00:00,2024-08-29 01:00:00+00:00,2024-08-29 08:15:00+00:00,2024-08-29 04:00:00+00:00,2024-08-29 05:00:00+00:00
2024-08-30,2024-08-30 01:30:00+00:00,2024-08-30 08:00:00+00:00,2024-08-30 01:00:00+00:00,2024-08-30 08:15:00+00:00,2024-08-30 04:00:00+00:00,2024-08-30 05:00:00+00:00
2024-09-02,2024-09-02 01:30:00+00:00,2024-09-02 08:00:00+00:00,2024-09-02 01:00:00+00:00,2024-09-02 08:15:00+00:00,2024-09-02 04:00:00+00:00,2024-09-02 05:00:00+00:00
2024-09-03,2024-09-03 01:30:00+00:00,2024-09-03 08:00:00+00:00,2024-09-03 01:00:00+00:00,2024-09-03 08:15:00+00:00,2024-09-03 04:00:00+00:00,2024-09-03 05:00:00+00:00
2024-09-04,2024-09-04 01:30:00+00:00,2024-09-04 08:00:00+00:00,2024-09-04 01:00:00+00:00,2024-09-04 08:15:00+00:00,2024-09-04 04:00:00+00:00,2024-09-04 05:00:00+00:00
2024-09-05,2024-09-05 01:30:00+00:00,2024-09-05 08:00:00+00:00,2024-09-05 01:00:00+00:00,2024-09-05 08:15:00+00:00,2024-09-05 04:00:00+00:00,2024-09-05 05:00:00+00:00
2024-09-09,2024-09-09 01:30:00+00:00,2024-09-09 08:00:00+00:00,2024-09-09 01:00:00+00:00,2024-09-09 08:15:00+00:00,2024-09-09 04:00:00+00:00,2024-09-09 05:00:00+00:00
2024-09-10,2024-09-10 01:30:00+00:00,2024-09-10 08:00:00+00:00,2024-09-10 01:00:00+00:00,2024-09-10 08:15:00+00:00,2024-09-10 04:00:00+00:00,2024-09-10 05:00:00+00:00
2024-09-11,2024-09-11 01:30:00+00:00,2024-09-11 08:00:00+00:00,2024-09-11 01:00:00+00:00,2024-09-11 08:15:00+00:00,2024-09-11 04:00:00+00:00,2024-09-11 05:00:00+00:00
2024-09-12,2024-09-12 01:30:00+00:00,2024-09-12 08:00:00+00:00,2024-09-12 01:00:00+00:00,2024-09-12 08:15:00+00:00,2024-09-12 04:00:00+00:00,2024-09-12 05:00:00+00:00
2024-09-13,2024-09-13 01:30:00+00:00,2024-09-13 08:00:00+00:00,2024-09-13 01:00:00+00:00,2024-09-13 08:15:00+00:00,2024-09-13 04:00:00+00:00,2024-09-13 05:00:00+00:00
2024-09-16,2024-09-16 01:30:00+00:00,2024-09-16 08:00:00+00:00,2024-09-16 01:00:00+00:00,2024-09-16 08:15:00+00:00,2024-09-16 04:00:00+00:00,2024-09-16 05:00:00+00:00
2024-09-17,2024-09-17 01:30:00+00:00,2024-09-17 08:00:00+00:00,2024-09-17 01:00:00+00:00,2024-09-17 08:15:00+00:00,2024-09-17 04:00:00+00:00,2024-09-17 05:00:00+00:00
2024-09-19,2024-09-19 01:30:00+00:00,2024-09-19 08:00:00+00:00,2024-09-19 01:00:00+00:00,2024-09-19 08:15:00+00:00,2024-09-19 04:00:00+00:00,2024-09-19 05:00:00+00:00
2024-09-20,2024-09-20 01:30:00+00:00,2024-09-20 08:00:00+00:00,2024-09-20 01:00:00+00:00,2024-09-20 08:15:00+00:00,2024-09-20 04:00:00+00:00,2024-09-20 05:00:00+00:00
2024-09-23,2024-09-23 01:30:00+00:00,2024-09-23 08:00:00+00:00,2024-09-23 01:00:00+00:00,2024-09-23 08:15:00+00:00,2024-09-23 04:00:00+00:00,2024-09-23 05:00:00+00:00
2024-09-24,2024-09-24 01:30:00+00:00,2024-09-24 08:00:00+00:00,2024-09-24 01:00:00+00:00,2024-09-24 08:15:00+00:00,2024-09-24 04:00:00+00:00,2024-09-24 05:00:00+00:00
2024-09-25,2024-09-25 01:30:00+00:00,2024-09-25 08:00:00+00:00,2024-09-25 01:00:00+00:00,2024-09-25 08:15:00+00:00,2024-09-25 04:00:00+00:00,2024-09-25 05:00:00+00:00
2024-09-26,2024-09-26 01:30:00+00:00,2024-09-26 08:00:00+00:00,2024-09-26 01:00:00+00:00,2024-09-26 08:15:00+00:00,2024-09-26 04:00:00+00:00,2024-09-26 05:00:00+00:00
2024-09-27,2024-09-27 01:30:00+00:00,2024-09-27 08:00:00+00:00,2024-09-27 01:00:00+00:00,2024-09-27 08:15:00+00:00,2024-09-27 04:00:00+00:00,2024-09-27 05:00:00+00:00
2024-09-30,2024-09-30 01:30:00+00:00,2024-09-30 08:00:00+00:00,2024-09-30 01:00:00+00:00,2024-09-30 08:15:00+00:00,2024-09-30 04:00:00+00:00,2024-09-30 05:00:00+00:00
2024-10-02,2024-10-02 01:30:00+00:00,2024-10-02 08:00:00+00:00,2024-10-02 01:00:00+00:00,2024-10-02 08:15:00+00:00,2024-10-02 04:00:00+00:00,2024-10-02 05:00:00+00:00
2024-10-03,2024-10-03 01:30:00+00:00,2024-10-03 08:00:00+00:00,2024-10-03 01:00:00+00:00,2024-10-03 08:15:00+00:00,2024-10-03 04:00:00+00:00,2024-10-03 05:00:00+00:00
2024-10-04,2024-10-04 01:30:00+00:00,2024-10-04 08:00:00+00:00,2024-10-04 01:00:00+00:00,2024-10-04 08:15:00+00:00,2024-10-04 04:00:00+00:00,2024-10-04 05:00:00+00:00
2024-10-07,2024-10-07 01:30:00+00:00,2024-10-07 08:00:00+00:00,2024-10-07 01:00:00+00:00,2024-10-07 08:15:00+00:00,2024-10-07 04:00:00+00:00,2024-10-07 05:00:00+00:00
2024-10-08,2024-10-08 01:30:00+00:00,2024-10-08 08:00:00+00:00,2024-10-08 01:00:00+00:00,2024-10-08 08:15:00+00:00,2024-10-08 04:00:00+00:00,2024-10-08 05:00:00+00:00
2024-10-09,2024-10-09 01:30:00+00:00,2024-10-09 08:00:00+00:00,2024-10-09 01:00:00+00:00,2024-10-09 08:15:00+00:00,2024-10-09 04:00:00+00:00,2024-10-09 05:00:00+00:00
2024-10-10,2024-10-10 01:30:00+00:00,2024-10-10 08:00:00+00:00,2024-10-10 01:00:00+00:00,2024-10-10 08:15:00+00:00,2024-10-10 04:00:00+00:00,2024-10-10 05:00:00+00:00
2024-10-14,2024-10-14 01:30:00+00:00,2024-10-14 08:00:00+00:00,2024-10-14 01:00:00+00:00,2024-10-14 08:15:00+00:00,2024-10-14 04:00:00+00:00,2024-10-14 05:00:00+00:00
2024-10-15,2024-10-15 01:30:00+00:00,2024-10-15 08:00:00+00:00,2024-10-15 01:00:00+00:00,2024-10-15 08:15:00+00:00,2024-10-15 04:00:00+00:00,2024-10-15 05:00:00+00:00
2024-10-16,2024-10-16 01:30:00+00:00,2024-10-16 08:00:00+00:00,2024-10-16 01:00:00+00:00,2024-10-16 08:15:00+00:00,2024-10-16 04:00:00+00:00,2024-10-16 05:00:00+00:00
2024-10-17,2024-10-17 01:30:00+00:00,2024-10-17 08:00:00+00:00,2024-10-17 01:00:00+00:00,2024-10-17 08:15:00+00:00,2024-10-17 04:00:00+00:00,2024-10-17 05:00:00+00:00
2024-10-18,2024-10-18 01:30:00+00:00,2024-10-18 08:00:00+00:00,2024-10-18 01:00:00+00:00,2024-10-18 08:15:00+00:00,2024-10-18 04:00:00+00:00,2024-10-18 05:00:00+00:00
2024-10-21,2024-10-21 01:30:00+00:00,2024-10-21 08:00:00+00:00,2024-10-21 01:00:00+00:00,2024-10-21 08:15:00+00:00,2024-10-21 04:00:00+00:00,2024-10-21 05:00:00+00:00
2024-10-22,2024-10-22 01:30:00+00:00,2024-10-22 08:00:00+00:00,2024-10-22 01:00:00+00:00,2024-10-22 08:15:00+00:00,2024-10-22 04:00:00+00:00,2024-10-22 05:00:00+00:00
2024-10-23,2024-10-23 01:30:00+00:00,2024-10-23 08:00:00+00:00,2024-10-23 01:00:00+00:00,2024-10-23 08:15:00+00:00,2024-10-23 04:00:00+00:00,2024-10-23 05:00:00+00:00
2024-10-24,2024-10-24 01:30:00+00:00,2024-10-24 08:00:00+00:00,2024-10-24 01:00:00+00:00,2024-10-24 08:15:00+00:00,2024-10-24 04:00:00+00:00,2024-10-24 05:00:00+00:00
2024-10-25,2024-10-25 01:30:00+00:00,2024-10-25 08:00:00+00:00,2024-10-25 01:00:00+00:00,2024-10-25 08:15:00+00:00,2024-10-25 04:00:00+00:00,2024-10-25 05:00:00+00:00
2024-10-28,2024-10-28 01:30:00+00:00,2024-10-28 08:00:00+00:00,2024-10-28 01:00:00+00:00,2024-10-28 08:15:00+00:00,2024-10-28 04:00:00+00:00,2024-10-28 05:00:00+00:00
2024-10-29,2024-10-29 01:30:00+00:00,2024-10-29 08:00:00+00:00,2024-10-29 01:00:00+00:00,2024-10-29 08:15:00+00:00,2024-10-29 04:00:00+00:00,2024-10-29 05:00:00+00:00
2024-10-30,2024-10-30 01:30:00+00:00,2024-10-30 08:00:00+00:00,2024-10-30 01:00:00+00:00,2024-10-30 08:15:00+00:00,2024-10-30 04:00:00+00:00,2024-10-30 05:00:00+00:00
2024-10-31,2024-10-31 01:30:00+00:00,2024-10-31 08:00:00+00:00,2024-10-31 01:00:00+00:00,2024-10-31 08:15:00+00:00,2024-10-31 04:00:00+00:00,2024-10-31 05:00:00+00:00
2024-11-01,2024-11-01 01:30:00+00:00,2024-11-01 08:00:00+00:00,2024-11-01 01:00:00+00:00,2024-11-01 08:15:00+00:00,2024-11-01 04:00:00+00:00,2024-11-01 05:00:00+00:00
2024-11-04,2024-11-04 01:30:00+00:00,2024-11-04 08:00:00+00:00,2024-11-04 01:00:00+00:00,2024-11-04 08:15:00+00:00,2024-11-04 04:00:00+00:00,2024-11-04 05:00:00+00:00
2024-11-05,2024-11-05 01:30:00+00:00,2024-11-05 08:00:00+00:00,2024-11-05 01:00:00+00:00,2024-11-05 08:15:00+00:00,2024-11-05 04:00:00+00:00,2024-11-05 05:00:00+00:00
2024-11-06,2024-11-06 01:30:00+00:00,2024-11-06 08:00:00+00:00,2024-11-06 01:00:00+00:00,2024-11-06 08:15:00+00:00,2024-11-06 04:00:00+00:00,2024-11-06 05:00:00+00:00
2024-11-07,2024-11-07 01:30:00+00:00,2024-11-07 08:00:00+00:00,2024-11-07 01:00:00+00:00,2024-11-07 08:15:00+00:00,2024-11-07 04:00:00+00:00,2024-11-07 05:00:00+00:00
2024-11-08,2024-11-08 01:30:00+00:00,2024-11-08 08:00:00+00:00,2024-11-08 01:00:00+00:00,2024-11-08 08:15:00+00:00,2024-11-08 04:00:00+00:00,2024-11-08 05:00:00+00:00
2024-11-11,2024-11-11 01:30:00+00:00,2024-11-11 08:00:00+00:00,2024-11-11 01:00:00+00:00,2024-11-11 08:15:00+00:00,2024-11-11 04:00:00+00:00,2024-11-11 05:00:00+00:00
2024-11-12,2024-11-12 01:30:00+00:00,2024-11-12 08:00:00+00:00,2024-11-12 01:00:00+00:00,2024-11-12 08:15:00+00:00,2024-11-12 04:00:00+00:00,2024-11-12 05:00:00+00:00
2024-11-13,2024-11-13 01:30:00+00:00,2024-11-13 08:00:00+00:00,2024-11-13 01:00:00+00:00,2024-11-13 08:15:00+00:00,2024-11-13 04:00:00+00:00,2024-11-13 05:00:00+00:00
2024-11-14,2024-11-14 01:30:00+00:00,2024-11-14 08:00:00+00:00,2024-11-14 01:00:00+00:00,2024-11-14 08:15:00+00:00,2024-11-14 04:00:00+00:00,2024-11-14 05:00:00+00:00
2024-11-15,2024-11-15 01:30:00+00:00,2024-11-15 08:00:00+00:00,2024-11-15 01:00:00+00:00,2024-11-15 08:15:00+00:00,2024-11-15 04:00:00+00:00,2024-11-15 05:00:00+00:00
2024-11-18,2024-11-18 01:30:00+00:00,2024-11-18 08:00:00+00:00,2024-11-18 01:00:00+00:00,2024-11-18 08:15:00+00:00,2024-11-18 04:00:00+00:00,2024-11-18 05:00:00+00:00
2024-11-19,2024-11-19 01:30:00+00:00,2024-11-19 08:00:00+00:00,2024-11-19 01:00:00+00:00,2024-11-19 08:15:00+00:00,2024-11-19 04:00:00+00:00,2024-11-19 05:00:00+00:00
2024-11-20,2024-11-20 01:30:00+00:00,2024-11-20 08:00:00+00:00,2024-11-20 01:00:00+00:00,2024-11-20 08:15:00+00:00,2024-11-20 04:00:00+00:00,2024-11-20 05:00:00+00:00
2024-11-21,2024-11-21 01:30:00+00:00,2024-11-21 08:00:00+00:00,2024-11-21 01:00:00+00:00,2024-11-21 08:15:00+00:00,2024-11-21 04:00:00+00:00,2024-11-21 05:00:00+00:00
2024-11-22,2024-11-22 01:30:00+00:00,2024-11-22 08:00:00+00:00,2024-11-22 01:00:00+00:00,2024-11-22 08:15:00+00:00,2024-11-22 04:00:00+00:00,2024-11-22 05:00:00+00:00
2024-11-25,2024-11-25 01:30:00+00:00,2024-11-25 08:00:00+00:00,2024-11-25 01:00:00+00:00,2024-11-25 08:15:00+00:00,2024-11-25 04:00:00+00:00,2024-11-25 05:00:00+00:00
2024-11-26,2024-11-26 01:30:00+00:00,2024-11-26 08:00:00+00:00,2024-11-26 01:00:00+00:00,2024-11-26 08:15:00+00:00,2024-11-26 04:00:00+00:00,2024-11-26 05:00:00+00:00
2024-11-27,2024-11-27 01:30:00+00:00,2024-11-27 08:00:00+00:00,2024-11-27 01:00:00+00:00,2024-11-27 08:15:00+00:00,2024-11-27 04:00:00+00:00,2024-11-27 05:00:00+00:00
2024-11-28,2024-11-28 01:30:00+00:00,2024-11-28 08:00:00+00:00,2024-11-28 01:00:00+00:00,2024-11-28 08:15:00+00:00,2024-11-28 04:00:00+00:00,2024-11-28 05:00:00+00:00
2024-11-29,2024-11-29 01:30:00+00:00,2024-11-29 08:00:00+00:00,2024-11-29 01:00:00+00:00,2024-11-29 08:15:00+00:00,2024-11-29 04:00:00+00:00,2024-11-29 05:00:00+00:00
2024-12-02,2024-12-02 01:30:00+00:00,2024-12-02 08:00:00+00:00,2024-12-02 01:00:00+00:00,2024-12-02 08:15:00+00:00,2024-12-02 04:00:00+00:00,2024-12-02 05:00:00+00:00
2024-12-03,2024-12-03 01:30:00+00:00,2024-12-03 08:00:00+00:00,2024-12-03 01:00:00+00:00,2024-12-03 08:15:00+00:00,2024-12-03 04:00:00+00:00,2024-12-03 05:00:00+00:00
2024-12-04,2024-12-04 01:30:00+00:00,2024-12-04 08:00:00+00:00,2024-12-04 01:00:00+00:00,2024-12-04 08:15:00+00:00,2024-12-04 04:00:00+00:00,2024-12-04 05:00:00+00:00
2024-12-05,2024-12-05 01:30:00+00:00,2024-12-05 08:00:00+00:00,2024-12-05 01:00:00+00:00,2024-12-05 08:15:00+00:00,2024-12-05 04:00:00+00:00,2024-12-05 05:00:00+00:00
2024-12-06,2024-12-06 01:30:00+00:00,2024-12-06 08:00:00+00:00,2024-12-06 01:00:00+00:00,2024-12-06 08:15:00+00:00,2024-12-06 04:00:00+00:00,2024-12-06 05:00:00+00:00
2024-12-09,2024-12-09 01:30:00+00:00,2024-12-09 08:00:00+00:00,2024-12-09 01:00:00+00:00,2024-12-09 08:15:00+00:00,2024-12-09 04:00:00+00:00,2024-12-09 05:00:00+00:00
2024-12-10,2024-12-10 01:30:00+00:00,2024-12-10 08:00:00+00:00,2024-12-10 01:00:00+00:00,2024-12-10 08:15:00+00:00,2024-12-10 04:00:00+00:00,2024-12-10 05:00:00+00:00
2024-12-11,2024-12-11 01:30:00+00:00,2024-12-11 08:00:00+00:00,2024-12-11 01:00:00+00:00,2024-12-11 08:15:00+00:00,2024-12-11 04:00:00+00:00,2024-12-11 05:00:00+00:00
2024-12-12,2024-12-12 01:30:00+00:00,2024-12-12 08:00:00+00:00,2024-12-12 01:00:00+00:00,2024-12-12 08:15:00+00:00,2024-12-12 04:00:00+00:00,2024-12-12 05:00:00+00:00
2024-12-13,2024-12-13 01:30:00+00:00,2024-12-13 08:00:00+00:00,2024-12-13 01:00:00+00:00,2024-12-13 08:15:00+00:00,2024-12-13 04:00:00+00:00,2024-12-13 05:00:00+00:00
2024-12-16,2024-12-16 01:30:00+00:00,2024-12-16 08:00:00+00:00,2024-12-16 01:00:00+00:00,2024-12-16 08:15:00+00:00,2024-12-16 04:00:00+00:00,2024-12-16 05:00:00+00:00
2024-12-17,2024-12-17 01:30:00+00:00,2024-12-17 08:00:00+00:00,2024-12-17 01:00:00+00:00,2024-12-17 08:15:00+00:00,2024-12-17 04:00:00+00:00,2024-12-17 05:00:00+00:00
2024-12-18,2024-12-18 01:30:00+00:00,2024-12-18 08:00:00+00:00,2024-12-18 01:00:00+00:00,2024-12-18 08:15:00+00:00,2024-12-18 04:00:00+00:00,2024-12-18 05:00:00+00:00
2024-12-19,2024-12-19 01:30:00+00:00,2024-12-19 08:00:00+00:00,2024-12-19 01:00:00+00:00,2024-12-19 08:15:00+00:00,2024-12-19 04:00:00+00:00,2024-12-19 05:00:00+00:00
2024-12-20,2024-12-20 01:30:00+00:00,2024-12-20 08:00:00+00:00,2024-12-20 01:00:00+00:00,2024-12-20 08:15:00+00:00,2024-12-20 04:00:00+00:00,2024-12-20 05:00:00+00:00
2024-12-23,2024-12-23 01:30:00+00:00,2024-12-23 08:00:00+00:00,2024-12-23 01:00:00+00:00,2024-12-23 08:15:00+00:00,2024-12-23 04:00:00+00:00,2024-12-23 05:00:00+00:00
2024-12-24,2024-12-24 01:30:00+00:00,2024-12-24 04:00:00+00:00,2024-12-24 01:00:00+00:00,2024-12-24 04:15:00+00:00,,
2024-12-27,2024-12-27 01:30:00+00:00,2024-12-27 08:00:00+00:00,2024-12-27 01:00:00+00:00,2024-12-27 08:15:00+00:00,2024-12-27 04:00:00+00:00,2024-12-27 05:00:00+00:00
2024-12-30,2024-12-30 01:30:00+00:00,2024-12-30 08:00:00+00:00,2024-12-30 01:00:00+00:00,2024-12-30 08:15:00+00:00,2024-12-30 04:00:00+00:00,2024-12-30 05:00:00+00:00
2024-12-31,2024-12-31 01:30:00+00:00,2024-12-31 04:00:00+00:00,2024-12-31 01:00:00+00:00,2024-12-31 04:15:00+00:00,,
2025-01-02,2025-01-02 01:30:00+00:00,2025-01-02 08:00:00+00:00,2025-01-02 01:00:00+00:00,2025-01-02 08:15:00+00:00,2025-01-02 04:00:00+00:00,2025-01-02 05:00:00+00:00
2025-01-03,2025-01-03 01:30:00+00:00,2025-01-03 08:00:00+00:00,2025-01-03 01:00:00+00:00,2025-01-03 08:15:00+00:00,2025-01-03 04:00:00+00:00,2025-01-03 05:00:00+00:00
2025-01-06,2025-01-06 01:30:00+00:00,2025-01-06 08:00:00+00:00,2025-01-06 01:00:00+00:00,2025-01-06 08:15:00+00:00,2025-01-06 04:00:00+00:00,2025-01-06 05:00:00+00:00
2025-01-07,2025-01-07 01:30:00+00:00,2025-01-07 08:00:00+00:00,2025-01-07 01:00:00+00:00,2025-01-07 08:15:00+00:00,2025-01-07 04:00:00+00:00,2025-01-07 05:00:00+00:00
2025-01-08,2025-01-08 01:30:00+00:00,2025-01-08 08:00:00+00:00,2025-01-08 01:00:00+00:00,2025-01-08 08:15:00+00:00,2025-01-08 04:00:00+00:00,2025-01-08 05:00:00+00:00
2025-01-09,2025-01-09 01:30:00+00:00,2025-01-09 08:00:00+00:00,2025-01-09 01:00:00+00:00,2025-01-09 08:15:00+00:00,2025-01-09 04:00:00+00:00,2025-01-09 05:00:00+00:00
2025-01-10,2025-01-10 01:30:00+00:00,2025-01-10 08:00:00+00:00,2025-01-10 01:00:00+00:00,2025-01-10 08:15:00+00:00,2025-01-10 04:00:00+00:00,2025-01-10 05:00:00+00:00
2025-01-13,2025-01-13 01:30:00+00:00,2025-01-13 08:00:00+00:00,2025-01-13 01:00:00+00:00,2025-01-13 08:15:00+00:00,2025-01-13 04:00:00+00:00,2025-01-13 05:00:00+00:00
2025-01-14,2025-01-14 01:30:00+00:00,2025-01-14 08:00:00+00:00,2025-01-14 01:00:00+00:00,2025-01-14 08:15:00+00:00,2025-01-14 04:00:00+00:00,2025-01-14 05:00:00+00:00
2025-01-15,2025-01-15 01:30:00+00:00,2025-01-15 08:00:00+00:00,2025-01-15 01:00:00+00:00,2025-01-15 08:15:00+00:00,2025-01-15 04:00:00+00:00,2025-01-15 05:00:00+00:00
2025-01-16,2025-01-16 01:30:00+00:00,2025-01-16 08:00:00+00:00,2025-01-16 01:00:00+00:00,2025-01-16 08:15:00+00:00,2025-01-16 04:00:00+00:00,2025-01-16 05:00:00+00:00
2025-01-17,2025-01-17 01:30:00+00:00,2025-01-17 08:00:00+00:00,2025-01-17 01:00:00+00:00,2025-01-17 08:15:00+00:00,2025-01-17 04:00:00+00:00,2025-01-17 05:00:00+00:00
2025-01-20,2025-01-20 01:30:00+00:00,2025-01-20 08:00:00+00:00,2025-01-20 01:00:00+00:00,2025-01-20 08:15:00+00:00,2025-01-20 04:00:00+00:00,2025-01-20 05:00:00+00:00
2025-01-21,2025-01-21 01:30:00+00:00,2025-01-21 08:00:00+00:00,2025-01-21 01:00:00+00:00,2025-01-21 08:15:00+00:00,2025-01-21 04:00:00+00:00,2025-01-21 05:00:00+00:00
2025-01-22,2025-01-22 01:30:00+00:00,2025-01-22 08:00:00+00:00,2025-01-22 01:00:00+00:00,2025-01-22 08:15:00+00:00,2025-01-22 04:00:00+00:00,2025-01-22 05:00:00+00:00
2025-01-23,2025-01-23 01:30:00+00:00,2025-01-23 08:00:00+00:00,2025-01-23 01:00:00+00:00,2025-01-23 08:15:00+00:00,2025-01-23 04:00:00+00:00,2025-01-23 05:00:00+00:00
2025-01-24,2025-01-24 01:30:00+00:00,2025-01-24 08:00:00+00:00,2025-01-24 01:00:00+00:00,2025-01-24 08:15:00+00:00,2025-01-24 04:00:00+00:00,2025-01-24 05:00:00+00:00
2025-01-27,2025-01-27 01:30:00+00:00,2025-01-27 08:00:00+00:00,2025-01-27 01:00:00+00:00,2025-01-27 08:15:00+00:00,2025-01-27 04:00:00+00:00,2025-01-27 05:00:00+00:00
2025-01-28,2025-01-28 01:30:00+00:00,2025-01-28 04:00:00+00:00,2025-01-28 01:00:00+00:00,2025-01-28 04:15:00+00:00,,
2025-02-03,2025-02-03 01:30:00+00:00,2025-02-03 08:00:00+00:00,2025-02-03 01:00:00+00:00,2025-02-03 08:15:00+00:00,2025-02-03 04:00:00+00:00,2025-02-03 05:00:00+00:00
2025-02-04,2025-02-04 01:30:00+00:00,2025-02-04 08:00:00+00:00,2025-02-04 01:00:00+00:00,2025-02-04 08:15:00+00:00,2025-02-04 04:00:00+00:00,2025-02-04 05:00:00+00:00
2025-02-05,2025-02-05 01:30:00+00:00,2025-02-05 08:00:00+00:00,2025-02-05 01:00:00+00:00,2025-02-05 08:15:00+00:00,2025-02-05 04:00:00+00:00,2025-02-05 05:00:00+00:00
2025-02-06,2025-02-06 01:30:00+00:00,2025-02-06 08:00:00+00:00,2025-02-06 01:00:00+00:00,2025-02-06 08:15:00+00:00,2025-02-06 04:00:00+00:00,2025-02-06 05:00:00+00:00
2025-02-07,2025-02-07 01:30:00+00:00,2025-02-07 08:00:00+00:00,2025-02-07 01:00:00+00:00,2025-02-07 08:15:00+00:00,2025-02-07 04:00:00+00:00,2025-02-07 05:00:00+00:00
2025-02-10,2025-02-10 01:30:00+00:00,2025-02-10 08:00:00+00:00,2025-02-10 01:00:00+00:00,2025-02-10 08:15:00+00:00,2025-02-10 04:00:00+00:00,2025-02-10 05:00:00+00:00
2025-02-11,2025-02-11 01:30:00+00:00,2025-02-11 08:00:00+00:00,2025-02-11 01:00:00+00:00,2025-02-11 08:15:00+00:00,2025-02-11 04:00:00+00:00,2025-02-11 05:00:00+00:00
2025-02-12,2025-02-12 01:30:00+00:00,2025-02-12 08:00:00+00:00,2025-02-12 01:00:00+00:00,2025-02-12 08:15:00+00:00,2025-02-12 04:00:00+00:00,2025-02-12 05:00:00+00:00
2025-02-13,2025-02-13 01:30:00+00:00,2025-02-13 08:00:00+00:00,2025-02-13 01:00:00+00:00,2025-02-13 08:15:00+00:00,2025-02-13 04:00:00+00:00,2025-02-13 05:00:00+00:00
2025-02-14,2025-02-14 01:30:00+00:00,2025-02-14 08:00:00+00:00,2025-02-14 01:00:00+00:00,2025-02-14 08:15:00+00:00,2025-02-14 04:00:00+00:00,2025-02-14 05:00:00+00:00
2025-02-17,2025-02-17 01:30:00+00:00,2025-02-17 08:00:00+00:00,2025-02-17 01:00:00+00:00,2025-02-17 08:15:00+00:00,2025-02-17 04:00:00+00:00,2025-02-17 05:00:00+00:00
2025-02-18,2025-02-18 01:30:00+00:00,2025-02-18 08:00:00+00:00,2025-02-18 01:00:00+00:00,2025-02-18 08:15:00+00:00,2025-02-18 04:00:00+00:00,2025-02-18 05:00:00+00:00
2025-02-19,2025-02-19 01:30:00+00:00,2025-02-19 08:00:00+00:00,2025-02-19 01:00:00+00:00,2025-02-19 08:15:00+00:00,2025-02-19 04:00:00+00:00,2025-02-19 05:00:00+00:00
2025-02-20,2025-02-20 01:30:00+00:00,2025-02-20 08:00:00+00:00,2025-02-20 01:00:00+00:00,2025-02-20 08:15:00+00:00,2025-02-20 04:00:00+00:00,2025-02-20 05:00:00+00:00
2025-02-21,2025-02-21 01:30:00+00:00,2025-02-21 08:00:00+00:00,2025-02-21 01:00:00+00:00,2025-02-21 08:15:00+00:00,2025-02-21 04:00:00+00:00,2025-02-21 05:00:00+00:00
2025-02-24,2025-02-24 01:30:00+00:00,2025-02-24 08:00:00+00:00,2025-02-24 01:00:00+00:00,2025-02-24 08:15:00+00:00,2025-02-24 04:00:00+00:00,2025-02-24 05:00:00+00:00
2025-02-25,2025-02-25 01:30:00+00:00,2025-02-25 08:00:00+00:00,2025-02-25 01:00:00+00:00,2025-02-25 08:15:00+00:00,2025-02-25 04:00:00+00:00,2025-02-25 05:00:00+00:00
2025-02-26,2025-02-26 01:30:00+00:00,2025-02-26 08:00:00+00:00,2025-02-26 01:00:00+00:00,2025-02-26 08:15:00+00:00,2025-02-26 04:00:00+00:00,2025-02-26 05:00:00+00:00
2025-02-27,2025-02-27 01:30:00+00:00,2025-02-27 08:00:00+00:00,2025-02-27 01:00:00+00:00,2025-02-27 08:15:00+00:00,2025-02-27 04:00:00+00:00,2025-02-27 05:00:00+00:00
2025-02-28,2025-02-28 01:30:00+00:00,2025-02-28 08:00:00+00:00,2025-02-28 01:00:00+00:00,2025-02-28 08:15:00+00:00,2025-02-28 04:00:00+00:00,2025-02-28 05:00:00+00:00
2025-03-03,2025-03-03 01:30:00+00:00,2025-03-03 08:00:00+00:00,2025-03-03 01:00:00+00:00,2025-03-03 08:15:00+00:00,2025-03-03 04:00:00+00:00,2025-03-03 05:00:00+00:00
2025-03-04,2025-03-04 01:30:00+00:00,2025-03-04 08:00:00+00:00,2025-03-04 01:00:00+00:00,2025-03-04 08:15:00+00:00,2025-03-04 04:00:00+00:00,2025-03-04 05:00:00+00:00
2025-03-05,2025-03-05 01:30:00+00:00,2025-03-05 08:00:00+00:00,2025-03-05 01:00:00+00:00,2025-03-05 08:15:00+00:00,2025-03-05 04:00:00+00:00,2025-03-05 05:00:00+00:00
2025-03-06,2025-03-06 01:30:00+00:00,2025-03-06 08:00:00+00:00,2025-03-06 01:00:00+00:00,2025-03-06 08:15:00+00:00,2025-03-06 04:00:00+00:00,2025-03-06 05:00:00+00:00
2025-03-07,2025-03-07 01:30:00+00:00,2025-03-07 08:00:00+00:00,2025-03-07 01:00:00+00:00,2025-03-07 08:15:00+00:00,2025-03-07 04:00:00+00:00,2025-03-07 05:00:00+00:00
2025-03-10,2025-03-10 01:30:00+00:00,2025-03-10 08:00:00+00:00,2025-03-10 01:00:00+00:00,2025-03-10 08:15:00+00:00,2025-03-10 04:00:00+00:00,2025-03-10 05:00:00+00:00
2025-03-11,2025-03-11 01:30:00+00:00,2025-03-11 08:00:00+00:00,2025-03-11 01:00:00+00:00,2025-03-11 08:15:00+00:00,2025-03-11 04:00:00+00:00,2025-03-11 05:00:00+00:00
2025-03-12,2025-03-12 01:30:00+00:00,2025-03-12 08:00:00+00:00,2025-03-12 01:00:00+00:00,2025-03-12 08:15:00+00:00,2025-03-12 04:00:00+00:00,2025-03-12 05:00:00+00:00
2025-03-13,2025-03-13 01:30:00+00:00,2025-03-13 08:00:00+00:00,2025-03-13 01:00:00+00:00,2025-03-13 08:15:00+00:00,2025-03-13 04:00:00+00:00,2025-03-13 05:00:00+00:00
2025-03-14,2025-03-14 01:30:00+00:00,2025-03-14 08:00:00+00:00,2025-03-14 01:00:00+00:00,2025-03-14 08:15:00+00:00,2025-03-14 04:00:00+00:00,2025-03-14 05:00:00+00:00
2025-03-17,2025-03-17 01:30:00+00:00,2025-03-17 08:00:00+00:00,2025-03-17 01:00:00+00:00,2025-03-17 08:15:00+00:00,2025-03-17 04:00:00+00:00,2025-03-17 05:00:00+00:00
2025-03-18,2025-03-18 01:30:00+00:00,2025-03-18 08:00:00+00:00,2025-03-18 01:00:00+00:00,2025-03-18 08:15:00+00:00,2025-03-18 04:00:00+00:00,2025-03-18 05:00:00+00:00
2025-03-19,2025-03-19 01:30:00+00:00,2025-03-19 08:00:00+00:00,2025-03-19 01:00:00+00:00,2025-03-19 08:15:00+00:00,2025-03-19 04:00:00+00:00,2025-03-19 05:00:00+00:00
2025-03-20,2025-03-20 01:30:00+00:00,2025-03-20 08:00:00+00:00,2025-03-20 01:00:00+00:00,2025-03-20 08:15:00+00:00,2025-03-20 04:00:00+00:00,2025-03-20 05:00:00+00:00
2025-03-21,2025-03-21 01:30:00+00:00,2025-03-21 08:00:00+00:00,2025-03-21 01:00:00+00:00,2025-03-21 08:15:00+00:00,2025-03-21 04:00:00+00:00,2025-03-21 05:00:00+00:00
2025-03-24,2025-03-24 01:30:00+00:00,2025-03-24 08:00:00+00:00,2025-03-24 01:00:00+00:00,2025-03-24 08:15:00+00:00,2025-03-24 04:00:00+00:00,2025-03-24 05:00:00+00:00
2025-03-25,2025-03-25 01:30:00+00:00,2025-03-25 08:00:00+00:00,2025-03-25 01:00:00+00:00,2025-03-25 08:15:00+00:00,2025-03-25 04:00:00+00:00,2025-03-25 05:00:00+00:00
2025-03-26,2025-03-26 01:30:00+00:00,2025-03-26 08:00:00+00:00,2025-03-26 01:00:00+00:00,2025-03-26 08:15:00+00:00,2025-03-26 04:00:00+00:00,2025-03-26 05:00:00+00:00
2025-03-27,2025-03-27 01:30:00+00:00,2025-03-27 08:00:00+00:00,2025-03-27 01:00:00+00:00,2025-03-27 08:15:00+00:00,2025-03-27 04:00:00+00:00,2025-03-27 05:00:00+00:00
2025-03-28,2025-03-28 01:30:00+00:00,2025-03-28 08:00:00+00:00,2025-03-28 01:00:00+00:00,2025-03-28 08:15:00+00:00,2025-03-28 04:00:00+00:00,2025-03-28 05:00:00+00:00
2025-03-31,2025-03-31 01:30:00+00:00,2025-03-31 08:00:00+00:00,2025-03-31 01:00:00+00:00,2025-03-31 08:15:00+00:00,2025-03-31 04:00:00+00:00,2025-03-31 05:00:00+00:00
2025-04-01,2025-04-01 01:30:00+00:00,2025-04-01 08:00:00+00:00,2025-04-01 01:00:00+00:00,2025-04-01 08:15:00+00:00,2025-04-01 04:00:00+00:00,2025-04-01 05:00:00+00:00
2025-04-02,2025-04-02 01:30:00+00:00,2025-04-02 08:00:00+00:00,2025-04-02 01:00:00+00:00,2025-04-02 08:15:00+00:00,2025-04-02 04:00:00+00:00,2025-04-02 05:00:00+00:00
2025-04-03,2025-04-03 01:30:00+00:00,2025-04-03 08:00:00+00:00,2025-04-03 01:00:00+00:00,2025-04-03 08:15:00+00:00,2025-04-03 04:00:00+00:00,2025-04-03 05:00:00+00:00
2025-04-07,2025-04-07 01:30:00+00:00,2025-04-07 08:00:00+00:00,2025-04-07 01:00:00+00:00,2025-04-07 08:15:00+00:00,2025-04-07 04:00:00+00:00,2025-04-07 05:00:00+00:00
2025-04-08,2025-04-08 01:30:00+00:00,2025-04-08 08:00:00+00:00,2025-04-08 01:00:00+00:00,2025-04-08 08:15:00+00:00,2025-04-08 04:00:00+00:00,2025-04-08 05:00:00+00:00
2025-04-09,2025-04-09 01:30:00+00:00,2025-04-09 08:00:00+00:00,2025-04-09 01:00:00+00:00,2025-04-09 08:15:00+00:00,2025-04-09 04:00:00+00:00,2025-04-09 05:00:00+00:00
2025-04-10,2025-04-10 01:30:00+00:00,2025-04-10 08:00:00+00:00,2025-04-10 01:00:00+00:00,2025-04-10 08:15:00+00:00,2025-04-10 04:00:00+00:00,2025-04-10 05:00:00+00:00
2025-04-11,2025-04-11 01:30:00+00:00,2025-04-11 08:00:00+00:00,2025-04-11 01:00:00+00:00,2025-04-11 08:15:00+00:00,2025-04-11 04:00:00+00:00,2025-04-11 05:00:00+00:00
2025-04-14,2025-04-14 01:30:00+00:00,2025-04-14 08:00:00+00:00,2025-04-14 01:00:00+00:00,2025-04-14 08:15:00+00:00,2025-04-14 04:00:00+00:00,2025-04-14 05:00:00+00:00
2025-04-15,2025-04-15 01:30:00+00:00,2025-04-15 08:00:00+00:00,2025-04-15 01:00:00+00:00,2025-04-15 08:15:00+00:00,2025-04-15 04:00:00+00:00,2025-04-15 05:00:00+00:00
2025-04-16,2025-04-16 01:30:00+00:00,2025-04-16 08:00:00+00:00,2025-04-16 01:00:00+00:00,2025-04-16 08:15:00+00:00,2025-04-16 04:00:00+00:00,2025-04-16 05:00:00+00:00
2025-04-17,2025-04-17 01:30:00+00:00,2025-04-17 08:00:00+00:00,2025-04-17 01:00:00+00:00,2025-04-17 08:15:00+00:00,2025-04-17 04:00:00+00:00,2025-04-17 05:00:00+00:00
2025-04-22,2025-04-22 01:30:00+00:00,2025-04-22 08:00:00+00:00,2025-04-22 01:00:00+00:00,2025-04-22 08:15:00+00:00,2025-04-22 04:00:00+00:00,2025-04-22 05:00:00+00:00
2025-04-23,2025-04-23 01:30:00+00:00,2025-04-23 08:00:00+00:00,2025-04-23 01:00:00+00:00,2025-04-23 08:15:00+00:00,2025-04-23 04:00:00+00:00,2025-04-23 05:00:00+00:00
2025-04-24,2025-04-24 01:30:00+00:00,2025-04-24 08:00:00+00:00,2025-04-24 01:00:00+00:00,2025-04-24 08:15:00+00:00,2025-04-24 04:00:00+00:00,2025-04-24 05:00:00+00:00
2025-04-25,2025-04-25 01:30:00+00:00,2025-04-25 08:00:00+00:00,2025-04-25 01:00:00+00:00,2025-04-25 08:15:00+00:00,2025-04-25 04:00:00+00:00,2025-04-25 05:00:00+00:00
2025-04-28,2025-04-28 01:30:00+00:00,2025-04-28 08:00:00+00:00,2025-04-28 01:00:00+00:00,2025-04-28 08:15:00+00:00,2025-04-28 04:00:00+00:00,2025-04-28 05:00:00+00:00
2025-04-29,2025-04-29 01:30:00+00:00,2025-04-29 08:00:00+00:00,2025-04-29 01:00:00+00:00,2025-04-29 08:15:00+00:00,2025-04-29 04:00:00+00:00,2025-04-29 05:00:00+00:00
2025-04-30,2025-04-30 01:30:00+00:00,2025-04-30 08:00:00+00:00,2025-04-30 01:00:00+00:00,2025-04-30 08:15:00+00:00,2025-04-30 04:00:00+00:00,2025-04-30 05:00:00+00:00
2025-05-02,2025-05-02 01:30:00+00:00,2025-05-02 08:00:00+00:00,2025-05-02 01:00:00+00:00,2025-05-02 08:15:00+00:00,2025-05-02 04:00:00+00:00,2025-05-02 05:00:00+00:00
2025-05-06,2025-05-06 01:30:00+00:00,2025-05-06 08:00:00+00:00,2025-05-06 01:00:00+00:00,2025-05-06 08:15:00+00:00,2025-05-06 04:00:00+00:00,2025-05-06 05:00:00+00:00
2025-05-07,2025-05-07 01:30:00+00:00,2025-05-07 08:00:00+00:00,2025-05-07 01:00:00+00:00,2025-05-07 08:15:00+00:00,2025-05-07 04:00:00+00:00,2025-05-07 05:00:00+00:00
2025-05-08,2025-05-08 01:30:00+00:00,2025-05-08 08:00:00+00:00,2025-05-08 01:00:00+00:00,2025-05-08 08:15:00+00:00,2025-05-08 04:00:00+00:00,2025-05-08 05:00:00+00:00
2025-05-09,2025-05-09 01:30:00+00:00,2025-05-09 08:00:00+00:00,2025-05-09 01:00:00+00:00,2025-05-09 08:15:00+00:00,2025-05-09 04:00:00+00:00,2025-05-09 05:00:00+00:00
2025-05-12,2025-05-12 01:30:00+00:00,2025-05-12 08:00:00+00:00,2025-05-12 01:00:00+00:00,2025-05-12 08:15:00+00:00,2025-05-12 04:00:00+00:00,2025-05-12 05:00:00+00:00
2025-05-13,2025-05-13 01:30:00+00:00,2025-05-13 08:00:00+00:00,2025-05-13 01:00:00+00:00,2025-05-13 08:15:00+00:00,2025-05-13 04:00:00+00:00,2025-05-13 05:00:00+00:00
2025-05-14,2025-05-14 01:30:00+00:00,2025-05-14 08:00:00+00:00,2025-05-14 01:00:00+00:00,2025-05-14 08:15:00+00:00,2025-05-14 04:00:00+00:00,2025-05-14 05:00:00+00:00
2025-05-15,2025-05-15 01:30:00+00:00,2025-05-15 08:00:00+00:00,2025-05-15 01:00:00+00:00,2025-05-15 08:15:00+00:00,2025-05-15 04:00:00+00:00,2025-05-15 05:00:00+00:00
2025-05-16,2025-05-16 01:30:00+00:00,2025-05-16 08:00:00+00:00,2025-05-16 01:00:00+00:00,2025-05-16 08:15:00+00:00,2025-05-16 04:00:00+00:00,2025-05-16 05:00:00+00:00
2025-05-19,2025-05-19 01:30:00+00:00,2025-05-19 08:00:00+00:00,2025-05-19 01:00:00+00:00,2025-05-19 08:15:00+00:00,2025-05-19 04:00:00+00:00,2025-05-19 05:00:00+00:00
2025-05-20,2025-05-20 01:30:00+00:00,2025-05-20 08:00:00+00:00,2025-05-20 01:00:00+00:00,2025-05-20 08:15:00+00:00,2025-05-20 04:00:00+00:00,2025-05-20 05:00:00+00:00
2025-05-21,2025-05-21 01:30:00+00:00,2025-05-21 08:00:00+00:00,2025-05-21 01:00:00+00:00,2025-05-21 08:15:00+00:00,2025-05-21 04:00:00+00:00,2025-05-21 05:00:00+00:00
2025-05-22,2025-05-22 01:30:00+00:00,2025-05-22 08:00:00+00:00,2025-05-22 01:00:00+00:00,2025-05-22 08:15:00+00:00,2025-05-22 04:00:00+00:00,2025-05-22 05:00:00+00:00
2025-05-23,2025-05-23 01:30:00+00:00,2025-05-23 08:00:00+00:00,2025-05-23 01:00:00+00:00,2025-05-23 08:15:00+00:00,2025-05-23 04:00:00+00:00,2025-05-23 05:00:00+00:00
2025-05-26,2025-05-26 01:30:00+00:00,2025-05-26 08:00:00+00:00,2025-05-26 01:00:00+00:00,2025-05-26 08:15:00+00:00,2025-05-26 04:00:00+00:00,2025-05-26 05:00:00+00:00
2025-05-27,2025-05-27 01:30:00+00:00,2025-05-27 08:00:00+00:00,2025-05-27 01:00:00+00:00,2025-05-27 08:15:00+00:00,2025-05-27 04:00:00+00:00,2025-05-27 05:00:00+00:00
2025-05-28,2025-05-28 01:30:00+00:00,2025-05-28 08:00:00+00:00,2025-05-28 01:00:00+00:00,2025-05-28 08:15:00+00:00,2025-05-28 04:00:00+00:00,2025-05-28 05:00:00+00:00
2025-05-29,2025-05-29 01:30:00+00:00,2025-05-29 08:00:00+00:00,2025-05-29 01:00:00+00:00,2025-05-29 08:15:00+00:00,2025-05-29 04:00:00+00:00,2025-05-29 05:00:00+00:00
2025-05-30,2025-05-30 01:30:00+00:00,2025-05-30 08:00:00+00:00,2025-05-30 01:00:00+00:00,2025-05-30 08:15:00+00:00,2025-05-30 04:00:00+00:00,2025-05-30 05:00:00+00:00
2025-06-02,2025-06-02 01:30:00+00:00,2025-06-02 08:00:00+00:00,2025-06-02 01:00:00+00:00,2025-06-02 08:15:00+00:00,2025-06-02 04:00:00+00:00,2025-06-02 05:00:00+00:00
2025-06-03,2025-06-03 01:30:00+00:00,2025-06-03 08:00:00+00:00,2025-06-03 01:00:00+00:00,2025-06-03 08:15:00+00:00,2025-06-03 04:00:00+00:00,2025-06-03 05:00:00+00:00
2025-06-04,2025-06-04 01:30:00+00:00,2025-06-04 08:00:00+00:00,2025-06-04 01:00:00+00:00,2025-06-04 08:15:00+00:00,2025-06-04 04:00:00+00:00,2025-06-04 05:00:00+00:00
2025-06-05,2025-06-05 01:30:00+00:00,2025-06-05 08:00:00+00:00,2025-06-05 01:00:00+00:00,2025-06-05 08:15:00+00:00,2025-06-05 04:00:00+00:00,2025-06-05 05:00:00+00:00
2025-06-06,2025-06-06 01:30:00+00:00,2025-06-06 08:00:00+00:00,2025-06-06 01:00:00+00:00,2025-06-06 08:15:00+00:00,2025-06-06 04:00:00+00:00,2025-06-06 05:00:00+00:00
2025-06-09,2025-06-09 01:30:00+00:00,2025-06-09 08:00:00+00:00,2025-06-09 01:00:00+00:00,2025-06-09 08:15:00+00:00,2025-06-09 04:00:00+00:00,2025-06-09 05:00:00+00:00
2025-06-10,2025-06-10 01:30:00+00:00,2025-06-10 08:00:00+00:00,2025-06-10 01:00:00+00:00,2025-06-10 08:15:00+00:00,2025-06-10 04:00:00+00:00,2025-06-10 05:00:00+00:00
2025-06-11,2025-06-11 01:30:00+00:00,2025-06-11 08:00:00+00:00,2025-06-11 01:00:00+00:00,2025-06-11 08:15:00+00:00,2025-06-11 04:00:00+00:00,2025-06-11 05:00:00+00:00
2025-06-12,2025-06-12 01:30:00+00:00,2025-06-12 08:00:00+00:00,2025-06-12 01:00:00+00:00,2025-06-12 08:15:00+00:00,2025-06-12 04:00:00+00:00,2025-06-12 05:00:00+00:00
2025-06-13,2025-06-13 01:30:00+00:00,2025-06-13 08:00:00+00:00,2025-06-13 01:00:00+00:00,2025-06-13 08:15:00+00:00,2025-06-13 04:00:00+00:00,2025-06-13 05:00:00+00:00
2025-06-16,2025-06-16 01:30:00+00:00,2025-06-16 08:00:00+00:00,2025-06-16 01:00:00+00:00,2025-06-16 08:15:00+00:00,2025-06-16 04:00:00+00:00,2025-06-16 05:00:00+00:00
2025-06-17,2025-06-17 01:30:00+00:00,2025-06-17 08:00:00+00:00,2025-06-17 01:00:00+00:00,2025-06-17 08:15:00+00:00,2025-06-17 04:00:00+00:00,2025-06-17 05:00:00+00:00
2025-06-18,2025-06-18 01:30:00+00:00,2025-06-18 08:00:00+00:00,2025-06-18 01:00:00+00:00,2025-06-18 08:15:00+00:00,2025-06-18 04:00:00+00:00,2025-06-18 05:00:00+00:00
2025-06-19,2025-06-19 01:30:00+00:00,2025-06-19 08:00:00+00:00,2025-06-19 01:00:00+00:00,2025-06-19 08:15:00+00:00,2025-06-19 04:00:00+00:00,2025-06-19 05:00:00+00:00
2025-06-20,2025-06-20 01:30:00+00:00,2025-06-20 08:00:00+00:00,2025-06-20 01:00:00+00:00,2025-06-20 08:15:00+00:00,2025-06-20 04:00:00+00:00,2025-06-20 05:00:00+00:00
2025-06-23,2025-06-23 01:30:00+00:00,2025-06-23 08:00:00+00:00,2025-06-23 01:00:00+00:00,2025-06-23 08:15:00+00:00,2025-06-23 04:00:00+00:00,2025-06-23 05:00:00+00:00
2025-06-24,2025-06-24 01:30:00+00:00,2025-06-24 08:00:00+00:00,2025-06-24 01:00:00+00:00,2025-06-24 08:15:00+00:00,2025-06-24 04:00:00+00:00,2025-06-24 05:00:00+00:00
2025-06-25,2025-06-25 01:30:00+00:00,2025-06-25 08:00:00+00:00,2025-06-25 01:00:00+00:00,2025-06-25 08:15:00+00:00,2025-06-25 04:00:00+00:00,2025-06-25 05:00:00+00:00
2025-06-26,2025-06-26 01:30:00+00:00,2025-06-26 08:00:00+00:00,2025-06-26 01:00:00+00:00,2025-06-26 08:15:00+00:00,2025-06-26 04:00:00+00:00,2025-06-26 05:00:00+00:00
2025-06-27,2025-06-27 01:30:00+00:00,2025-06-27 08:00:00+00:00,2025-06-27 01:00:00+00:00,2025-06-27 08:15:00+00:00,2025-06-27 04:00:00+00:00,2025-06-27 05:00:00+00:00
2025-06-30,2025-06-30 01:30:00+00:00,2025-06-30 08:00:00+00:00,2025-06-30 01:00:00+00:00,2025-06-30 08:15:00+00:00,2025-06-30 04:00:00+00:00,2025-06-30 05:00:00+00:00
2025-07-02,2025-07-02 01:30:00+00:00,2025-07-02 08:00:00+00:00,2025-07-02 01:00:00+00:00,2025-07-02 08:15:00+00:00,2025-07-02 04:00:00+00:00,2025-07-02 05:00:00+00:00
2025-07-03,2025-07-03 01:30:00+00:00,2025-07-03 08:00:00+00:00,2025-07-03 01:00:00+00:00,2025-07-03 08:15:00+00:00,2025-07-03 04:00:00+00:00,2025-07-03 05:00:00+00:00
2025-07-04,2025-07-04 01:30:00+00:00,2025-07-04 08:00:00+00:00,2025-07-04 01:00:00+00:00,2025-07-04 08:15:00+00:00,2025-07-04 04:00:00+00:00,2025-07-04 05:00:00+00:00
2025-07-07,2025-07-07 01:30:00+00:00,2025-07-07 08:00:00+00:00,2025-07-07 01:00:00+00:00,2025-07-07 08:15:00+00:00,2025-07-07 04:00:00+00:00,2025-07-07 05:00:00+00:00
2025-07-08,2025-07-08 01:30:00+00:00,2025-07-08 08:00:00+00:00,2025-07-08 01:00:00+00:00,2025-07-08 08:15:00+00:00,2025-07-08 04:00:00+00:00,2025-07-08 05:00:00+00:00
2025-07-09,2025-07-09 01:30:00+00:00,2025-07-09 08:00:00+00:00,2025-07-09 01:00:00+00:00,2025-07-09 08:15:00+00:00,2025-07-09 04:00:00+00:00,2025-07-09 05:00:00+00:00
2025-07-10,2025-07-10 01:30:00+00:00,2025-07-10 08:00:00+00:00,2025-07-10 01:00:00+00:00,2025-07-10 08:15:00+00:00,2025-07-10 04:00:00+00:00,2025-07-10 05:00:00+00:00
2025-07-11,2025-07-11 01:30:00+00:00,2025-07-11 08:00:00+00:00,2025-07-11 01:00:00+00:00,2025-07-11 08:15:00+00:00,2025-07-11 04:00:00+00:00,2025-07-11 05:00:00+00:00
2025-07-14,2025-07-14 01:30:00+00:00,2025-07-14 08:00:00+00:00,2025-07-14 01:00:00+00:00,2025-07-14 08:15:00+00:00,2025-07-14 04:00:00+00:00,2025-07-14 05:00:00+00:00
2025-07-15,2025-07-15 01:30:00+00:00,2025-07-15 08:00:00+00:00,2025-07-15 01:00:00+00:00,2025-07-15 08:15:00+00:00,2025-07-15 04:00:00+00:00,2025-07-15 05:00:00+00:00
2025-07-16,2025-07-16 01:30:00+00:00,2025-07-16 08:00:00+00:00,2025-07-16 01:00:00+00:00,2025-07-16 08:15:00+00:00,2025-07-16 04:00:00+00:00,2025-07-16 05:00:00+00:00
2025-07-17,2025-07-17 01:30:00+00:00,2025-07-17 08:00:00+00:00,2025-07-17 01:00:00+00:00,2025-07-17 08:15:00+00:00,2025-07-17 04:00:00+00:00,2025-07-17 05:00:00+00:00
2025-07-18,2025-07-18 01:30:00+00:00,2025-07-18 08:00:00+00:00,2025-07-18 01:00:00+00:00,2025-07-18 08:15:00+00:00,2025-07-18 04:00:00+00:00,2025-07-18 05:00:00+00:00
2025-07-21,2025-07-21 01:30:00+00:00,2025-07-21 08:00:00+00:00,2025-07-21 01:00:00+00:00,2025-07-21 08:15:00+00:00,2025-07-21 04:00:00+00:00,2025-07-21 05:00:00+00:00
2025-07-22,2025-07-22 01:30:00+00:00,2025-07-22 08:00:00+00:00,2025-07-22 01:00:00+00:00,2025-07-22 08:15:00+00:00,2025-07-22 04:00:00+00:00,2025-07-22 05:00:00+00:00
2025-07-23,2025-07-23 01:30:00+00:00,2025-07-23 08:00:00+00:00,2025-07-23 01:00:00+00:00,2025-07-23 08:15:00+00:00,2025-07-23 04:00:00+00:00,2025-07-23 05:00:00+00:00
2025-07-24,2025-07-24 01:30:00+00:00,2025-07-24 08:00:00+00:00,2025-07-24 01:00:00+00:00,2025-07-24 08:15:00+00:00,2025-07-24 04:00:00+00:00,2025-07-24 05:00:00+00:00
2025-07-25,2025-07-25 01:30:00+00:00,2025-07-25 08:00:00+00:00,2025-07-25 01:00:00+00:00,2025-07-25 08:15:00+00:00,2025-07-25 04:00:00+00:00,2025-07-25 05:00:00+00:00
2025-07-28,2025-07-28 01:30:00+00:00,2025-07-28 08:00:00+00:00,2025-07-28 01:00:00+00:00,2025-07-28 08:15:00+00:00,2025-07-28 04:00:00+00:00,2025-07-28 05:00:00+00:00
2025-07-29,2025-07-29 01:30:00+00:00,2025-07-29 08:00:00+00:00,2025-07-29 01:00:00+00:00,2025-07-29 08:15:00+00:00,2025-07-29 04:00:00+00:00,2025-07-29 05:00:00+00:00
2025-07-30,2025-07-30 01:30:00+00:00,2025-07-30 08:00:00+00:00,2025-07-30 01:00:00+00:00,2025-07-30 08:15:00+00:00,2025-07-30 04:00:00+00:00,2025-07-30 05:00:00+00:00
2025-07-31,2025-07-31 01:30:00+00:00,2025-07-31 08:00:00+00:00,2025-07-31 01:00:00+00:00,2025-07-31 08:15:00+00:00,2025-07-31 04:00:00+00:00,2025-07-31 05:00:00+00:00
2025-08-01,2025-08-01 01:30:00+00:00,2025-08-01 08:00:00+00:00,2025-08-01 01:00:00+00:00,2025-08-01 08:15:00+00:00,2025-08-01 04:00:00+00:00,2025-08-01 05:00:00+00:00
2025-08-04,2025-08-04 01:30:00+00:00,2025-08-04 08:00:00+00:00,2025-08-04 01:00:00+00:00,2025-08-04 08:15:00+00:00,2025-08-04 04:00:00+00:00,2025-08-04 05:00:00+00:00
2025-08-05,2025-08-05 01:30:00+00:00,2025-08-05 08:00:00+00:00,2025-08-05 01:00:00+00:00,2025-08-05 08:15:00+00:00,2025-08-05 04:00:00+00:00,2025-08-05 05:00:00+00:00
2025-08-06,2025-08-06 01:30:00+00:00,2025-08-06 08:00:00+00:00,2025-08-06 01:00:00+00:00,2025-08-06 08:15:00+00:00,2025-08-06 04:00:00+00:00,2025-08-06 05:00:00+00:00
2025-08-07,2025-08-07 01:30:00+00:00,2025-08-07 08:00:00+00:00,2025-08-07 01:00:00+00:00,2025-08-07 08:15:00+00:00,2025-08-07 04:00:00+00:00,2025-08-07 05:00:00+00:00
2025-08-08,2025-08-08 01:30:00+00:00,2025-08-08 08:00:00+00:00,2025-08-08 01:00:00+00:00,2025-08-08 08:15:00+00:00,2025-08-08 04:00:00+00:00,2025-08-08 05:00:00+00:00
2025-08-11,2025-08-11 01:30:00+00:00,2025-08-11 08:00:00+00:00,2025-08-11 01:00:00+00:00,2025-08-11 08:15:00+00:00,2025-08-11 04:00:00+00:00,2025-08-11 05:00:00+00:00
2025-08-12,2025-08-12 01:30:00+00:00,2025-08-12 08:00:00+00:00,2025-08-12 01:00:00+00:00,2025-08-12 08:15:00+00:00,2025-08-12 04:00:00+00:00,2025-08-12 05:00:00+00:00
2025-08-13,2025-08-13 01:30:00+00:00,2025-08-13 08:00:00+00:00,2025-08-13 01:00:00+00:00,2025-08-13 08:15:00+00:00,2025-08-13 04:00:00+00:00,2025-08-13 05:00:00+00:00
2025-08-14,2025-08-14 01:30:00+00:00,2025-08-14 08:00:00+00:00,2025-08-14 01:00:00+00:00,2025-08-14 08:15:00+00:00,2025-08-14 04:00:00+00:00,2025-08-14 05:00:00+00:00
2025-08-15,2025-08-15 01:30:00+00:00,2025-08-15 08:00:00+00:00,2025-08-15 01:00:00+00:00,2025-08-15 08:15:00+00:00,2025-08-15 04:00:00+00:00,2025-08-15 05:00:00+00:00
2025-08-18,2025-08-18 01:30:00+00:00,2025-08-18 08:00:00+00:00,2025-08-18 01:00:00+00:00,2025-08-18 08:15:00+00:00,2025-08-18 04:00:00+00:00,2025-08-18 05:00:00+00:00
2025-08-19,2025-08-19 01:30:00+00:00,2025-08-19 08:00:00+00:00,2025-08-19 01:00:00+00:00,2025-08-19 08:15:00+00:00,2025-08-19 04:00:00+00:00,2025-08-19 05:00:00+00:00
2025-08-20,2025-08-20 01:30:00+00:00,2025-08-20 08:00:00+00:00,2025-08-20 01:00:00+00:00,2025-08-20 08:15:00+00:00,2025-08-20 04:00:00+00:00,2025-08-20 05:00:00+00:00
2025-08-21,2025-08-21 01:30:00+00:00,2025-08-21 08:00:00+00:00,2025-08-21 01:00:00+00:00,2025-08-21 08:15:00+00:00,2025-08-21 04:00:00+00:00,2025-08-21 05:00:00+00:00
2025-08-22,2025-08-22 01:30:00+00:00,2025-08-22 08:00:00+00:00,2025-08-22 01:00:00+00:00,2025-08-22 08:15:00+00:00,2025-08-22 04:00:00+00:00,2025-08-22 05:00:00+00:00
2025-08-25,2025-08-25 01:30:00+00:00,2025-08-25 08:00:00+00:00,2025-08-25 01:00:00+00:00,2025-08-25 08:15:00+00:00,2025-08-25 04:00:00+00:00,2025-08-25 05:00:00+00:00
2025-08-26,2025-08-26 01:30:00+00:00,2025-08-26 08:00:00+00:00,2025-08-26 01:00:00+00:00,2025-08-26 08:15:00+00:00,2025-08-26 04:00:00+00:00,2025-08-26 05:00:00+00:00
2025-08-27,2025-08-27 01:30:00+00:00,2025-08-27 08:00:00+00:00,2025-08-27 01:00:00+00:00,2025-08-27 08:15:00+00:00,2025-08-27 04:00:00+00:00,2025-08-27 05:00:00+00:00
2025-08-28,2025-08-28 01:30:00+00:00,2025-08-28 08:00:00+00:00,2025-08-28 01:00:00+00:00,2025-08-28 08:15:00+00:00,2025-08-28 04:00:00+00:00,2025-08-28 05:00:00+00:00
2025-08-29,2025-08-29 01:30:00+00:00,2025-08-29 08:00:00+00:00,2025-08-29 01:00:00+00:00,2025-08-29 08:15:00+00:00,2025-08-29 04:00:00+00:00,2025-08-29 05:00:00+00:00
2025-09-01,2025-09-01 01:30:00+00:00,2025-09-01 08:00:00+00:00,2025-09-01 01:00:00+00:00,2025-09-01 08:15:00+00:00,2025-09-01 04:00:00+00:00,2025-09-01 05:00:00+00:00
2025-09-02,2025-09-02 01:30:00+00:00,2025-09-02 08:00:00+00:00,2025-09-02 01:00:00+00:00,2025-09-02 08:15:00+00:00,2025-09-02 04:00:00+00:00,2025-09-02 05:00:00+00:00
2025-09-03,2025-09-03 01:30:00+00:00,2025-09-03 08:00:00+00:00,2025-09-03 01:00:00+00:00,2025-09-03 08:15:00+00:00,2025-09-03 04:00:00+00:00,2025-09-03 05:00:00+00:00
2025-09-04,2025-09-04 01:30:00+00:00,2025-09-04 08:00:00+00:00,2025-09-04 01:00:00+00:00,2025-09-04 08:15:00+00:00,2025-09-04 04:00:00+00:00,2025-09-04 05:00:00+00:00
2025-09-05,2025-09-05 01:30:00+00:00,2025-09-05 08:00:00+00:00,2025-09-05 01:00:00+00:00,2025-09-05 08:15:00+00:00,2025-09-05 04:00:00+00:00,2025-09-05 05:00:00+00:00
2025-09-08,2025-09-08 01:30:00+00:00,2025-09-08 08:00:00+00:00,2025-09-08 01:00:00+00:00,2025-09-08 08:15:00+00:00,2025-09-08 04:00:00+00:00,2025-09-08 05:00:00+00:00
2025-09-09,2025-09-09 01:30:00+00:00,2025-09-09 08:00:00+00:00,2025-09-09 01:00:00+00:00,2025-09-09 08:15:00+00:00,2025-09-09 04:00:00+00:00,2025-09-09 05:00:00+00:00
2025-09-10,2025-09-10 01:30:00+00:00,2025-09-10 08:00:00+00:00,2025-09-10 01:00:00+00:00,2025-09-10 08:15:00+00:00,2025-09-10 04:00:00+00:00,2025-09-10 05:00:00+00:00
2025-09-11,2025-09-11 01:30:00+00:00,2025-09-11 08:00:00+00:00,2025-09-11 01:00:00+00:00,2025-09-11 08:15:00+00:00,2025-09-11 04:00:00+00:00,2025-09-11 05:00:00+00:00
2025-09-12,2025-09-12 01:30:00+00:00,2025-09-12 08:00:00+00:00,2025-09-12 01:00:00+00:00,2025-09-12 08:15:00+00:00,2025-09-12 04:00:00+00:00,2025-09-12 05:00:00+00:00
2025-09-15,2025-09-15 01:30:00+00:00,2025-09-15 08:00:00+00:00,2025-09-15 01:00:00+00:00,2025-09-15 08:15:00+00:00,2025-09-15 04:00:00+00:00,2025-09-15 05:00:00+00:00
2025-09-16,2025-09-16 01:30:00+00:00,2025-09-16 08:00:00+00:00,2025-09-16 01:00:00+00:00,2025-09-16 08:15:00+00:00,2025-09-16 04:00:00+00:00,2025-09-16 05:00:00+00:00
2025-09-17,2025-09-17 01:30:00+00:00,2025-09-17 08:00:00+00:00,2025-09-17 01:00:00+00:00,2025-09-17 08:15:00+00:00,2025-09-17 04:00:00+00:00,2025-09-17 05:00:00+00:00
2025-09-18,2025-09-18 01:30:00+00:00,2025-09-18 08:00:00+00:00,2025-09-18 01:00:00+00:00,2025-09-18 08:15:00+00:00,2025-09-18 04:00:00+00:00,2025-09-18 05:00:00+00:00
2025-09-19,2025-09-19 01:30:00+00:00,2025-09-19 08:00:00+00:00,2025-09-19 01:00:00+00:00,2025-09-19 08:15:00+00:00,2025-09-19 04:00:00+00:00,2025-09-19 05:00:00+00:00
2025-09-22,2025-09-22 01:30:00+00:00,2025-09-22 08:00:00+00:00,2025-09-22 01:00:00+00:00,2025-09-22 08:15:00+00:00,2025-09-22 04:00:00+00:00,2025-09-22 05:00:00+00:00
2025-09-23,2025-09-23 01:30:00+00:00,2025-09-23 08:00:00+00:00,2025-09-23 01:00:00+00:00,2025-09-23 08:15:00+00:00,2025-09-23 04:00:00+00:00,2025-09-23 05:00:00+00:00
2025-09-24,2025-09-24 01:30:00+00:00,2025-09-24 08:00:00+00:00,2025-09-24 01:00:00+00:00,2025-09-24 08:15:00+00:00,2025-09-24 04:00:00+00:00,2025-09-24 05:00:00+00:00
2025-09-25,2025-09-25 01:30:00+00:00,2025-09-25 08:00:00+00:00,2025-09-25 01:00:00+00:00,2025-09-25 08:15:00+00:00,2025-09-25 04:00:00+00:00,2025-09-25 05:00:00+00:00
2025-09-26,2025-09-26 01:30:00+00:00,2025-09-26 08:00:00+00:00,2025-09-26 01:00:00+00:00,2025-09-26 08:15:00+00:00,2025-09-26 04:00:00+00:00,2025-09-26 05:00:00+00:00
2025-09-29,2025-09-29 01:30:00+00:00,2025-09-29 08:00:00+00:00,2025-09-29 01:00:00+00:00,2025-09-29 08:15:00+00:00,2025-09-29 04:00:00+00:00,2025-09-29 05:00:00+00:00
2025-09-30,2025-09-30 01:30:00+00:00,2025-09-30 08:00:00+00:00,2025-09-30 01:00:00+00:00,2025-09-30 08:15:00+00:00,2025-09-30 04:00:00+00:00,2025-09-30 05:00:00+00:00
2025-10-02,2025-10-02 01:30:00+00:00,2025-10-02 08:00:00+00:00,2025-10-02 01:00:00+00:00,2025-10-02 08:15:00+00:00,2025-10-02 04:00:00+00:00,2025-10-02 05:00:00+00:00
2025-10-03,2025-10-03 01:30:00+00:00,2025-10-03 08:00:00+00:00,2025-10-03 01:00:00+00:00,2025-10-03 08:15:00+00:00,2025-10-03 04:00:00+00:00,2025-10-03 05:00:00+00:00
2025-10-06,2025-10-06 01:30:00+00:00,2025-10-06 08:00:00+00:00,2025-10-06 01:00:00+00:00,2025-10-06 08:15:00+00:00,2025-10-06 04:00:00+00:00,2025-10-06 05:00:00+00:00
2025-10-08,2025-10-08 01:30:00+00:00,2025-10-08 08:00:00+00:00,2025-10-08 01:00:00+00:00,2025-10-08 08:15:00+00:00,2025-10-08 04:00:00+00:00,2025-10-08 05:00:00+00:00
2025-10-09,2025-10-09 01:30:00+00:00,2025-10-09 08:00:00+00:00,2025-10-09 01:00:00+00:00,2025-10-09 08:15:00+00:00,2025-10-09 04:00:00+00:00,2025-10-09 05:00:00+00:00
2025-10-10,2025-10-10 01:30:00+00:00,2025-10-10 08:00:00+00:00,2025-10-10 01:00:00+00:00,2025-10-10 08:15:00+00:00,2025-10-10 04:00:00+00:00,2025-10-10 05:00:00+00:00
2025-10-13,2025-10-13 01:30:00+00:00,2025-10-13 08:00:00+00:00,2025-10-13 01:00:00+00:00,2025-10-13 08:15:00+00:00,2025-10-13 04:00:00+00:00,2025-10-13 05:00:00+00:00
2025-10-14,2025-10-14 01:30:00+00:00,2025-10-14 08:00:00+00:00,2025-10-14 01:00:00+00:00,2025-10-14 08:15:00+00:00,2025-10-14 04:00:00+00:00,2025-10-14 05:00:00+00:00
2025-10-15,2025-10-15 01:30:00+00:00,2025-10-15 08:00:00+00:00,2025-10-15 01:00:00+00:00,2025-10-15 08:15:00+00:00,2025-10-15 04:00:00+00:00,2025-10-15 05:00:00+00:00
2025-10-16,2025-10-16 01:30:00+00:00,2025-10-16 08:00:00+00:00,2025-10-16 01:00:00+00:00,2025-10-16 08:15:00+00:00,2025-10-16 04:00:00+00:00,2025-10-16 05:00:00+00:00
2025-10-17,2025-10-17 01:30:00+00:00,2025-10-17 08:00:00+00:00,2025-10-17 01:00:00+00:00,2025-10-17 08:15:00+00:00,2025-10-17 04:00:00+00:00,2025-10-17 05:00:00+00:00
2025-10-20,2025-10-20 01:30:00+00:00,2025-10-20 08:00:00+00:00,2025-10-20 01:00:00+00:00,2025-10-20 08:15:00+00:00,2025-10-20 04:00:00+00:00,2025-10-20 05:00:00+00:00
2025-10-21,2025-10-21 01:30:00+00:00,2025-10-21 08:00:00+00:00,2025-10-21 01:00:00+00:00,2025-10-21 08:15:00+00:00,2025-10-21 04:00:00+00:00,2025-10-21 05:00:00+00:00
2025-10-22,2025-10-22 01:30:00+00:00,2025-10-22 08:00:00+00:00,2025-10-22 01:00:00+00:00,2025-10-22 08:15:00+00:00,2025-10-22 04:00:00+00:00,2025-10-22 05:00:00+00:00
2025-10-23,2025-10-23 01:30:00+00:00,2025-10-23 08:00:00+00:00,2025-10-23 01:00:00+00:00,2025-10-23 08:15:00+00:00,2025-10-23 04:00:00+00:00,2025-10-23 05:00:00+00:00
2025-10-24,2025-10-24 01:30:00+00:00,2025-10-24 08:00:00+00:00,2025-10-24 01:00:00+00:00,2025-10-24 08:15:00+00:00,2025-10-24 04:00:00+00:00,2025-10-24 05:00:00+00:00
2025-10-27,2025-10-27 01:30:00+00:00,2025-10-27 08:00:00+00:00,2025-10-27 01:00:00+00:00,2025-10-27 08:15:00+00:00,2025-10-27 04:00:00+00:00,2025-10-27 05:00:00+00:00
2025-10-28,2025-10-28 01:30:00+00:00,2025-10-28 08:00:00+00:00,2025-10-28 01:00:00+00:00,2025-10-28 08:15:00+00:00,2025-10-28 04:00:00+00:00,2025-10-28 05:00:00+00:00
2025-10-30,2025-10-30 01:30:00+00:00,2025-10-30 08:00:00+00:00,2025-10-30 01:00:00+00:00,2025-10-30 08:15:00+00:00,2025-10-30 04:00:00+00:00,2025-10-30 05:00:00+00:00
2025-10-31,2025-10-31 01:30:00+00:00,2025-10-31 08:00:00+00:00,2025-10-31 01:00:00+00:00,2025-10-31 08:15:00+00:00,2025-10-31 04:00:00+00:00,2025-10-31 05:00:00+00:00
2025-11-03,2025-11-03 01:30:00+00:00,2025-11-03 08:00:00+00:00,2025-11-03 01:00:00+00:00,2025-11-03 08:15:00+00:00,2025-11-03 04:00:00+00:00,2025-11-03 05:00:00+00:00
2025-11-04,2025-11-04 01:30:00+00:00,2025-11-04 08:00:00+00:00,2025-11-04 01:00:00+00:00,2025-11-04 08:15:00+00:00,2025-11-04 04:00:00+00:00,2025-11-04 05:00:00+00:00
2025-11-05,2025-11-05 01:30:00+00:00,2025-11-05 08:00:00+00:00,2025-11-05 01:00:00+00:00,2025-11-05 08:15:00+00:00,2025-11-05 04:00:00+00:00,2025-11-05 05:00:00+00:00
2025-11-06,2025-11-06 01:30:00+00:00,2025-11-06 08:00:00+00:00,2025-11-06 01:00:00+00:00,2025-11-06 08:15:00+00:00,2025-11-06 04:00:00+00:00,2025-11-06 05:00:00+00:00
2025-11-07,2025-11-07 01:30:00+00:00,2025-11-07 08:00:00+00:00,2025-11-07 01:00:00+00:00,2025-11-07 08:15:00+00:00,2025-11-07 04:00:00+00:00,2025-11-07 05:00:00+00:00
2025-11-10,2025-11-10 01:30:00+00:00,2025-11-10 08:00:00+00:00,2025-11-10 01:00:00+00:00,2025-11-10 08:15:00+00:00,2025-11-10 04:00:00+00:00,2025-11-10 05:00:00+00:00
2025-11-11,2025-11-11 01:30:00+00:00,2025-11-11 08:00:00+00:00,2025-11-11 01:00:00+00:00,2025-11-11 08:15:00+00:00,2025-11-11 04:00:00+00:00,2025-11-11 05:00:00+00:00
2025-11-12,2025-11-12 01:30:00+00:00,2025-11-12 08:00:00+00:00,2025-11-12 01:00:00+00:00,2025-11-12 08:15:00+00:00,2025-11-12 04:00:00+00:00,2025-11-12 05:00:00+00:00
2025-11-13,2025-11-13 01:30:00+00:00,2025-11-13 08:00:00+00:00,2025-11-13 01:00:00+00:00,2025-11-13 08:15:00+00:00,2025-11-13 04:00:00+00:00,2025-11-13 05:00:00+00:00
2025-11-14,2025-11-14 01:30:00+00:00,2025-11-14 08:00:00+00:00,2025-11-14 01:00:00+00:00,2025-11-14 08:15:00+00:00,2025-11-14 04:00:00+00:00,2025-11-14 05:00:00+00:00
2025-11-17,2025-11-17 01:30:00+00:00,2025-11-17 08:00:00+00:00,2025-11-17 01:00:00+00:00,2025-11-17 08:15:00+00:00,2025-11-17 04:00:00+00:00,2025-11-17 05:00:00+00:00
2025-11-18,2025-11-18 01:30:00+00:00,2025-11-18 08:00:00+00:00,2025-11-18 01:00:00+00:00,2025-11-18 08:15:00+00:00,2025-11-18 04:00:00+00:00,2025-11-18 05:00:00+00:00
2025-11-19,2025-11-19 01:30:00+00:00,2025-11-19 08:00:00+00:00,2025-11-19 01:00:00+00:00,2025-11-19 08:15:00+00:00,2025-11-19 04:00:00+00:00,2025-11-19 05:00:00+00:00
2025-11-20,2025-11-20 01:30:00+00:00,2025-11-20 08:00:00+00:00,2025-11-20 01:00:00+00:00,2025-11-20 08:15:00+00:00,2025-11-20 04:00:00+00:00,2025-11-20 05:00:00+00:00
2025-11-21,2025-11-21 01:30:00+00:00,2025-11-21 08:00:00+00:00,2025-11-21 01:00:00+00:00,2025-11-21 08:15:00+00:00,2025-11-21 04:00:00+00:00,2025-11-21 05:00:00+00:00
2025-11-24,2025-11-24 01:30:00+00:00,2025-11-24 08:00:00+00:00,2025-11-24 01:00:00+00:00,2025-11-24 08:15:00+00:00,2025-11-24 04:00:00+00:00,2025-11-24 05:00:00+00:00
2025-11-25,2025-11-25 01:30:00+00:00,2025-11-25 08:00:00+00:00,2025-11-25 01:00:00+00:00,2025-11-25 08:15:00+00:00,2025-11-25 04:00:00+00:00,2025-11-25 05:00:00+00:00
2025-11-26,2025-11-26 01:30:00+00:00,2025-11-26 08:00:00+00:00,2025-11-26 01:00:00+00:00,2025-11-26 08:15:00+00:00,2025-11-26 04:00:00+00:00,2025-11-26 05:00:00+00:00
2025-11-27,2025-11-27 01:30:00+00:00,2025-11-27 08:00:00+00:00,2025-11-27 01:00:00+00:00,2025-11-27 08:15:00+00:00,2025-11-27 04:00:00+00:00,2025-11-27 05:00:00+00:00
2025-11-28,2025-11-28 01:30:00+00:00,2025-11-28 08:00:00+00:00,2025-11-28 01:00:00+00:00,2025-11-28 08:15:00+00:00,2025-11-28 04:00:00+00:00,2025-11-28 05:00:00+00:00
2025-12-01,2025-12-01 01:30:00+00:00,2025-12-01 08:00:00+00:00,2025-12-01 01:00:00+00:00,2025-12-01 08:15:00+00:00,2025-12-01 04:00:00+00:00,2025-12-01 05:00:00+00:00
2025-12-02,2025-12-02 01:30:00+00:00,2025-12-02 08:00:00+00:00,2025-12-02 01:00:00+00:00,2025-12-02 08:15:00+00:00,2025-12-02 04:00:00+00:00,2025-12-02 05:00:00+00:00
2025-12-03,2025-12-03 01:30:00+00:00,2025-12-03 08:00:00+00:00,2025-12-03 01:00:00+00:00,2025-12-03 08:15:00+00:00,2025-12-03 04:00:00+00:00,2025-12-03 05:00:00+00:00
2025-12-04,2025-12-04 01:30:00+00:00,2025-12-04 08:00:00+00:00,2025-12-04 01:00:00+00:00,2025-12-04 08:15:00+00:00,2025-12-04 04:00:00+00:00,2025-12-04 05:00:00+00:00
2025-12-05,2025-12-05 01:30:00+00:00,2025-12-05 08:00:00+00:00,2025-12-05 01:00:00+00:00,2025-12-05 08:15:00+00:00,2025-12-05 04:00:00+00:00,2025-12-05 05:00:00+00:00
2025-12-08,2025-12-08 01:30:00+00:00,2025-12-08 08:00:00+00:00,2025-12-08 01:00:00+00:00,2025-12-08 08:15:00+00:00,2025-12-08 04:00:00+00:00,2025-12-08 05:00:00+00:00
2025-12-09,2025-12-09 01:30:00+00:00,2025-12-09 08:00:00+00:00,2025-12-09 01:00:00+00:00,2025-12-09 08:15:00+00:00,2025-12-09 04:00:00+00:00,2025-12-09 05:00:00+00:00
2025-12-10,2025-12-10 01:30:00+00:00,2025-12-10 08:00:00+00:00,2025-12-10 01:00:00+00:00,2025-12-10 08:15:00+00:00,2025-12-10 04:00:00+00:00,2025-12-10 05:00:00+00:00
2025-12-11,2025-12-11 01:30:00+00:00,2025-12-11 08:00:00+00:00,2025-12-11 01:00:00+00:00,2025-12-11 08:15:00+00:00,2025-12-11 04:00:00+00:00,2025-12-11 05:00:00+00:00
2025-12-12,2025-12-12 01:30:00+00:00,2025-12-12 08:00:00+00:00,2025-12-12 01:00:00+00:00,2025-12-12 08:15:00+00:00,2025-12-12 04:00:00+00:00,2025-12-12 05:00:00+00:00
2025-12-15,2025-12-15 01:30:00+00:00,2025-12-15 08:00:00+00:00,2025-12-15 01:00:00+00:00,2025-12-15 08:15:00+00:00,2025-12-15 04:00:00+00:00,2025-12-15 05:00:00+00:00
2025-12-16,2025-12-16 01:30:00+00:00,2025-12-16 08:00:00+00:00,2025-12-16 01:00:00+00:00,2025-12-16 08:15:00+00:00,2025-12-16 04:00:00+00:00,2025-12-16 05:00:00+00:00
2025-12-17,2025-12-17 01:30:00+00:00,2025-12-17 08:00:00+00:00,2025-12-17 01:00:00+00:00,2025-12-17 08:15:00+00:00,2025-12-17 04:00:00+00:00,2025-12-17 05:00:00+00:00
2025-12-18,2025-12-18 01:30:00+00:00,2025-12-18 08:00:00+00:00,2025-12-18 01:00:00+00:00,2025-12-18 08:15:00+00:00,2025-12-18 04:00:00+00:00,2025-12-18 05:00:00+00:00
2025-12-19,2025-12-19 01:30:00+00:00,2025-12-19 08:00:00+00:00,2025-12-19 01:00:00+00:00,2025-12-19 08:15:00+00:00,2025-12-19 04:00:00+00:00,2025-12-19 05:00:00+00:00
2025-12-22,2025-12-22 01:30:00+00:00,2025-12-22 08:00:00+00:00,2025-12-22 01:00:00+00:00,2025-12-22 08:15:00+00:00,2025-12-22 04:00:00+00:00,2025-12-22 05:00:00+00:00
2025-12-23,2025-12-23 01:30:00+00:00,2025-12-23 08:00:00+00:00,2025-12-23 01:00:00+00:00,2025-12-23 08:15:00+00:00,2025-12-23 04:00:00+00:00,2025-12-23 05:00:00+00:00
2025-12-24,2025-12-24 01:30:00+00:00,2025-12-24 04:00:00+00:00,2025-12-24 01:00:00+00:00,2025-12-24 04:15:00+00:00,,
2025-12-29,2025-12-29 01:30:00+00:00,2025-12-29 08:00:00+00:00,2025-12-29 01:00:00+00:00,2025-12-29 08:15:00+00:00,2025-12-29 04:00:00+00:00,2025-12-29 05:00:00+00:00
2025-12-30,2025-12-30 01:30:00+00:00,2025-12-30 08:00:00+00:00,2025-12-30 01:00:00+00:00,2025-12-30 08:15:00+00:00,2025-12-30 04:00:00+00:00,2025-12-30 05:00:00+00:00
2025-12-31,2025-12-31 01:30:00+00:00,2025-12-31 04:00:00+00:00,2025-12-31 01:00:00+00:00,2025-12-31 04:15:00+00:00,,
2026-01-02,2026-01-02 01:30:00+00:00,2026-01-02 08:00:00+00:00,2026-01-02 01:00:00+00:00,2026-01-02 08:15:00+00:00,2026-01-02 04:00:00+00:00,2026-01-02 05:00:00+00:00
2026-01-05,2026-01-05 01:30:00+00:00,2026-01-05 08:00:00+00:00,2026-01-05 01:00:00+00:00,2026-01-05 08:15:00+00:00,2026-01-05 04:00:00+00:00,2026-01-05 05:00:00+00:00
2026-01-06,2026-01-06 01:30:00+00:00,2026-01-06 08:00:00+00:00,2026-01-06 01:00:00+00:00,2026-01-06 08:15:00+00:00,2026-01-06 04:00:00+00:00,2026-01-06 05:00:00+00:00
2026-01-07,2026-01-07 01:30:00+00:00,2026-01-07 08:00:00+00:00,2026-01-07 01:00:00+00:00,2026-01-07 08:15:00+00:00,2026-01-07 04:00:00+00:00,2026-01-07 05:00:00+00:00
2026-01-08,2026-01-08 01:30:00+00:00,2026-01-08 08:00:00+00:00,2026-01-08 01:00:00+00:00,2026-01-08 08:15:00+00:00,2026-01-08 04:00:00+00:00,2026-01-08 05:00:00+00:00
2026-01-09,2026-01-09 01:30:00+00:00,2026-01-09 08:00:00+00:00,2026-01-09 01:00:00+00:00,2026-01-09 08:15:00+00:00,2026-01-09 04:00:00+00:00,2026-01-09 05:00:00+00:00
2026-01-12,2026-01-12 01:30:00+00:00,2026-01-12 08:00:00+00:00,2026-01-12 01:00:00+00:00,2026-01-12 08:15:00+00:00,2026-01-12 04:00:00+00:00,2026-01-12 05:00:00+00:00
2026-01-13,2026-01-13 01:30:00+00:00,2026-01-13 08:00:00+00:00,2026-01-13 01:00:00+00:00,2026-01-13 08:15:00+00:00,2026-01-13 04:00:00+00:00,2026-01-13 05:00:00+00:00
2026-01-14,2026-01-14 01:30:00+00:00,2026-01-14 08:00:00+00:00,2026-01-14 01:00:00+00:00,2026-01-14 08:15:00+00:00,2026-01-14 04:00:00+00:00,2026-01-14 05:00:00+00:00
2026-01-15,2026-01-15 01:30:00+00:00,2026-01-15 08:00:00+00:00,2026-01-15 01:00:00+00:00,2026-01-15 08:15:00+00:00,2026-01-15 04:00:00+00:00,2026-01-15 05:00:00+00:00
2026-01-16,2026-01-16 01:30:00+00:00,2026-01-16 08:00:00+00:00,2026-01-16 01:00:00+00:00,2026-01-16 08:15:00+00:00,2026-01-16 04:00:00+00:00,2026-01-16 05:00:00+00:00
2026-01-19,2026-01-19 01:30:00+00:00,2026-01-19 08:00:00+00:00,2026-01-19 01:00:00+00:00,2026-01-19 08:15:00+00:00,2026-01-19 04:00:00+00:00,2026-01-19 05:00:00+00:00
2026-01-20,2026-01-20 01:30:00+00:00,2026-01-20 08:00:00+00:00,2026-01-20 01:00:00+00:00,2026-01-20 08:15:00+00:00,2026-01-20 04:00:00+00:00,2026-01-20 05:00:00+00:00
2026-01-21,2026-01-21 01:30:00+00:00,2026-01-21 08:00:00+00:00,2026-01-21 01:00:00+00:00,2026-01-21 08:15:00+00:00,2026-01-21 04:00:00+00:00,2026-01-21 05:00:00+00:00
2026-01-22,2026-01-22 01:30:00+00:00,2026-01-22 08:00:00+00:00,2026-01-22 01:00:00+00:00,2026-01-22 08:15:00+00:00,2026-01-22 04:00:00+00:00,2026-01-22 05:00:00+00:00
2026-01-23,2026-01-23 01:30:00+00:00,2026-01-23 08:00:00+00:00,2026-01-23 01:00:00+00:00,2026-01-23 08:15:00+00:00,2026-01-23 04:00:00+00:00,2026-01-23 05:00:00+00:00
2026-01-26,2026-01-26 01:30:00+00:00,2026-01-26 08:00:00+00:00,2026-01-26 01:00:00+00:00,2026-01-26 08:15:00+00:00,2026-01-26 04:00:00+00:00,2026-01-26 05:00:00+00:00
2026-01-27,2026-01-27 01:30:00+00:00,2026-01-27 08:00:00+00:00,2026-01-27 01:00:00+00:00,2026-01-27 08:15:00+00:00,2026-01-27 04:00:00+00:00,2026-01-27 05:00:00+00:00
2026-01-28,2026-01-28 01:30:00+00:00,2026-01-28 08:00:00+00:00,2026-01-28 01:00:00+00:00,2026-01-28 08:15:00+00:00,2026-01-28 04:00:00+00:00,2026-01-28 05:00:00+00:00
2026-01-29,2026-01-29 01:30:00+00:00,2026-01-29 08:00:00+00:00,2026-01-29 01:00:00+00:00,2026-01-29 08:15:00+00:00,2026-01-29 04:00:00+00:00,2026-01-29 05:00:00+00:00
2026-01-30,2026-01-30 01:30:00+00:00,2026-01-30 08:00:00+00:00,2026-01-30 01:00:00+00:00,2026-01-30 08:15:00+00:00,2026-01-30 04:00:00+00:00,2026-01-30 05:00:00+00:00
2026-02-02,2026-02-02 01:30:00+00:00,2026-02-02 08:00:00+00:00,2026-02-02 01:00:00+00:00,2026-02-02 08:15:00+00:00,2026-02-02 04:00:00+00:00,2026-02-02 05:00:00+00:00
2026-02-03,2026-02-03 01:30:00+00:00,2026-02-03 08:00:00+00:00,2026-02-03 01:00:00+00:00,2026-02-03 08:15:00+00:00,2026-02-03 04:00:00+00:00,2026-02-03 05:00:00+00:00
2026-02-04,2026-02-04 01:30:00+00:00,2026-02-04 08:00:00+00:00,2026-02-04 01:00:00+00:00,2026-02-04 08:15:00+00:00,2026-02-04 04:00:00+00:00,2026-02-04 05:00:00+00:00
2026-02-05,2026-02-05 01:30:00+00:00,2026-02-05 08:00:00+00:00,2026-02-05 01:00:00+00:00,2026-02-05 08:15:00+00:00,2026-02-05 04:00:00+00:00,2026-02-05 05:00:00+00:00
2026-02-06,2026-02-06 01:30:00+00:00,2026-02-06 08:00:00+00:00,2026-02-06 01:00:00+00:00,2026-02-06 08:15:00+00:00,2026-02-06 04:00:00+00:00,2026-02-06 05:00:00+00:00
2026-02-09,2026-02-09 01:30:00+00:00,2026-02-09 08:00:00+00:00,2026-02-09 01:00:00+00:00,2026-02-09 08:15:00+00:00,2026-02-09 04:00:00+00:00,2026-02-09 05:00:00+00:00
2026-02-10,2026-02-10 01:30:00+00:00,2026-02-10 08:00:00+00:00,2026-02-10 01:00:00+00:00,2026-02-10 08:15:00+00:00,2026-02-10 04:00:00+00:00,2026-02-10 05:00:00+00:00
2026-02-11,2026-02-11 01:30:00+00:00,2026-02-11 08:00:00+00:00,2026-02-11 01:00:00+00:00,2026-02-11 08:15:00+00:00,2026-02-11 04:00:00+00:00,2026-02-11 05:00:00+00:00
2026-02-12,2026-02-12 01:30:00+00:00,2026-02-12 08:00:00+00:00,2026-02-12 01:00:00+00:00,2026-02-12 08:15:00+00:00,2026-02-12 04:00:00+00:00,2026-02-12 05:00:00+00:00
2026-02-13,2026-02-13 01:30:00+00:00,2026-02-13 08:00:00+00:00,2026-02-13 01:00:00+00:00,2026-02-13 08:15:00+00:00,2026-02-13 04:00:00+00:00,2026-02-13 05:00:00+00:00
2026-02-16,2026-02-16 01:30:00+00:00,2026-02-16 04:00:00+00:00,2026-02-16 01:00:00+00:00,2026-02-16 04:15:00+00:00,,
2026-02-20,2026-02-20 01:30:00+00:00,2026-02-20 08:00:00+00:00,2026-02-20 01:00:00+00:00,2026-02-20 08:15:00+00:00,2026-02-20 04:00:00+00:00,2026-02-20 05:00:00+00:00
2026-02-23,2026-02-23 01:30:00+00:00,2026-02-23 08:00:00+00:00,2026-02-23 01:00:00+00:00,2026-02-23 08:15:00+00:00,2026-02-23 04:00:00+00:00,2026-02-23 05:00:00+00:00
2026-02-24,2026-02-24 01:30:00+00:00,2026-02-24 08:00:00+00:00,2026-02-24 01:00:00+00:00,2026-02-24 08:15:00+00:00,2026-02-24 04:00:00+00:00,2026-02-24 05:00:00+00:00
2026-02-25,2026-02-25 01:30:00+00:00,2026-02-25 08:00:00+00:00,2026-02-25 01:00:00+00:00,2026-02-25 08:15:00+00:00,2026-02-25 04:00:00+00:00,2026-02-25 05:00:00+00:00
2026-02-26,2026-02-26 01:30:00+00:00,2026-02-26 08:00:00+00:00,2026-02-26 01:00:00+00:00,2026-02-26 08:15:00+00:00,2026-02-26 04:00:00+00:00,2026-02-26 05:00:00+00:00
2026-02-27,2026-02-27 01:30:00+00:00,2026-02-27 08:00:00+00:00,2026-02-27 01:00:00+00:00,2026-02-27 08:15:00+00:00,2026-02-27 04:00:00+00:00,2026-02-27 05:00:00+00:00
2026-03-02,2026-03-02 01:30:00+00:00,2026-03-02 08:00:00+00:00,2026-03-02 01:00:00+00:00,2026-03-02 08:15:00+00:00,2026-03-02 04:00:00+00:00,2026-03-02 05:00:00+00:00
2026-03-03,2026-03-03 01:30:00+00:00,2026-03-03 08:00:00+00:00,2026-03-03 01:00:00+00:00,2026-03-03 08:15:00+00:00,2026-03-03 04:00:00+00:00,2026-03-03 05:00:00+00:00
2026-03-04,2026-03-04 01:30:00+00:00,2026-03-04 08:00:00+00:00,2026-03-04 01:00:00+00:00,2026-03-04 08:15:00+00:00,2026-03-04 04:00:00+00:00,2026-03-04 05:00:00+00:00
2026-03-05,2026-03-05 01:30:00+00:00,2026-03-05 08:00:00+00:00,2026-03-05 01:00:00+00:00,2026-03-05 08:15:00+00:00,2026-03-05 04:00:00+00:00,2026-03-05 05:00:00+00:00
2026-03-06,2026-03-06 01:30:00+00:00,2026-03-06 08:00:00+00:00,2026-03-06 01:00:00+00:00,2026-03-06 08:15:00+00:00,2026-03-06 04:00:00+00:00,2026-03-06 05:00:00+00:00
2026-03-09,2026-03-09 01:30:00+00:00,2026-03-09 08:00:00+00:00,2026-03-09 01:00:00+00:00,2026-03-09 08:15:00+00:00,2026-03-09 04:00:00+00:00,2026-03-09 05:00:00+00:00
2026-03-10,2026-03-10 01:30:00+00:00,2026-03-10 08:00:00+00:00,2026-03-10 01:00:00+00:00,2026-03-10 08:15:00+00:00,2026-03-10 04:00:00+00:00,2026-03-10 05:00:00+00:00
2026-03-11,2026-03-11 01:30:00+00:00,2026-03-11 08:00:00+00:00,2026-03-11 01:00:00+00:00,2026-03-11 08:15:00+00:00,2026-03-11 04:00:00+00:00,2026-03-11 05:00:00+00:00
2026-03-12,2026-03-12 01:30:00+00:00,2026-03-12 08:00:00+00:00,2026-03-12 01:00:00+00:00,2026-03-12 08:15:00+00:00,2026-03-12 04:00:00+00:00,2026-03-12 05:00:00+00:00
2026-03-13,2026-03-13 01:30:00+00:00,2026-03-13 08:00:00+00:00,2026-03-13 01:00:00+00:00,2026-03-13 08:15:00+00:00,2026-03-13 04:00:00+00:00,2026-03-13 05:00:00+00:00
2026-03-16,2026-03-16 01:30:00+00:00,2026-03-16 08:00:00+00:00,2026-03-16 01:00:00+00:00,2026-03-16 08:15:00+00:00,2026-03-16 04:00:00+00:00,2026-03-16 05:00:00+00:00
2026-03-17,2026-03-17 01:30:00+00:00,2026-03-17 08:00:00+00:00,2026-03-17 01:00:00+00:00,2026-03-17 08:15:00+00:00,2026-03-17 04:00:00+00:00,2026-03-17 05:00:00+00:00
2026-03-18,2026-03-18 01:30:00+00:00,2026-03-18 08:00:00+00:00,2026-03-18 01:00:00+00:00,2026-03-18 08:15:00+00:00,2026-03-18 04:00:00+00:00,2026-03-18 05:00:00+00:00
2026-03-19,2026-03-19 01:30:00+00:00,2026-03-19 08:00:00+00:00,2026-03-19 01:00:00+00:00,2026-03-19 08:15:00+00:00,2026-03-19 04:00:00+00:00,2026-03-19 05:00:00+00:00
2026-03-20,2026-03-20 01:30:00+00:00,2026-03-20 08:00:00+00:00,2026-03-20 01:00:00+00:00,2026-03-20 08:15:00+00:00,2026-03-20 04:00:00+00:00,2026-03-20 05:00:00+00:00
2026-03-23,2026-03-23 01:30:00+00:00,2026-03-23 08:00:00+00:00,2026-03-23 01:00:00+00:00,2026-03-23 08:15:00+00:00,2026-03-23 04:00:00+00:00,2026-03-23 05:00:00+00:00
2026-03-24,2026-03-24 01:30:00+00:00,2026-03-24 08:00:00+00:00,2026-03-24 01:00:00+00:00,2026-03-24 08:15:00+00:00,2026-03-24 04:00:00+00:00,2026-03-24 05:00:00+00:00
2026-03-25,2026-03-25 01:30:00+00:00,2026-03-25 08:00:00+00:00,2026-03-25 01:00:00+00:00,2026-03-25 08:15:00+00:00,2026-03-25 04:00:00+00:00,2026-03-25 05:00:00+00:00
2026-03-26,2026-03-26 01:30:00+00:00,2026-03-26 08:00:00+00:00,2026-03-26 01:00:00+00:00,2026-03-26 08:15:00+00:00,2026-03-26 04:00:00+00:00,2026-03-26 05:00:00+00:00
2026-03-27,2026-03-27 01:30:00+00:00,2026-03-27 08:00:00+00:00,2026-03-27 01:00:00+00:00,2026-03-27 08:15:00+00:00,2026-03-27 04:00:00+00:00,2026-03-27 05:00:00+00:00
2026-03-30,2026-03-30 01:30:00+00:00,2026-03-30 08:00:00+00:00,2026-03-30 01:00:00+00:00,2026-03-30 08:15:00+00:00,2026-03-30 04:00:00+00:00,2026-03-30 05:00:00+00:00
2026-03-31,2026-03-31 01:30:00+00:00,2026-03-31 08:00:00+00:00,2026-03-31 01:00:00+00:00,2026-03-31 08:15:00+00:00,2026-03-31 04:00:00+00:00,2026-03-31 05:00:00+00:00
2026-04-01,2026-04-01 01:30:00+00:00,2026-04-01 08:00:00+00:00,2026-04-01 01:00:00+00:00,2026-04-01 08:15:00+00:00,2026-04-01 04:00:00+00:00,2026-04-01 05:00:00+00:00
2026-04-02,2026-04-02 01:30:00+00:00,2026-04-02 08:00:00+00:00,2026-04-02 01:00:00+00:00,2026-04-02 08:15:00+00:00,2026-04-02 04:00:00+00:00,2026-04-02 05:00:00+00:00
2026-04-08,2026-04-08 01:30:00+00:00,2026-04-08 08:00:00+00:00,2026-04-08 01:00:00+00:00,2026-04-08 08:15:00+00:00,2026-04-08 04:00:00+00:00,2026-04-08 05:00:00+00:00
2026-04-09,2026-04-09 01:30:00+00:00,2026-04-09 08:00:00+00:00,2026-04-09 01:00:00+00:00,2026-04-09 08:15:00+00:00,2026-04-09 04:00:00+00:00,2026-04-09 05:00:00+00:00
2026-04-10,2026-04-10 01:30:00+00:00,2026-04-10 08:00:00+00:00,2026-04-10 01:00:00+00:00,2026-04-10 08:15:00+00:00,2026-04-10 04:00:00+00:00,2026-04-10 05:00:00+00:00
2026-04-13,2026-04-13 01:30:00+00:00,2026-04-13 08:00:00+00:00,2026-04-13 01:00:00+00:00,2026-04-13 08:15:00+00:00,2026-04-13 04:00:00+00:00,2026-04-13 05:00:00+00:00
2026-04-14,2026-04-14 01:30:00+00:00,2026-04-14 08:00:00+00:00,2026-04-14 01:00:00+00:00,2026-04-14 08:15:00+00:00,2026-04-14 04:00:00+00:00,2026-04-14 05:00:00+00:00
2026-04-15,2026-04-15 01:30:00+00:00,2026-04-15 08:00:00+00:00,2026-04-15 01:00:00+00:00,2026-04-15 08:15:00+00:00,2026-04-15 04:00:00+00:00,2026-04-15 05:00:00+00:00
2026-04-16,2026-04-16 01:30:00+00:00,2026-04-16 08:00:00+00:00,2026-04-16 01:00:00+00:00,2026-04-16 08:15:00+00:00,2026-04-16 04:00:00+00:00,2026-04-16 05:00:00+00:00
2026-04-17,2026-04-17 01:30:00+00:00,2026-04-17 08:00:00+00:00,2026-04-17 01:00:00+00:00,2026-04-17 08:15:00+00:00,2026-04-17 04:00:00+00:00,2026-04-17 05:00:00+00:00
2026-04-20,2026-04-20 01:30:00+00:00,2026-04-20 08:00:00+00:00,2026-04-20 01:00:00+00:00,2026-04-20 08:15:00+00:00,2026-04-20 04:00:00+00:00,2026-04-20 05:00:00+00:00
2026-04-21,2026-04-21 01:30:00+00:00,2026-04-21 08:00:00+00:00,2026-04-21 01:00:00+00:00,2026-04-21 08:15:00+00:00,2026-04-21 04:00:00+00:00,2026-04-21 05:00:00+00:00
2026-04-22,2026-04-22 01:30:00+00:00,2026-04-22 08:00:00+00:00,2026-04-22 01:00:00+00:00,2026-04-22 08:15:00+00:00,2026-04-22 04:00:00+00:00,2026-04-22 05:00:00+00:00
2026-04-23,2026-04-23 01:30:00+00:00,2026-04-23 08:00:00+00:00,2026-04-23 01:00:00+00:00,2026-04-23 08:15:00+00:00,2026-04-23 04:00:00+00:00,2026-04-23 05:00:00+00:00
2026-04-24,2026-04-24 01:30:00+00:00,2026-04-24 08:00:00+00:00,2026-04-24 01:00:00+00:00,2026-04-24 08:15:00+00:00,2026-04-24 04:00:00+00:00,2026-04-24 05:00:00+00:00
2026-04-27,2026-04-27 01:30:00+00:00,2026-04-27 08:00:00+00:00,2026-04-27 01:00:00+00:00,2026-04-27 08:15:00+00:00,2026-04-27 04:00:00+00:00,2026-04-27 05:00:00+00:00
2026-04-28,2026-04-28 01:30:00+00:00,2026-04-28 08:00:00+00:00,2026-04-28 01:00:00+00:00,2026-04-28 08:15:00+00:00,2026-04-28 04:00:00+00:00,2026-04-28 05:00:00+00:00
2026-04-29,2026-04-29 01:30:00+00:00,2026-04-29 08:00:00+00:00,2026-04-29 01:00:00+00:00,2026-04-29 08:15:00+00:00,2026-04-29 04:00:00+00:00,2026-04-29 05:00:00+00:00
2026-04-30,2026-04-30 01:30:00+00:00,2026-04-30 08:00:00+00:00,2026-04-30 01:00:00+00:00,2026-04-30 08:15:00+00:00,2026-04-30 04:00:00+00:00,2026-04-30 05:00:00+00:00
2026-05-04,2026-05-04 01:30:00+00:00,2026-05-04 08:00:00+00:00,2026-05-04 01:00:00+00:00,2026-05-04 08:15:00+00:00,2026-05-04 04:00:00+00:00,2026-05-04 05:00:00+00:00
2026-05-05,2026-05-05 01:30:00+00:00,2026-05-05 08:00:00+00:00,2026-05-05 01:00:00+00:00,2026-05-05 08:15:00+00:00,2026-05-05 04:00:00+00:00,2026-05-05 05:00:00+00:00
2026-05-06,2026-05-06 01:30:00+00:00,2026-05-06 08:00:00+00:00,2026-05-06 01:00:00+00:00,2026-05-06 08:15:00+00:00,2026-05-06 04:00:00+00:00,2026-05-06 05:00:00+00:00
2026-05-07,2026-05-07 01:30:00+00:00,2026-05-07 08:00:00+00:00,2026-05-07 01:00:00+00:00,2026-05-07 08:15:00+00:00,2026-05-07 04:00:00+00:00,2026-05-07 05:00:00+00:00
2026-05-08,2026-05-08 01:30:00+00:00,2026-05-08 08:00:00+00:00,2026-05-08 01:00:00+00:00,2026-05-08 08:15:00+00:00,2026-05-08 04:00:00+00:00,2026-05-08 05:00:00+00:00
2026-05-11,2026-05-11 01:30:00+00:00,2026-05-11 08:00:00+00:00,2026-05-11 01:00:00+00:00,2026-05-11 08:15:00+00:00,2026-05-11 04:00:00+00:00,2026-05-11 05:00:00+00:00
2026-05-12,2026-05-12 01:30:00+00:00,2026-05-12 08:00:00+00:00,2026-05-12 01:00:00+00:00,2026-05-12 08:15:00+00:00,2026-05-12 04:00:00+00:00,2026-05-12 05:00:00+00:00
2026-05-13,2026-05-13 01:30:00+00:00,2026-05-13 08:00:00+00:00,2026-05-13 01:00:00+00:00,2026-05-13 08:15:00+00:00,2026-05-13 04:00:00+00:00,2026-05-13 05:00:00+00:00
2026-05-14,2026-05-14 01:30:00+00:00,2026-05-14 08:00:00+00:00,2026-05-14 01:00:00+00:00,2026-05-14 08:15:00+00:00,2026-05-14 04:00:00+00:00,2026-05-14 05:00:00+00:00
2026-05-15,2026-05-15 01:30:00+00:00,2026-05-15 08:00:00+00:00,2026-05-15 01:00:00+00:00,2026-05-15 08:15:00+00:00,2026-05-15 04:00:00+00:00,2026-05-15 05:00:00+00:00
2026-05-18,2026-05-18 01:30:00+00:00,2026-05-18 08:00:00+00:00,2026-05-18 01:00:00+00:00,2026-05-18 08:15:00+00:00,2026-05-18 04:00:00+00:00,2026-05-18 05:00:00+00:00
2026-05-19,2026-05-19 01:30:00+00:00,2026-05-19 08:00:00+00:00,2026-05-19 01:00:00+00:00,2026-05-19 08:15:00+00:00,2026-05-19 04:00:00+00:00,2026-05-19 05:00:00+00:00
2026-05-20,2026-05-20 01:30:00+00:00,2026-05-20 08:00:00+00:00,2026-05-20 01:00:00+00:00,2026-05-20 08:15:00+00:00,2026-05-20 04:00:00+00:00,2026-05-20 05:00:00+00:00
2026-05-21,2026-05-21 01:30:00+00:00,2026-05-21 08:00:00+00:00,2026-05-21 01:00:00+00:00,2026-05-21 08:15:00+00:00,2026-05-21 04:00:00+00:00,2026-05-21 05:00:00+00:00
2026-05-22,2026-05-22 01:30:00+00:00,2026-05-22 08:00:00+00:00,2026-05-22 01:00:00+00:00,2026-05-22 08:15:00+00:00,2026-05-22 04:00:00+00:00,2026-05-22 05:00:00+00:00
2026-05-26,2026-05-26 01:30:00+00:00,2026-05-26 08:00:00+00:00,2026-05-26 01:00:00+00:00,2026-05-26 08:15:00+00:00,2026-05-26 04:00:00+00:00,2026-05-26 05:00:00+00:00
2026-05-27,2026-05-27 01:30:00+00:00,2026-05-27 08:00:00+00:00,2026-05-27 01:00:00+00:00,2026-05-27 08:15:00+00:00,2026-05-27 04:00:00+00:00,2026-05-27 05:00:00+00:00
2026-05-28,2026-05-28 01:30:00+00:00,2026-05-28 08:00:00+00:00,2026-05-28 01:00:00+00:00,2026-05-28 08:15:00+00:00,2026-05-28 04:00:00+00:00,2026-05-28 05:00:00+00:00
2026-05-29,2026-05-29 01:30:00+00:00,2026-05-29 08:00:00+00:00,2026-05-29 01:00:00+00:00,2026-05-29 08:15:00+00:00,2026-05-29 04:00:00+00:00,2026-05-29 05:00:00+00:00
2026-06-01,2026-06-01 01:30:00+00:00,2026-06-01 08:00:00+00:00,2026-06-01 01:00:00+00:00,2026-06-01 08:15:00+00:00,2026-06-01 04:00:00+00:00,2026-06-01 05:00:00+00:00
2026-06-02,2026-06-02 01:30:00+00:00,2026-06-02 08:00:00+00:00,2026-06-02 01:00:00+00:00,2026-06-02 08:15:00+00:00,2026-06-02 04:00:00+00:00,2026-06-02 05:00:00+00:00
2026-06-03,2026-06-03 01:30:00+00:00,2026-06-03 08:00:00+00:00,2026-06-03 01:00:00+00:00,2026-06-03 08:15:00+00:00,2026-06-03 04:00:00+00:00,2026-06-03 05:00:00+00:00
2026-06-04,2026-06-04 01:30:00+00:00,2026-06-04 08:00:00+00:00,2026-06-04 01:00:00+00:00,2026-06-04 08:15:00+00:00,2026-06-04 04:00:00+00:00,2026-06-04 05:00:00+00:00
2026-06-05,2026-06-05 01:30:00+00:00,2026-06-05 08:00:00+00:00,2026-06-05 01:00:00+00:00,2026-06-05 08:15:00+00:00,2026-06-05 04:00:00+00:00,2026-06-05 05:00:00+00:00
2026-06-08,2026-06-08 01:30:00+00:00,2026-06-08 08:00:00+00:00,2026-06-08 01:00:00+00:00,2026-06-08 08:15:00+00:00,2026-06-08 04:00:00+00:00,2026-06-08 05:00:00+00:00
2026-06-09,2026-06-09 01:30:00+00:00,2026-06-09 08:00:00+00:00,2026-06-09 01:00:00+00:00,2026-06-09 08:15:00+00:00,2026-06-09 04:00:00+00:00,2026-06-09 05:00:00+00:00
2026-06-10,2026-06-10 01:30:00+00:00,2026-06-10 08:00:00+00:00,2026-06-10 01:00:00+00:00,2026-06-10 08:15:00+00:00,2026-06-10 04:00:00+00:00,2026-06-10 05:00:00+00:00
2026-06-11,2026-06-11 01:30:00+00:00,2026-06-11 08:00:00+00:00,2026-06-11 01:00:00+00:00,2026-06-11 08:15:00+00:00,2026-06-11 04:00:00+00:00,2026-06-11 05:00:00+00:00
2026-06-12,2026-06-12 01:30:00+00:00,2026-06-12 08:00:00+00:00,2026-06-12 01:00:00+00:00,2026-06-12 08:15:00+00:00,2026-06-12 04:00:00+00:00,2026-06-12 05:00:00+00:00
2026-06-15,2026-06-15 01:30:00+00:00,2026-06-15 08:00:00+00:00,2026-06-15 01:00:00+00:00,2026-06-15 08:15:00+00:00,2026-06-15 04:00:00+00:00,2026-06-15 05:00:00+00:00
2026-06-16,2026-06-16 01:30:00+00:00,2026-06-16 08:00:00+00:00,2026-06-16 01:00:00+00:00,2026-06-16 08:15:00+00:00,2026-06-16 04:00:00+00:00,2026-06-16 05:00:00+00:00
2026-06-17,2026-06-17 01:30:00+00:00,2026-06-17 08:00:00+00:00,2026-06-17 01:00:00+00:00,2026-06-17 08:15:00+00:00,2026-06-17 04:00:00+00:00,2026-06-17 05:00:00+00:00
2026-06-18,2026-06-18 01:30:00+00:00,2026-06-18 08:00:00+00:00,2026-06-18 01:00:00+00:00,2026-06-18 08:15:00+00:00,2026-06-18 04:00:00+00:00,2026-06-18 05:00:00+00:00
2026-06-22,2026-06-22 01:30:00+00:00,2026-06-22 08:00:00+00:00,2026-06-22 01:00:00+00:00,2026-06-22 08:15:00+00:00,2026-06-22 04:00:00+00:00,2026-06-22 05:00:00+00:00
2026-06-23,2026-06-23 01:30:00+00:00,2026-06-23 08:00:00+00:00,2026-06-23 01:00:00+00:00,2026-06-23 08:15:00+00:00,2026-06-23 04:00:00+00:00,2026-06-23 05:00:00+00:00
2026-06-24,2026-06-24 01:30:00+00:00,2026-06-24 08:00:00+00:00,2026-06-24 01:00:00+00:00,2026-06-24 08:15:00+00:00,2026-06-24 04:00:00+00:00,2026-06-24 05:00:00+00:00
2026-06-25,2026-06-25 01:30:00+00:00,2026-06-25 08:00:00+00:00,2026-06-25 01:00:00+00:00,2026-06-25 08:15:00+00:00,2026-06-25 04:00:00+00:00,2026-06-25 05:00:00+00:00
2026-06-26,2026-06-26 01:30:00+00:00,2026-06-26 08:00:00+00:00,2026-06-26 01:00:00+00:00,2026-06-26 08:15:00+00:00,2026-06-26 04:00:00+00:00,2026-06-26 05:00:00+00:00
2026-06-29,2026-06-29 01:30:00+00:00,2026-06-29 08:00:00+00:00,2026-06-29 01:00:00+00:00,2026-06-29 08:15:00+00:00,2026-06-29 04:00:00+00:00,2026-06-29 05:00:00+00:00
2026-06-30,2026-06-30 01:30:00+00:00,2026-06-30 08:00:00+00:00,2026-06-30 01:00:00+00:00,2026-06-30 08:15:00+00:00,2026-06-30 04:00:00+00:00,2026-06-30 05:00:00+00:00
2026-07-02,2026-07-02 01:30:00+00:00,2026-07-02 08:00:00+00:00,2026-07-02 01:00:00+00:00,2026-07-02 08:15:00+00:00,2026-07-02 04:00:00+00:00,2026-07-02 05:00:00+00:00
2026-07-03,2026-07-03 01:30:00+00:00,2026-07-03 08:00:00+00:00,2026-07-03 01:00:00+00:00,2026-07-03 08:15:00+00:00,2026-07-03 04:00:00+00:00,2026-07-03 05:00:00+00:00
2026-07-06,2026-07-06 01:30:00+00:00,2026-07-06 08:00:00+00:00,2026-07-06 01:00:00+00:00,2026-07-06 08:15:00+00:00,2026-07-06 04:00:00+00:00,2026-07-06 05:00:00+00:00
2026-07-07,2026-07-07 01:30:00+00:00,2026-07-07 08:00:00+00:00,2026-07-07 01:00:00+00:00,2026-07-07 08:15:00+00:00,2026-07-07 04:00:00+00:00,2026-07-07 05:00:00+00:00
2026-07-08,2026-07-08 01:30:00+00:00,2026-07-08 08:00:00+00:00,2026-07-08 01:00:00+00:00,2026-07-08 08:15:00+00:00,2026-07-08 04:00:00+00:00,2026-07-08 05:00:00+00:00
2026-07-09,2026-07-09 01:30:00+00:00,2026-07-09 08:00:00+00:00,2026-07-09 01:00:00+00:00,2026-07-09 08:15:00+00:00,2026-07-09 04:00:00+00:00,2026-07-09 05:00:00+00:00
2026-07-10,2026-07-10 01:30:00+00:00,2026-07-10 08:00:00+00:00,2026-07-10 01:00:00+00:00,2026-07-10 08:15:00+00:00,2026-07-10 04:00:00+00:00,2026-07-10 05:00:00+00:00
2026-07-13,2026-07-13 01:30:00+00:00,2026-07-13 08:00:00+00:00,2026-07-13 01:00:00+00:00,2026-07-13 08:15:00+00:00,2026-07-13 04:00:00+00:00,2026-07-13 05:00:00+00:00
2026-07-14,2026-07-14 01:30:00+00:00,2026-07-14 08:00:00+00:00,2026-07-14 01:00:00+00:00,2026-07-14 08:15:00+00:00,2026-07-14 04:00:00+00:00,2026-07-14 05:00:00+00:00
2026-07-15,2026-07-15 01:30:00+00:00,2026-07-15 08:00:00+00:00,2026-07-15 01:00:00+00:00,2026-07-15 08:15:00+00:00,2026-07-15 04:00:00+00:00,2026-07-15 05:00:00+00:00
2026-07-16,2026-07-16 01:30:00+00:00,2026-07-16 08:00:00+00:00,2026-07-16 01:00:00+00:00,2026-07-16 08:15:00+00:00,2026-07-16 04:00:00+00:00,2026-07-16 05:00:00+00:00
2026-07-17,2026-07-17 01:30:00+00:00,2026-07-17 08:00:00+00:00,2026-07-17 01:00:00+00:00,2026-07-17 08:15:00+00:00,2026-07-17 04:00:00+00:00,2026-07-17 05:00:00+00:00
2026-07-20,2026-07-20 01:30:00+00:00,2026-07-20 08:00:00+00:00,2026-07-20 01:00:00+00:00,2026-07-20 08:15:00+00:00,2026-07-20 04:00:00+00:00,2026-07-20 05:00:00+00:00
2026-07-21,2026-07-21 01:30:00+00:00,2026-07-21 08:00:00+00:00,2026-07-21 01:00:00+00:00,2026-07-21 08:15:00+00:00,2026-07-21 04:00:00+00:00,2026-07-21 05:00:00+00:00
2026-07-22,2026-07-22 01:30:00+00:00,2026-07-22 08:00:00+00:00,2026-07-22 01:00:00+00:00,2026-07-22 08:15:00+00:00,2026-07-22 04:00:00+00:00,2026-07-22 05:00:00+00:00
2026-07-23,2026-07-23 01:30:00+00:00,2026-07-23 08:00:00+00:00,2026-07-23 01:00:00+00:00,2026-07-23 08:15:00+00:00,2026-07-23 04:00:00+00:00,2026-07-23 05:00:00+00:00
2026-07-24,2026-07-24 01:30:00+00:00,2026-07-24 08:00:00+00:00,2026-07-24 01:00:00+00:00,2026-07-24 08:15:00+00:00,2026-07-24 04:00:00+00:00,2026-07-24 05:00:00+00:00
2026-07-27,2026-07-27 01:30:00+00:00,2026-07-27 08:00:00+00:00,2026-07-27 01:00:00+00:00,2026-07-27 08:15:00+00:00,2026-07-27 04:00:00+00:00,2026-07-27 05:00:00+00:00
2026-07-28,2026-07-28 01:30:00+00:00,2026-07-28 08:00:00+00:00,2026-07-28 01:00:00+00:00,2026-07-28 08:15:00+00:00,2026-07-28 04:00:00+00:00,2026-07-28 05:00:00+00:00
2026-07-29,2026-07-29 01:30:00+00:00,2026-07-29 08:00:00+00:00,2026-07-29 01:00:00+00:00,2026-07-29 08:15:00+00:00,2026-07-29 04:00:00+00:00,2026-07-29 05:00:00+00:00
2026-07-30,2026-07-30 01:30:00+00:00,2026-07-30 08:00:00+00:00,2026-07-30 01:00:00+00:00,2026-07-30 08:15:00+00:00,2026-07-30 04:00:00+00:00,2026-07-30 05:00:00+00:00
2026-07-31,2026-07-31 01:30:00+00:00,2026-07-31 08:00:00+00:00,2026-07-31 01:00:00+00:00,2026-07-31 08:15:00+00:00,2026-07-31 04:00:00+00:00,2026-07-31 05:00:00+00:00
2026-08-03,2026-08-03 01:30:00+00:00,2026-08-03 08:00:00+00:00,2026-08-03 01:00:00+00:00,2026-08-03 08:15:00+00:00,2026-08-03 04:00:00+00:00,2026-08-03 05:00:00+00:00
2026-08-04,2026-08-04 01:30:00+00:00,2026-08-04 08:00:00+00:00,2026-08-04 01:00:00+00:00,2026-08-04 08:15:00+00:00,2026-08-04 04:00:00+00:00,2026-08-04 05:00:00+00:00
2026-08-05,2026-08-05 01:30:00+00:00,2026-08-05 08:00:00+00:00,2026-08-05 01:00:00+00:00,2026-08-05 08:15:00+00:00,2026-08-05 04:00:00+00:00,2026-08-05 05:00:00+00:00
2026-08-06,2026-08-06 01:30:00+00:00,2026-08-06 08:00:00+00:00,2026-08-06 01:00:00+00:00,2026-08-06 08:15:00+00:00,2026-08-06 04:00:00+00:00,2026-08-06 05:00:00+00:00
2026-08-07,2026-08-07 01:30:00+00:00,2026-08-07 08:00:00+00:00,2026-08-07 01:00:00+00:00,2026-08-07 08:15:00+00:00,2026-08-07 04:00:00+00:00,2026-08-07 05:00:00+00:00
2026-08-10,2026-08-10 01:30:00+00:00,2026-08-10 08:00:00+00:00,2026-08-10 01:00:00+00:00,2026-08-10 08:15:00+00:00,2026-08-10 04:00:00+00:00,2026-08-10 05:00:00+00:00
2026-08-11,2026-08-11 01:30:00+00:00,2026-08-11 08:00:00+00:00,2026-08-11 01:00:00+00:00,2026-08-11 08:15:00+00:00,2026-08-11 04:00:00+00:00,2026-08-11 05:00:00+00:00
2026-08-12,2026-08-12 01:30:00+00:00,2026-08-12 08:00:00+00:00,2026-08-12 01:00:00+00:00,2026-08-12 08:15:00+00:00,2026-08-12 04:00:00+00:00,2026-08-12 05:00:00+00:00
2026-08-13,2026-08-13 01:30:00+00:00,2026-08-13 08:00:00+00:00,2026-08-13 01:00:00+00:00,2026-08-13 08:15:00+00:00,2026-08-13 04:00:00+00:00,2026-08-13 05:00:00+00:00
2026-08-14,2026-08-14 01:30:00+00:00,2026-08-14 08:00:00+00:00,2026-08-14 01:00:00+00:00,2026-08-14 08:15:00+00:00,2026-08-14 04:00:00+00:00,2026-08-14 05:00:00+00:00
2026-08-17,2026-08-17 01:30:00+00:00,2026-08-17 08:00:00+00:00,2026-08-17 01:00:00+00:00,2026-08-17 08:15:00+00:00,2026-08-17 04:00:00+00:00,2026-08-17 05:00:00+00:00
2026-08-18,2026-08-18 01:30:00+00:00,2026-08-18 08:00:00+00:00,2026-08-18 01:00:00+00:00,2026-08-18 08:15:00+00:00,2026-08-18 04:00:00+00:00,2026-08-18 05:00:00+00:00
2026-08-19,2026-08-19 01:30:00+00:00,2026-08-19 08:00:00+00:00,2026-08-19 01:00:00+00:00,2026-08-19 08:15:00+00:00,2026-08-19 04:00:00+00:00,2026-08-19 05:00:00+00:00
2026-08-20,2026-08-20 01:30:00+00:00,2026-08-20 08:00:00+00:00,2026-08-20 01:00:00+00:00,2026-08-20 08:15:00+00:00,2026-08-20 04:00:00+00:00,2026-08-20 05:00:00+00:00
2026-08-21,2026-08-21 01:30:00+00:00,2026-08-21 08:00:00+00:00,2026-08-21 01:00:00+00:00,2026-08-21 08:15:00+00:00,2026-08-21 04:00:00+00:00,2026-08-21 05:00:00+00:00
2026-08-24,2026-08-24 01:30:00+00:00,2026-08-24 08:00:00+00:00,2026-08-24 01:00:00+00:00,2026-08-24 08:15:00+00:00,2026-08-24 04:00:00+00:00,2026-08-24 05:00:00+00:00
2026-08-25,2026-08-25 01:30:00+00:00,2026-08-25 08:00:00+00:00,2026-08-25 01:00:00+00:00,2026-08-25 08:15:00+00:00,2026-08-25 04:00:00+00:00,2026-08-25 05:00:00+00:00
2026-08-26,2026-08-26 01:30:00+00:00,2026-08-26 08:00:00+00:00,2026-08-26 01:00:00+00:00,2026-08-26 08:15:00+00:00,2026-08-26 04:00:00+00:00,2026-08-26 05:00:00+00:00
2026-08-27,2026-08-27 01:30:00+00:00,2026-08-27 08:00:00+00:00,2026-08-27 01:00:00+00:00,2026-08-27 08:15:00+00:00,2026-08-27 04:00:00+00:00,2026-08-27 05:00:00+00:00
2026-08-28,2026-08-28 01:30:00+00:00,2026-08-28 08:00:00+00:00,2026-08-28 01:00:00+00:00,2026-08-28 08:15:00+00:00,2026-08-28 04:00:00+00:00,2026-08-28 05:00:00+00:00
2026-08-31,2026-08-31 01:30:00+00:00,2026-08-31 08:00:00+00:00,2026-08-31 01:00:00+00:00,2026-08-31 08:15:00+00:00,2026-08-31 04:00:00+00:00,2026-08-31 05:00:00+00:00
2026-09-01,2026-09-01 01:30:00+00:00,2026-09-01 08:00:00+00:00,2026-09-01 01:00:00+00:00,2026-09-01 08:15:00+00:00,2026-09-01 04:00:00+00:00,2026-09-01 05:00:00+00:00
2026-09-02,2026-09-02 01:30:00+00:00,2026-09-02 08:00:00+00:00,2026-09-02 01:00:00+00:00,2026-09-02 08:15:00+00:00,2026-09-02 04:00:00+00:00,2026-09-02 05:00:00+00:00
2026-09-03,2026-09-03 01:30:00+00:00,2026-09-03 08:00:00+00:00,2026-09-03 01:00:00+00:00,2026-09-03 08:15:00+00:00,2026-09-03 04:00:00+00:00,2026-09-03 05:00:00+00:00
2026-09-04,2026-09-04 01:30:00+00:00,2026-09-04 08:00:00+00:00,2026-09-04 01:00:00+00:00,2026-09-04 08:15:00+00:00,2026-09-04 04:00:00+00:00,2026-09-04 05:00:00+00:00
2026-09-07,2026-09-07 01:30:00+00:00,2026-09-07 08:00:00+00:00,2026-09-07 01:00:00+00:00,2026-09-07 08:15:00+00:00,2026-09-07 04:00:00+00:00,2026-09-07 05:00:00+00:00
2026-09-08,2026-09-08 01:30:00+00:00,2026-09-08 08:00:00+00:00,2026-09-08 01:00:00+00:00,2026-09-08 08:15:00+00:00,2026-09-08 04:00:00+00:00,2026-09-08 05:00:00+00:00
2026-09-09,2026-09-09 01:30:00+00:00,2026-09-09 08:00:00+00:00,2026-09-09 01:00:00+00:00,2026-09-09 08:15:00+00:00,2026-09-09 04:00:00+00:00,2026-09-09 05:00:00+00:00
2026-09-10,2026-09-10 01:30:00+00:00,2026-09-10 08:00:00+00:00,2026-09-10 01:00:00+00:00,2026-09-10 08:15:00+00:00,2026-09-10 04:00:00+00:00,2026-09-10 05:00:00+00:00
2026-09-11,2026-09-11 01:30:00+00:00,2026-09-11 08:00:00+00:00,2026-09-11 01:00:00+00:00,2026-09-11 08:15:00+00:00,2026-09-11 04:00:00+00:00,2026-09-11 05:00:00+00:00
2026-09-14,2026-09-14 01:30:00+00:00,2026-09-14 08:00:00+00:00,2026-09-14 01:00:00+00:00,2026-09-14 08:15:00+00:00,2026-09-14 04:00:00+00:00,2026-09-14 05:00:00+00:00
2026-09-15,2026-09-15 01:30:00+00:00,2026-09-15 08:00:00+00:00,2026-09-15 01:00:00+00:00,2026-09-15 08:15:00+00:00,2026-09-15 04:00:00+00:00,2026-09-15 05:00:00+00:00
2026-09-16,2026-09-16 01:30:00+00:00,2026-09-16 08:00:00+00:00,2026-09-16 01:00:00+00:00,2026-09-16 08:15:00+00:00,2026-09-16 04:00:00+00:00,2026-09-16 05:00:00+00:00
2026-09-17,2026-09-17 01:30:00+00:00,2026-09-17 08:00:00+00:00,2026-09-17 01:00:00+00:00,2026-09-17 08:15:00+00:00,2026-09-17 04:00:00+00:00,2026-09-17 05:00:00+00:00
2026-09-18,2026-09-18 01:30:00+00:00,2026-09-18 08:00:00+00:00,2026-09-18 01:00:00+00:00,2026-09-18 08:15:00+00:00,2026-09-18 04:00:00+00:00,2026-09-18 05:00:00+00:00
2026-09-21,2026-09-21 01:30:00+00:00,2026-09-21 08:00:00+00:00,2026-09-21 01:00:00+00:00,2026-09-21 08:15:00+00:00,2026-09-21 04:00:00+00:00,2026-09-21 05:00:00+00:00
2026-09-22,2026-09-22 01:30:00+00:00,2026-09-22 08:00:00+00:00,2026-09-22 01:00:00+00:00,2026-09-22 08:15:00+00:00,2026-09-22 04:00:00+00:00,2026-09-22 05:00:00+00:00
2026-09-23,2026-09-23 01:30:00+00:00,2026-09-23 08:00:00+00:00,2026-09-23 01:00:00+00:00,2026-09-23 08:15:00+00:00,2026-09-23 04:00:00+00:00,2026-09-23 05:00:00+00:00
2026-09-24,2026-09-24 01:30:00+00:00,2026-09-24 08:00:00+00:00,2026-09-24 01:00:00+00:00,2026-09-24 08:15:00+00:00,2026-09-24 04:00:00+00:00,2026-09-24 05:00:00+00:00
2026-09-25,2026-09-25 01:30:00+00:00,2026-09-25 08:00:00+00:00,2026-09-25 01:00:00+00:00,2026-09-25 08:15:00+00:00,2026-09-25 04:00:00+00:00,2026-09-25 05:00:00+00:00
2026-09-28,2026-09-28 01:30:00+00:00,2026-09-28 08:00:00+00:00,2026-09-28 01:00:00+00:00,2026-09-28 08:15:00+00:00,2026-09-28 04:00:00+00:00,2026-09-28 05:00:00+00:00
2026-09-29,2026-09-29 01:30:00+00:00,2026-09-29 08:00:00+00:00,2026-09-29 01:00:00+00:00,2026-09-29 08:15:00+00:00,2026-09-29 04:00:00+00:00,2026-09-29 05:00:00+00:00
2026-09-30,2026-09-30 01:30:00+00:00,2026-09-30 08:00:00+00:00,2026-09-30 01:00:00+00:00,2026-09-30 08:15:00+00:00,2026-09-30 04:00:00+00:00,2026-09-30 05:00:00+00:00
2026-10-02,2026-10-02 01:30:00+00:00,2026-10-02 08:00:00+00:00,2026-10-02 01:00:00+00:00,2026-10-02 08:15:00+00:00,2026-10-02 04:00:00+00:00,2026-10-02 05:00:00+00:00
2026-10-05,2026-10-05 01:30:00+00:00,2026-10-05 08:00:00+00:00,2026-10-05 01:00:00+00:00,2026-10-05 08:15:00+00:00,2026-10-05 04:00:00+00:00,2026-10-05 05:00:00+00:00
2026-10-06,2026-10-06 01:30:00+00:00,2026-10-06 08:00:00+00:00,2026-10-06 01:00:00+00:00,2026-10-06 08:15:00+00:00,2026-10-06 04:00:00+00:00,2026-10-06 05:00:00+00:00
2026-10-07,2026-10-07 01:30:00+00:00,2026-10-07 08:00:00+00:00,2026-10-07 01:00:00+00:00,2026-10-07 08:15:00+00:00,2026-10-07 04:00:00+00:00,2026-10-07 05:00:00+00:00
2026-10-08,2026-10-08 01:30:00+00:00,2026-10-08 08:00:00+00:00,2026-10-08 01:00:00+00:00,2026-10-08 08:15:00+00:00,2026-10-08 04:00:00+00:00,2026-10-08 05:00:00+00:00
2026-10-09,2026-10-09 01:30:00+00:00,2026-10-09 08:00:00+00:00,2026-10-09 01:00:00+00:00,2026-10-09 08:15:00+00:00,2026-10-09 04:00:00+00:00,2026-10-09 05:00:00+00:00
2026-10-12,2026-10-12 01:30:00+00:00,2026-10-12 08:00:00+00:00,2026-10-12 01:00:00+00:00,2026-10-12 08:15:00+00:00,2026-10-12 04:00:00+00:00,2026-10-12 05:00:00+00:00
2026-10-13,2026-10-13 01:30:00+00:00,2026-10-13 08:00:00+00:00,2026-10-13 01:00:00+00:00,2026-10-13 08:15:00+00:00,2026-10-13 04:00:00+00:00,2026-10-13 05:00:00+00:00
2026-10-14,2026-10-14 01:30:00+00:00,2026-10-14 08:00:00+00:00,2026-10-14 01:00:00+00:00,2026-10-14 08:15:00+00:00,2026-10-14 04:00:00+00:00,2026-10-14 05:00:00+00:00
2026-10-15,2026-10-15 01:30:00+00:00,2026-10-15 08:00:00+00:00,2026-10-15 01:00:00+00:00,2026-10-15 08:15:00+00:00,2026-10-15 04:00:00+00:00,2026-10-15 05:00:00+00:00
2026-10-16,2026-10-16 01:30:00+00:00,2026-10-16 08:00:00+00:00,2026-10-16 01:00:00+00:00,2026-10-16 08:15:00+00:00,2026-10-16 04:00:00+00:00,2026-10-16 05:00:00+00:00
2026-10-20,2026-10-20 01:30:00+00:00,2026-10-20 08:00:00+00:00,2026-10-20 01:00:00+00:00,2026-10-20 08:15:00+00:00,2026-10-20 04:00:00+00:00,2026-10-20 05:00:00+00:00
2026-10-21,2026-10-21 01:30:00+00:00,2026-10-21 08:00:00+00:00,2026-10-21 01:00:00+00:00,2026-10-21 08:15:00+00:00,2026-10-21 04:00:00+00:00,2026-10-21 05:00:00+00:00
2026-10-22,2026-10-22 01:30:00+00:00,2026-10-22 08:00:00+00:00,2026-10-22 01:00:00+00:00,2026-10-22 08:15:00+00:00,2026-10-22 04:00:00+00:00,2026-10-22 05:00:00+00:00
2026-10-23,2026-10-23 01:30:00+00:00,2026-10-23 08:00:00+00:00,2026-10-23 01:00:00+00:00,2026-10-23 08:15:00+00:00,2026-10-23 04:00:00+00:00,2026-10-23 05:00:00+00:00
2026-10-26,2026-10-26 01:30:00+00:00,2026-10-26 08:00:00+00:00,2026-10-26 01:00:00+00:00,2026-10-26 08:15:00+00:00,2026-10-26 04:00:00+00:00,2026-10-26 05:00:00+00:00
2026-10-27,2026-10-27 01:30:00+00:00,2026-10-27 08:00:00+00:00,2026-10-27 01:00:00+00:00,2026-10-27 08:15:00+00:00,2026-10-27 04:00:00+00:00,2026-10-27 05:00:00+00:00
2026-10-28,2026-10-28 01:30:00+00:00,2026-10-28 08:00:00+00:00,2026-10-28 01:00:00+00:00,2026-10-28 08:15:00+00:00,2026-10-28 04:00:00+00:00,2026-10-28 05:00:00+00:00
2026-10-29,2026-10-29 01:30:00+00:00,2026-10-29 08:00:00+00:00,2026-10-29 01:00:00+00:00,2026-10-29 08:15:00+00:00,2026-10-29 04:00:00+00:00,2026-10-29 05:00:00+00:00
2026-10-30,2026-10-30 01:30:00+00:00,2026-10-30 08:00:00+00:00,2026-10-30 01:00:00+00:00,2026-10-30 08:15:00+00:00,2026-10-30 04:00:00+00:00,2026-10-30 05:00:00+00:00
2026-11-02,2026-11-02 01:30:00+00:00,2026-11-02 08:00:00+00:00,2026-11-02 01:00:00+00:00,2026-11-02 08:15:00+00:00,2026-11-02 04:00:00+00:00,2026-11-02 05:00:00+00:00
2026-11-03,2026-11-03 01:30:00+00:00,2026-11-03 08:00:00+00:00,2026-11-03 01:00:00+00:00,2026-11-03 08:15:00+00:00,2026-11-03 04:00:00+00:00,2026-11-03 05:00:00+00:00
2026-11-04,2026-11-04 01:30:00+00:00,2026-11-04 08:00:00+00:00,2026-11-04 01:00:00+00:00,2026-11-04 08:15:00+00:00,2026-11-04 04:00:00+00:00,2026-11-04 05:00:00+00:00
2026-11-05,2026-11-05 01:30:00+00:00,2026-11-05 08:00:00+00:00,2026-11-05 01:00:00+00:00,2026-11-05 08:15:00+00:00,2026-11-05 04:00:00+00:00,2026-11-05 05:00:00+00:00
2026-11-06,2026-11-06 01:30:00+00:00,2026-11-06 08:00:00+00:00,2026-11-06 01:00:00+00:00,2026-11-06 08:15:00+00:00,2026-11-06 04:00:00+00:00,2026-11-06 05:00:00+00:00
2026-11-09,2026-11-09 01:30:00+00:00,2026-11-09 08:00:00+00:00,2026-11-09 01:00:00+00:00,2026-11-09 08:15:00+00:00,2026-11-09 04:00:00+00:00,2026-11-09 05:00:00+00:00
2026-11-10,2026-11-10 01:30:00+00:00,2026-11-10 08:00:00+00:00,2026-11-10 01:00:00+00:00,2026-11-10 08:15:00+00:00,2026-11-10 04:00:00+00:00,2026-11-10 05:00:00+00:00
2026-11-11,2026-11-11 01:30:00+00:00,2026-11-11 08:00:00+00:00,2026-11-11 01:00:00+00:00,2026-11-11 08:15:00+00:00,2026-11-11 04:00:00+00:00,2026-11-11 05:00:00+00:00
2026-11-12,2026-11-12 01:30:00+00:00,2026-11-12 08:00:00+00:00,2026-11-12 01:00:00+00:00,2026-11-12 08:15:00+00:00,2026-11-12 04:00:00+00:00,2026-11-12 05:00:00+00:00
2026-11-13,2026-11-13 01:30:00+00:00,2026-11-13 08:00:00+00:00,2026-11-13 01:00:00+00:00,2026-11-13 08:15:00+00:00,2026-11-13 04:00:00+00:00,2026-11-13 05:00:00+00:00
2026-11-16,2026-11-16 01:30:00+00:00,2026-11-16 08:00:00+00:00,2026-11-16 01:00:00+00:00,2026-11-16 08:15:00+00:00,2026-11-16 04:00:00+00:00,2026-11-16 05:00:00+00:00
2026-11-17,2026-11-17 01:30:00+00:00,2026-11-17 08:00:00+00:00,2026-11-17 01:00:00+00:00,2026-11-17 08:15:00+00:00,2026-11-17 04:00:00+00:00,2026-11-17 05:00:00+00:00
2026-11-18,2026-11-18 01:30:00+00:00,2026-11-18 08:00:00+00:00,2026-11-18 01:00:00+00:00,2026-11-18 08:15:00+00:00,2026-11-18 04:00:00+00:00,2026-11-18 05:00:00+00:00
2026-11-19,2026-11-19 01:30:00+00:00,2026-11-19 08:00:00+00:00,2026-11-19 01:00:00+00:00,2026-11-19 08:15:00+00:00,2026-11-19 04:00:00+00:00,2026-11-19 05:00:00+00:00
2026-11-20,2026-11-20 01:30:00+00:00,2026-11-20 08:00:00+00:00,2026-11-20 01:00:00+00:00,2026-11-20 08:15:00+00:00,2026-11-20 04:00:00+00:00,2026-11-20 05:00:00+00:00
2026-11-23,2026-11-23 01:30:00+00:00,2026-11-23 08:00:00+00:00,2026-11-23 01:00:00+00:00,2026-11-23 08:15:00+00:00,2026-11-23 04:00:00+00:00,2026-11-23 05:00:00+00:00
2026-11-24,2026-11-24 01:30:00+00:00,2026-11-24 08:00:00+00:00,2026-11-24 01:00:00+00:00,2026-11-24 08:15:00+00:00,2026-11-24 04:00:00+00:00,2026-11-24 05:00:00+00:00
2026-11-25,2026-11-25 01:30:00+00:00,2026-11-25 08:00:00+00:00,2026-11-25 01:00:00+00:00,2026-11-25 08:15:00+00:00,2026-11-25 04:00:00+00:00,2026-11-25 05:00:00+00:00
2026-11-26,2026-11-26 01:30:00+00:00,2026-11-26 08:00:00+00:00,2026-11-26 01:00:00+00:00,2026-11-26 08:15:00+00:00,2026-11-26 04:00:00+00:00,2026-11-26 05:00:00+00:00
2026-11-27,2026-11-27 01:30:00+00:00,2026-11-27 08:00:00+00:00,2026-11-27 01:00:00+00:00,2026-11-27 08:15:00+00:00,2026-11-27 04:00:00+00:00,2026-11-27 05:00:00+00:00
2026-11-30,2026-11-30 01:30:00+00:00,2026-11-30 08:00:00+00:00,2026-11-30 01:00:00+00:00,2026-11-30 08:15:00+00:00,2026-11-30 04:00:00+00:00,2026-11-30 05:00:00+00:00
2026-12-01,2026-12-01 01:30:00+00:00,2026-12-01 08:00:00+00:00,2026-12-01 01:00:00+00:00,2026-12-01 08:15:00+00:00,2026-12-01 04:00:00+00:00,2026-12-01 05:00:00+00:00
2026-12-02,2026-12-02 01:30:00+00:00,2026-12-02 08:00:00+00:00,2026-12-02 01:00:00+00:00,2026-12-02 08:15:00+00:00,2026-12-02 04:00:00+00:00,2026-12-02 05:00:00+00:00
2026-12-03,2026-12-03 01:30:00+00:00,2026-12-03 08:00:00+00:00,2026-12-03 01:00:00+00:00,2026-12-03 08:15:00+00:00,2026-12-03 04:00:00+00:00,2026-12-03 05:00:00+00:00
2026-12-04,2026-12-04 01:30:00+00:00,2026-12-04 08:00:00+00:00,2026-12-04 01:00:00+00:00,2026-12-04 08:15:00+00:00,2026-12-04 04:00:00+00:00,2026-12-04 05:00:00+00:00
2026-12-07,2026-12-07 01:30:00+00:00,2026-12-07 08:00:00+00:00,2026-12-07 01:00:00+00:00,2026-12-07 08:15:00+00:00,2026-12-07 04:00:00+00:00,2026-12-07 05:00:00+00:00
2026-12-08,2026-12-08 01:30:00+00:00,2026-12-08 08:00:00+00:00,2026-12-08 01:00:00+00:00,2026-12-08 08:15:00+00:00,2026-12-08 04:00:00+00:00,2026-12-08 05:00:00+00:00
2026-12-09,2026-12-09 01:30:00+00:00,2026-12-09 08:00:00+00:00,2026-12-09 01:00:00+00:00,2026-12-09 08:15:00+00:00,2026-12-09 04:00:00+00:00,2026-12-09 05:00:00+00:00
2026-12-10,2026-12-10 01:30:00+00:00,2026-12-10 08:00:00+00:00,2026-12-10 01:00:00+00:00,2026-12-10 08:15:00+00:00,2026-12-10 04:00:00+00:00,2026-12-10 05:00:00+00:00
2026-12-11,2026-12-11 01:30:00+00:00,2026-12-11 08:00:00+00:00,2026-12-11 01:00:00+00:00,2026-12-11 08:15:00+00:00,2026-12-11 04:00:00+00:00,2026-12-11 05:00:00+00:00
2026-12-14,2026-12-14 01:30:00+00:00,2026-12-14 08:00:00+00:00,2026-12-14 01:00:00+00:00,2026-12-14 08:15:00+00:00,2026-12-14 04:00:00+00:00,2026-12-14 05:00:00+00:00
2026-12-15,2026-12-15 01:30:00+00:00,2026-12-15 08:00:00+00:00,2026-12-15 01:00:00+00:00,2026-12-15 08:15:00+00:00,2026-12-15 04:00:00+00:00,2026-12-15 05:00:00+00:00
2026-12-16,2026-12-16 01:30:00+00:00,2026-12-16 08:00:00+00:00,2026-12-16 01:00:00+00:00,2026-12-16 08:15:00+00:00,2026-12-16 04:00:00+00:00,2026-12-16 05:00:00+00:00
2026-12-17,2026-12-17 01:30:00+00:00,2026-12-17 08:00:00+00:00,2026-12-17 01:00:00+00:00,2026-12-17 08:15:00+00:00,2026-12-17 04:00:00+00:00,2026-12-17 05:00:00+00:00
2026-12-18,2026-12-18 01:30:00+00:00,2026-12-18 08:00:00+00:00,2026-12-18 01:00:00+00:00,2026-12-18 08:15:00+00:00,2026-12-18 04:00:00+00:00,2026-12-18 05:00:00+00:00
2026-12-21,2026-12-21 01:30:00+00:00,2026-12-21 08:00:00+00:00,2026-12-21 01:00:00+00:00,2026-12-21 08:15:00+00:00,2026-12-21 04:00:00+00:00,2026-12-21 05:00:00+00:00
2026-12-22,2026-12-22 01:30:00+00:00,2026-12-22 08:00:00+00:00,2026-12-22 01:00:00+00:00,2026-12-22 08:15:00+00:00,2026-12-22 04:00:00+00:00,2026-12-22 05:00:00+00:00
2026-12-23,2026-12-23 01:30:00+00:00,2026-12-23 08:00:00+00:00,2026-12-23 01:00:00+00:00,2026-12-23 08:15:00+00:00,2026-12-23 04:00:00+00:00,2026-12-23 05:00:00+00:00
2026-12-24,2026-12-24 01:30:00+00:00,2026-12-24 04:00:00+00:00,2026-12-24 01:00:00+00:00,2026-12-24 04:15:00+00:00,,
2026-12-28,2026-12-28 01:30:00+00:00,2026-12-28 08:00:00+00:00,2026-12-28 01:00:00+00:00,2026-12-28 08:15:00+00:00,2026-12-28 04:00:00+00:00,2026-12-28 05:00:00+00:00
2026-12-29,2026-12-29 01:30:00+00:00,2026-12-29 08:00:00+00:00,2026-12-29 01:00:00+00:00,2026-12-29 08:15:00+00:00,2026-12-29 04:00:00+00:00,2026-12-29 05:00:00+00:00
2026-12-30,2026-12-30 01:30:00+00:00,2026-12-30 08:00:00+00:00,2026-12-30 01:00:00+00:00,2026-12-30 08:15:00+00:00,2026-12-30 04:00:00+00:00,2026-12-30 05:00:00+00:00
2026-12-31,2026-12-31 01:30:00+00:00,2026-12-31 04:00:00+00:00,2026-12-31 01:00:00+00:00,2026-12-31 04:15:00+00:00,,
